,index,constraint,fold,model,overfit,task,test,tool,train,val,seed
50,50,3600s8c32G,0,best_ensemble_model,,Albert,0.688106,autosklearn,,,0
51,51,3600s8c32G,1,best_ensemble_model,,Albert,0.688153,autosklearn,,,0
52,52,3600s8c32G,2,best_ensemble_model,,Albert,0.692809,autosklearn,,,0
53,53,3600s8c32G,3,best_ensemble_model,,Albert,0.687729,autosklearn,,,0
54,54,3600s8c32G,4,best_ensemble_model,,Albert,0.692244,autosklearn,,,0
55,55,3600s8c32G,0,best_ensemble_model,,Australian,0.8624790000000001,autosklearn,,,0
56,56,3600s8c32G,1,best_ensemble_model,,Australian,0.8637520000000001,autosklearn,,,0
57,57,3600s8c32G,2,best_ensemble_model,,Australian,0.833192,autosklearn,,,0
58,58,3600s8c32G,3,best_ensemble_model,,Australian,0.833192,autosklearn,,,0
59,59,3600s8c32G,4,best_ensemble_model,,Australian,0.8989809999999999,autosklearn,,,0
60,60,3600s8c32G,0,best_ensemble_model,,MiniBooNE,0.939516,autosklearn,,,0
61,61,3600s8c32G,1,best_ensemble_model,,MiniBooNE,0.939296,autosklearn,,,0
62,62,3600s8c32G,2,best_ensemble_model,,MiniBooNE,0.941796,autosklearn,,,0
63,63,3600s8c32G,3,best_ensemble_model,,MiniBooNE,0.942113,autosklearn,,,0
64,64,3600s8c32G,4,best_ensemble_model,,MiniBooNE,0.942563,autosklearn,,,0
65,65,3600s8c32G,0,best_ensemble_model,,adult,0.846849,autosklearn,,,0
66,66,3600s8c32G,1,best_ensemble_model,,adult,0.8356959999999999,autosklearn,,,0
67,67,3600s8c32G,2,best_ensemble_model,,adult,0.8495520000000001,autosklearn,,,0
68,68,3600s8c32G,3,best_ensemble_model,,adult,0.8426530000000001,autosklearn,,,0
69,69,3600s8c32G,4,best_ensemble_model,,adult,0.838825,autosklearn,,,0
70,70,3600s8c32G,0,best_ensemble_model,,cnae-9,0.972222,autosklearn,,,0
71,71,3600s8c32G,1,best_ensemble_model,,cnae-9,0.907407,autosklearn,,,0
72,72,3600s8c32G,2,best_ensemble_model,,cnae-9,0.972222,autosklearn,,,0
73,73,3600s8c32G,3,best_ensemble_model,,cnae-9,0.925926,autosklearn,,,0
74,74,3600s8c32G,4,best_ensemble_model,,cnae-9,0.962963,autosklearn,,,0
75,75,3600s8c32G,0,best_ensemble_model,,connect-4,0.766238,autosklearn,,,0
76,76,3600s8c32G,1,best_ensemble_model,,connect-4,0.767057,autosklearn,,,0
77,77,3600s8c32G,2,best_ensemble_model,,connect-4,0.779479,autosklearn,,,0
78,78,3600s8c32G,3,best_ensemble_model,,connect-4,0.7553880000000001,autosklearn,,,0
79,79,3600s8c32G,4,best_ensemble_model,,connect-4,0.770562,autosklearn,,,0
80,80,3600s8c32G,0,best_ensemble_model,,higgs,0.734556,autosklearn,,,0
81,81,3600s8c32G,1,best_ensemble_model,,higgs,0.724589,autosklearn,,,0
82,82,3600s8c32G,2,best_ensemble_model,,higgs,0.733252,autosklearn,,,0
83,83,3600s8c32G,3,best_ensemble_model,,higgs,0.734391,autosklearn,,,0
84,84,3600s8c32G,4,best_ensemble_model,,higgs,0.73559,autosklearn,,,0
85,85,3600s8c32G,0,best_ensemble_model,,kr-vs-kp,0.993738,autosklearn,,,0
86,86,3600s8c32G,1,best_ensemble_model,,kr-vs-kp,0.988024,autosklearn,,,0
87,87,3600s8c32G,2,best_ensemble_model,,kr-vs-kp,0.996732,autosklearn,,,0
88,88,3600s8c32G,3,best_ensemble_model,,kr-vs-kp,0.997006,autosklearn,,,0
89,89,3600s8c32G,4,best_ensemble_model,,kr-vs-kp,1.0,autosklearn,,,0
90,90,3600s8c32G,0,best_ensemble_model,,segment,0.991342,autosklearn,,,0
91,91,3600s8c32G,1,best_ensemble_model,,segment,0.982684,autosklearn,,,0
92,92,3600s8c32G,2,best_ensemble_model,,segment,0.991342,autosklearn,,,0
93,93,3600s8c32G,3,best_ensemble_model,,segment,0.987013,autosklearn,,,0
94,94,3600s8c32G,4,best_ensemble_model,,segment,1.0,autosklearn,,,0
95,95,3600s8c32G,0,best_ensemble_model,,vehicle,0.906926,autosklearn,,,0
96,96,3600s8c32G,1,best_ensemble_model,,vehicle,0.8138529999999999,autosklearn,,,0
97,97,3600s8c32G,2,best_ensemble_model,,vehicle,0.847348,autosklearn,,,0
98,98,3600s8c32G,3,best_ensemble_model,,vehicle,0.848485,autosklearn,,,0
99,99,3600s8c32G,4,best_ensemble_model,,vehicle,0.8614719999999999,autosklearn,,,0
400,400,3600s8c32G,0,best_ensemble_model,,Albert,0.6880109999999999,autosklearn_constantlier,,,0
401,401,3600s8c32G,1,best_ensemble_model,,Albert,0.688811,autosklearn_constantlier,,,0
402,402,3600s8c32G,2,best_ensemble_model,,Albert,0.691445,autosklearn_constantlier,,,0
403,403,3600s8c32G,3,best_ensemble_model,,Albert,0.687823,autosklearn_constantlier,,,0
404,404,3600s8c32G,4,best_ensemble_model,,Albert,0.690128,autosklearn_constantlier,,,0
405,405,3600s8c32G,0,best_ensemble_model,,Australian,0.8756370000000001,autosklearn_constantlier,,,0
406,406,3600s8c32G,1,best_ensemble_model,,Australian,0.8476229999999999,autosklearn_constantlier,,,0
407,407,3600s8c32G,2,best_ensemble_model,,Australian,0.817063,autosklearn_constantlier,,,0
408,408,3600s8c32G,3,best_ensemble_model,,Australian,0.833192,autosklearn_constantlier,,,0
409,409,3600s8c32G,4,best_ensemble_model,,Australian,0.8858229999999999,autosklearn_constantlier,,,0
410,410,3600s8c32G,0,best_ensemble_model,,MiniBooNE,0.939048,autosklearn_constantlier,,,0
411,411,3600s8c32G,1,best_ensemble_model,,MiniBooNE,0.940593,autosklearn_constantlier,,,0
412,412,3600s8c32G,2,best_ensemble_model,,MiniBooNE,0.942429,autosklearn_constantlier,,,0
413,413,3600s8c32G,3,best_ensemble_model,,MiniBooNE,0.942883,autosklearn_constantlier,,,0
414,414,3600s8c32G,4,best_ensemble_model,,MiniBooNE,0.946356,autosklearn_constantlier,,,0
415,415,3600s8c32G,0,best_ensemble_model,,adult,0.8481040000000001,autosklearn_constantlier,,,0
416,416,3600s8c32G,1,best_ensemble_model,,adult,0.835009,autosklearn_constantlier,,,0
417,417,3600s8c32G,2,best_ensemble_model,,adult,0.8507379999999999,autosklearn_constantlier,,,0
418,418,3600s8c32G,3,best_ensemble_model,,adult,0.842469,autosklearn_constantlier,,,0
419,419,3600s8c32G,4,best_ensemble_model,,adult,0.8360360000000001,autosklearn_constantlier,,,0
420,420,3600s8c32G,0,best_ensemble_model,,cnae-9,0.962963,autosklearn_constantlier,,,0
421,421,3600s8c32G,1,best_ensemble_model,,cnae-9,0.925926,autosklearn_constantlier,,,0
422,422,3600s8c32G,2,best_ensemble_model,,cnae-9,0.962963,autosklearn_constantlier,,,0
423,423,3600s8c32G,3,best_ensemble_model,,cnae-9,0.935185,autosklearn_constantlier,,,0
424,424,3600s8c32G,4,best_ensemble_model,,cnae-9,0.972222,autosklearn_constantlier,,,0
425,425,3600s8c32G,0,best_ensemble_model,,connect-4,0.7556390000000001,autosklearn_constantlier,,,0
426,426,3600s8c32G,1,best_ensemble_model,,connect-4,0.765871,autosklearn_constantlier,,,0
427,427,3600s8c32G,2,best_ensemble_model,,connect-4,0.768211,autosklearn_constantlier,,,0
428,428,3600s8c32G,3,best_ensemble_model,,connect-4,0.759549,autosklearn_constantlier,,,0
429,429,3600s8c32G,4,best_ensemble_model,,connect-4,0.7601680000000001,autosklearn_constantlier,,,0
430,430,3600s8c32G,0,best_ensemble_model,,higgs,0.733758,autosklearn_constantlier,,,0
431,431,3600s8c32G,1,best_ensemble_model,,higgs,0.719695,autosklearn_constantlier,,,0
432,432,3600s8c32G,2,best_ensemble_model,,higgs,0.730193,autosklearn_constantlier,,,0
433,433,3600s8c32G,3,best_ensemble_model,,higgs,0.7310939999999999,autosklearn_constantlier,,,0
434,434,3600s8c32G,4,best_ensemble_model,,higgs,0.7365729999999999,autosklearn_constantlier,,,0
435,435,3600s8c32G,0,best_ensemble_model,,kr-vs-kp,0.996732,autosklearn_constantlier,,,0
436,436,3600s8c32G,1,best_ensemble_model,,kr-vs-kp,0.991018,autosklearn_constantlier,,,0
437,437,3600s8c32G,2,best_ensemble_model,,kr-vs-kp,0.996732,autosklearn_constantlier,,,0
438,438,3600s8c32G,3,best_ensemble_model,,kr-vs-kp,0.997006,autosklearn_constantlier,,,0
439,439,3600s8c32G,4,best_ensemble_model,,kr-vs-kp,1.0,autosklearn_constantlier,,,0
440,440,3600s8c32G,0,best_ensemble_model,,segment,0.991342,autosklearn_constantlier,,,0
441,441,3600s8c32G,1,best_ensemble_model,,segment,0.982684,autosklearn_constantlier,,,0
442,442,3600s8c32G,2,best_ensemble_model,,segment,0.987013,autosklearn_constantlier,,,0
443,443,3600s8c32G,3,best_ensemble_model,,segment,0.987013,autosklearn_constantlier,,,0
444,444,3600s8c32G,4,best_ensemble_model,,segment,1.0,autosklearn_constantlier,,,0
445,445,3600s8c32G,0,best_ensemble_model,,vehicle,0.824675,autosklearn_constantlier,,,0
446,446,3600s8c32G,1,best_ensemble_model,,vehicle,0.8371209999999999,autosklearn_constantlier,,,0
447,447,3600s8c32G,2,best_ensemble_model,,vehicle,0.791126,autosklearn_constantlier,,,0
448,448,3600s8c32G,3,best_ensemble_model,,vehicle,0.8490260000000001,autosklearn_constantlier,,,0
449,449,3600s8c32G,4,best_ensemble_model,,vehicle,0.8376620000000001,autosklearn_constantlier,,,0
500,50,3600s8c32G,0,best_ensemble_model,,Albert,0.686742,autosklearn,,,1
501,51,3600s8c32G,1,best_ensemble_model,,Albert,0.689469,autosklearn,,,1
502,52,3600s8c32G,2,best_ensemble_model,,Albert,0.691116,autosklearn,,,1
503,53,3600s8c32G,3,best_ensemble_model,,Albert,0.6869770000000001,autosklearn,,,1
504,54,3600s8c32G,4,best_ensemble_model,,Albert,0.690645,autosklearn,,,1
505,55,3600s8c32G,0,best_ensemble_model,,Australian,0.8726659999999999,autosklearn,,,1
506,56,3600s8c32G,1,best_ensemble_model,,Australian,0.8476229999999999,autosklearn,,,1
507,57,3600s8c32G,2,best_ensemble_model,,Australian,0.84635,autosklearn,,,1
508,58,3600s8c32G,3,best_ensemble_model,,Australian,0.8433790000000001,autosklearn,,,1
509,59,3600s8c32G,4,best_ensemble_model,,Australian,0.8989809999999999,autosklearn,,,1
510,60,3600s8c32G,0,best_ensemble_model,,MiniBooNE,0.943501,autosklearn,,,1
511,61,3600s8c32G,1,best_ensemble_model,,MiniBooNE,0.939407,autosklearn,,,1
512,62,3600s8c32G,2,best_ensemble_model,,MiniBooNE,0.939614,autosklearn,,,1
513,63,3600s8c32G,3,best_ensemble_model,,MiniBooNE,0.94401,autosklearn,,,1
514,64,3600s8c32G,4,best_ensemble_model,,MiniBooNE,0.945657,autosklearn,,,1
515,65,3600s8c32G,0,best_ensemble_model,,adult,0.846893,autosklearn,,,1
516,66,3600s8c32G,1,best_ensemble_model,,adult,0.8358780000000001,autosklearn,,,1
517,67,3600s8c32G,2,best_ensemble_model,,adult,0.8497469999999999,autosklearn,,,1
518,68,3600s8c32G,3,best_ensemble_model,,adult,0.841088,autosklearn,,,1
519,69,3600s8c32G,4,best_ensemble_model,,adult,0.833333,autosklearn,,,1
520,70,3600s8c32G,0,best_ensemble_model,,cnae-9,0.972222,autosklearn,,,1
521,71,3600s8c32G,1,best_ensemble_model,,cnae-9,0.907407,autosklearn,,,1
522,72,3600s8c32G,2,best_ensemble_model,,cnae-9,0.962963,autosklearn,,,1
523,73,3600s8c32G,3,best_ensemble_model,,cnae-9,0.935185,autosklearn,,,1
524,74,3600s8c32G,4,best_ensemble_model,,cnae-9,0.972222,autosklearn,,,1
525,75,3600s8c32G,0,best_ensemble_model,,connect-4,0.757027,autosklearn,,,1
526,76,3600s8c32G,1,best_ensemble_model,,connect-4,0.761053,autosklearn,,,1
527,77,3600s8c32G,2,best_ensemble_model,,connect-4,0.78587,autosklearn,,,1
528,78,3600s8c32G,3,best_ensemble_model,,connect-4,0.7631399999999999,autosklearn,,,1
529,79,3600s8c32G,4,best_ensemble_model,,connect-4,0.769844,autosklearn,,,1
530,80,3600s8c32G,0,best_ensemble_model,,higgs,0.735847,autosklearn,,,1
531,81,3600s8c32G,1,best_ensemble_model,,higgs,0.725057,autosklearn,,,1
532,82,3600s8c32G,2,best_ensemble_model,,higgs,0.732689,autosklearn,,,1
533,83,3600s8c32G,3,best_ensemble_model,,higgs,0.73072,autosklearn,,,1
534,84,3600s8c32G,4,best_ensemble_model,,higgs,0.7352920000000001,autosklearn,,,1
535,85,3600s8c32G,0,best_ensemble_model,,kr-vs-kp,1.0,autosklearn,,,1
536,86,3600s8c32G,1,best_ensemble_model,,kr-vs-kp,0.988024,autosklearn,,,1
537,87,3600s8c32G,2,best_ensemble_model,,kr-vs-kp,0.996732,autosklearn,,,1
538,88,3600s8c32G,3,best_ensemble_model,,kr-vs-kp,1.0,autosklearn,,,1
539,89,3600s8c32G,4,best_ensemble_model,,kr-vs-kp,1.0,autosklearn,,,1
540,90,3600s8c32G,0,best_ensemble_model,,segment,0.987013,autosklearn,,,1
541,91,3600s8c32G,1,best_ensemble_model,,segment,0.987013,autosklearn,,,1
542,92,3600s8c32G,2,best_ensemble_model,,segment,0.995671,autosklearn,,,1
543,93,3600s8c32G,3,best_ensemble_model,,segment,0.995671,autosklearn,,,1
544,94,3600s8c32G,4,best_ensemble_model,,segment,1.0,autosklearn,,,1
545,95,3600s8c32G,0,best_ensemble_model,,vehicle,0.858712,autosklearn,,,1
546,96,3600s8c32G,1,best_ensemble_model,,vehicle,0.8138529999999999,autosklearn,,,1
547,97,3600s8c32G,2,best_ensemble_model,,vehicle,0.825216,autosklearn,,,1
548,98,3600s8c32G,3,best_ensemble_model,,vehicle,0.86039,autosklearn,,,1
549,99,3600s8c32G,4,best_ensemble_model,,vehicle,0.884199,autosklearn,,,1
850,400,3600s8c32G,0,best_ensemble_model,,Albert,0.686836,autosklearn_constantlier,,,1
851,401,3600s8c32G,1,best_ensemble_model,,Albert,0.688529,autosklearn_constantlier,,,1
852,402,3600s8c32G,2,best_ensemble_model,,Albert,0.6946899999999999,autosklearn_constantlier,,,1
853,403,3600s8c32G,3,best_ensemble_model,,Albert,0.687353,autosklearn_constantlier,,,1
854,404,3600s8c32G,4,best_ensemble_model,,Albert,0.6908569999999999,autosklearn_constantlier,,,1
855,405,3600s8c32G,0,best_ensemble_model,,Australian,0.8756370000000001,autosklearn_constantlier,,,1
856,406,3600s8c32G,1,best_ensemble_model,,Australian,0.8476229999999999,autosklearn_constantlier,,,1
857,407,3600s8c32G,2,best_ensemble_model,,Australian,0.817063,autosklearn_constantlier,,,1
858,408,3600s8c32G,3,best_ensemble_model,,Australian,0.84635,autosklearn_constantlier,,,1
859,409,3600s8c32G,4,best_ensemble_model,,Australian,0.8828520000000001,autosklearn_constantlier,,,1
860,410,3600s8c32G,0,best_ensemble_model,,MiniBooNE,0.937879,autosklearn_constantlier,,,1
861,411,3600s8c32G,1,best_ensemble_model,,MiniBooNE,0.939787,autosklearn_constantlier,,,1
862,412,3600s8c32G,2,best_ensemble_model,,MiniBooNE,0.941512,autosklearn_constantlier,,,1
863,413,3600s8c32G,3,best_ensemble_model,,MiniBooNE,0.947419,autosklearn_constantlier,,,1
864,414,3600s8c32G,4,best_ensemble_model,,MiniBooNE,0.945719,autosklearn_constantlier,,,1
865,415,3600s8c32G,0,best_ensemble_model,,adult,0.8466040000000001,autosklearn_constantlier,,,1
866,416,3600s8c32G,1,best_ensemble_model,,adult,0.839339,autosklearn_constantlier,,,1
867,417,3600s8c32G,2,best_ensemble_model,,adult,0.846665,autosklearn_constantlier,,,1
868,418,3600s8c32G,3,best_ensemble_model,,adult,0.841369,autosklearn_constantlier,,,1
869,419,3600s8c32G,4,best_ensemble_model,,adult,0.836794,autosklearn_constantlier,,,1
870,420,3600s8c32G,0,best_ensemble_model,,cnae-9,0.944444,autosklearn_constantlier,,,1
871,421,3600s8c32G,1,best_ensemble_model,,cnae-9,0.925926,autosklearn_constantlier,,,1
872,422,3600s8c32G,2,best_ensemble_model,,cnae-9,0.972222,autosklearn_constantlier,,,1
873,423,3600s8c32G,3,best_ensemble_model,,cnae-9,0.935185,autosklearn_constantlier,,,1
874,424,3600s8c32G,4,best_ensemble_model,,cnae-9,0.962963,autosklearn_constantlier,,,1
875,425,3600s8c32G,0,best_ensemble_model,,connect-4,0.7618060000000001,autosklearn_constantlier,,,1
876,426,3600s8c32G,1,best_ensemble_model,,connect-4,0.75598,autosklearn_constantlier,,,1
877,427,3600s8c32G,2,best_ensemble_model,,connect-4,0.782755,autosklearn_constantlier,,,1
878,428,3600s8c32G,3,best_ensemble_model,,connect-4,0.76474,autosklearn_constantlier,,,1
879,429,3600s8c32G,4,best_ensemble_model,,connect-4,0.761432,autosklearn_constantlier,,,1
880,430,3600s8c32G,0,best_ensemble_model,,higgs,0.734212,autosklearn_constantlier,,,1
881,431,3600s8c32G,1,best_ensemble_model,,higgs,0.722599,autosklearn_constantlier,,,1
882,432,3600s8c32G,2,best_ensemble_model,,higgs,0.729128,autosklearn_constantlier,,,1
883,433,3600s8c32G,3,best_ensemble_model,,higgs,0.7336560000000001,autosklearn_constantlier,,,1
884,434,3600s8c32G,4,best_ensemble_model,,higgs,0.73224,autosklearn_constantlier,,,1
885,435,3600s8c32G,0,best_ensemble_model,,kr-vs-kp,0.993738,autosklearn_constantlier,,,1
886,436,3600s8c32G,1,best_ensemble_model,,kr-vs-kp,0.991018,autosklearn_constantlier,,,1
887,437,3600s8c32G,2,best_ensemble_model,,kr-vs-kp,0.996732,autosklearn_constantlier,,,1
888,438,3600s8c32G,3,best_ensemble_model,,kr-vs-kp,0.997006,autosklearn_constantlier,,,1
889,439,3600s8c32G,4,best_ensemble_model,,kr-vs-kp,1.0,autosklearn_constantlier,,,1
890,440,3600s8c32G,0,best_ensemble_model,,segment,0.987013,autosklearn_constantlier,,,1
891,441,3600s8c32G,1,best_ensemble_model,,segment,0.982684,autosklearn_constantlier,,,1
892,442,3600s8c32G,2,best_ensemble_model,,segment,0.991342,autosklearn_constantlier,,,1
893,443,3600s8c32G,3,best_ensemble_model,,segment,0.995671,autosklearn_constantlier,,,1
894,444,3600s8c32G,4,best_ensemble_model,,segment,1.0,autosklearn_constantlier,,,1
895,445,3600s8c32G,0,best_ensemble_model,,vehicle,0.8955629999999999,autosklearn_constantlier,,,1
896,446,3600s8c32G,1,best_ensemble_model,,vehicle,0.825216,autosklearn_constantlier,,,1
897,447,3600s8c32G,2,best_ensemble_model,,vehicle,0.847944,autosklearn_constantlier,,,1
898,448,3600s8c32G,3,best_ensemble_model,,vehicle,0.8138529999999999,autosklearn_constantlier,,,1
899,449,3600s8c32G,4,best_ensemble_model,,vehicle,0.896645,autosklearn_constantlier,,,1
950,50,3600s8c32G,0,best_ensemble_model,,Albert,0.688106,autosklearn,,,2
951,51,3600s8c32G,1,best_ensemble_model,,Albert,0.689822,autosklearn,,,2
952,52,3600s8c32G,2,best_ensemble_model,,Albert,0.690975,autosklearn,,,2
953,53,3600s8c32G,3,best_ensemble_model,,Albert,0.68787,autosklearn,,,2
954,54,3600s8c32G,4,best_ensemble_model,,Albert,0.690175,autosklearn,,,2
955,55,3600s8c32G,0,best_ensemble_model,,Australian,0.8756370000000001,autosklearn,,,2
956,56,3600s8c32G,1,best_ensemble_model,,Australian,0.8374360000000001,autosklearn,,,2
957,57,3600s8c32G,2,best_ensemble_model,,Australian,0.833192,autosklearn,,,2
958,58,3600s8c32G,3,best_ensemble_model,,Australian,0.833192,autosklearn,,,2
959,59,3600s8c32G,4,best_ensemble_model,,Australian,0.8989809999999999,autosklearn,,,2
960,60,3600s8c32G,0,best_ensemble_model,,MiniBooNE,0.941272,autosklearn,,,2
961,61,3600s8c32G,1,best_ensemble_model,,MiniBooNE,0.94092,autosklearn,,,2
962,62,3600s8c32G,2,best_ensemble_model,,MiniBooNE,0.94135,autosklearn,,,2
963,63,3600s8c32G,3,best_ensemble_model,,MiniBooNE,0.947463,autosklearn,,,2
964,64,3600s8c32G,4,best_ensemble_model,,MiniBooNE,0.944952,autosklearn,,,2
965,65,3600s8c32G,0,best_ensemble_model,,adult,0.848849,autosklearn,,,2
966,66,3600s8c32G,1,best_ensemble_model,,adult,0.838248,autosklearn,,,2
967,67,3600s8c32G,2,best_ensemble_model,,adult,0.85108,autosklearn,,,2
968,68,3600s8c32G,3,best_ensemble_model,,adult,0.8443290000000001,autosklearn,,,2
969,69,3600s8c32G,4,best_ensemble_model,,adult,0.8375040000000001,autosklearn,,,2
970,70,3600s8c32G,0,best_ensemble_model,,cnae-9,0.962963,autosklearn,,,2
971,71,3600s8c32G,1,best_ensemble_model,,cnae-9,0.944444,autosklearn,,,2
972,72,3600s8c32G,2,best_ensemble_model,,cnae-9,0.962963,autosklearn,,,2
973,73,3600s8c32G,3,best_ensemble_model,,cnae-9,0.944444,autosklearn,,,2
974,74,3600s8c32G,4,best_ensemble_model,,cnae-9,0.962963,autosklearn,,,2
975,75,3600s8c32G,0,best_ensemble_model,,connect-4,0.765991,autosklearn,,,2
976,76,3600s8c32G,1,best_ensemble_model,,connect-4,0.759161,autosklearn,,,2
977,77,3600s8c32G,2,best_ensemble_model,,connect-4,0.779802,autosklearn,,,2
978,78,3600s8c32G,3,best_ensemble_model,,connect-4,0.7721520000000001,autosklearn,,,2
979,79,3600s8c32G,4,best_ensemble_model,,connect-4,0.778388,autosklearn,,,2
980,80,3600s8c32G,0,best_ensemble_model,,higgs,0.7366050000000001,autosklearn,,,2
981,81,3600s8c32G,1,best_ensemble_model,,higgs,0.723594,autosklearn,,,2
982,82,3600s8c32G,2,best_ensemble_model,,higgs,0.7366739999999999,autosklearn,,,2
983,83,3600s8c32G,3,best_ensemble_model,,higgs,0.727731,autosklearn,,,2
984,84,3600s8c32G,4,best_ensemble_model,,higgs,0.733891,autosklearn,,,2
985,85,3600s8c32G,0,best_ensemble_model,,kr-vs-kp,0.993738,autosklearn,,,2
986,86,3600s8c32G,1,best_ensemble_model,,kr-vs-kp,0.991018,autosklearn,,,2
987,87,3600s8c32G,2,best_ensemble_model,,kr-vs-kp,0.996732,autosklearn,,,2
988,88,3600s8c32G,3,best_ensemble_model,,kr-vs-kp,1.0,autosklearn,,,2
989,89,3600s8c32G,4,best_ensemble_model,,kr-vs-kp,1.0,autosklearn,,,2
990,90,3600s8c32G,0,best_ensemble_model,,segment,0.991342,autosklearn,,,2
991,91,3600s8c32G,1,best_ensemble_model,,segment,0.987013,autosklearn,,,2
992,92,3600s8c32G,2,best_ensemble_model,,segment,0.995671,autosklearn,,,2
993,93,3600s8c32G,3,best_ensemble_model,,segment,0.995671,autosklearn,,,2
994,94,3600s8c32G,4,best_ensemble_model,,segment,1.0,autosklearn,,,2
995,95,3600s8c32G,0,best_ensemble_model,,vehicle,0.8830629999999999,autosklearn,,,2
996,96,3600s8c32G,1,best_ensemble_model,,vehicle,0.789989,autosklearn,,,2
997,97,3600s8c32G,2,best_ensemble_model,,vehicle,0.8371209999999999,autosklearn,,,2
998,98,3600s8c32G,3,best_ensemble_model,,vehicle,0.8490260000000001,autosklearn,,,2
999,99,3600s8c32G,4,best_ensemble_model,,vehicle,0.8614719999999999,autosklearn,,,2
1300,400,3600s8c32G,0,best_ensemble_model,,Albert,0.6873060000000001,autosklearn_constantlier,,,2
1301,401,3600s8c32G,1,best_ensemble_model,,Albert,0.688529,autosklearn_constantlier,,,2
1302,402,3600s8c32G,2,best_ensemble_model,,Albert,0.691351,autosklearn_constantlier,,,2
1303,403,3600s8c32G,3,best_ensemble_model,,Albert,0.688129,autosklearn_constantlier,,,2
1304,404,3600s8c32G,4,best_ensemble_model,,Albert,0.689399,autosklearn_constantlier,,,2
1305,405,3600s8c32G,0,best_ensemble_model,,Australian,0.8858229999999999,autosklearn_constantlier,,,2
1306,406,3600s8c32G,1,best_ensemble_model,,Australian,0.8476229999999999,autosklearn_constantlier,,,2
1307,407,3600s8c32G,2,best_ensemble_model,,Australian,0.84635,autosklearn_constantlier,,,2
1308,408,3600s8c32G,3,best_ensemble_model,,Australian,0.833192,autosklearn_constantlier,,,2
1309,409,3600s8c32G,4,best_ensemble_model,,Australian,0.8989809999999999,autosklearn_constantlier,,,2
1310,410,3600s8c32G,0,best_ensemble_model,,MiniBooNE,0.938116,autosklearn_constantlier,,,2
1311,411,3600s8c32G,1,best_ensemble_model,,MiniBooNE,0.943287,autosklearn_constantlier,,,2
1312,412,3600s8c32G,2,best_ensemble_model,,MiniBooNE,0.939092,autosklearn_constantlier,,,2
1313,413,3600s8c32G,3,best_ensemble_model,,MiniBooNE,0.946948,autosklearn_constantlier,,,2
1314,414,3600s8c32G,4,best_ensemble_model,,MiniBooNE,0.941966,autosklearn_constantlier,,,2
1315,415,3600s8c32G,0,best_ensemble_model,,adult,0.846576,autosklearn_constantlier,,,2
1316,416,3600s8c32G,1,best_ensemble_model,,adult,0.8384209999999999,autosklearn_constantlier,,,2
1317,417,3600s8c32G,2,best_ensemble_model,,adult,0.8521690000000001,autosklearn_constantlier,,,2
1318,418,3600s8c32G,3,best_ensemble_model,,adult,0.84198,autosklearn_constantlier,,,2
1319,419,3600s8c32G,4,best_ensemble_model,,adult,0.834568,autosklearn_constantlier,,,2
1320,420,3600s8c32G,0,best_ensemble_model,,cnae-9,0.962963,autosklearn_constantlier,,,2
1321,421,3600s8c32G,1,best_ensemble_model,,cnae-9,0.935185,autosklearn_constantlier,,,2
1322,422,3600s8c32G,2,best_ensemble_model,,cnae-9,0.962963,autosklearn_constantlier,,,2
1323,423,3600s8c32G,3,best_ensemble_model,,cnae-9,0.935185,autosklearn_constantlier,,,2
1324,424,3600s8c32G,4,best_ensemble_model,,cnae-9,0.972222,autosklearn_constantlier,,,2
1325,425,3600s8c32G,0,best_ensemble_model,,connect-4,0.7605109999999999,autosklearn_constantlier,,,2
1326,426,3600s8c32G,1,best_ensemble_model,,connect-4,0.754668,autosklearn_constantlier,,,2
1327,427,3600s8c32G,2,best_ensemble_model,,connect-4,0.782976,autosklearn_constantlier,,,2
1328,428,3600s8c32G,3,best_ensemble_model,,connect-4,0.765904,autosklearn_constantlier,,,2
1329,429,3600s8c32G,4,best_ensemble_model,,connect-4,0.75803,autosklearn_constantlier,,,2
1330,430,3600s8c32G,0,best_ensemble_model,,higgs,0.7363460000000001,autosklearn_constantlier,,,2
1331,431,3600s8c32G,1,best_ensemble_model,,higgs,0.723246,autosklearn_constantlier,,,2
1332,432,3600s8c32G,2,best_ensemble_model,,higgs,0.728537,autosklearn_constantlier,,,2
1333,433,3600s8c32G,3,best_ensemble_model,,higgs,0.731637,autosklearn_constantlier,,,2
1334,434,3600s8c32G,4,best_ensemble_model,,higgs,0.7347239999999999,autosklearn_constantlier,,,2
1335,435,3600s8c32G,0,best_ensemble_model,,kr-vs-kp,0.993738,autosklearn_constantlier,,,2
1336,436,3600s8c32G,1,best_ensemble_model,,kr-vs-kp,0.988024,autosklearn_constantlier,,,2
1337,437,3600s8c32G,2,best_ensemble_model,,kr-vs-kp,0.996732,autosklearn_constantlier,,,2
1338,438,3600s8c32G,3,best_ensemble_model,,kr-vs-kp,1.0,autosklearn_constantlier,,,2
1339,439,3600s8c32G,4,best_ensemble_model,,kr-vs-kp,1.0,autosklearn_constantlier,,,2
1340,440,3600s8c32G,0,best_ensemble_model,,segment,0.991342,autosklearn_constantlier,,,2
1341,441,3600s8c32G,1,best_ensemble_model,,segment,0.982684,autosklearn_constantlier,,,2
1342,442,3600s8c32G,2,best_ensemble_model,,segment,0.991342,autosklearn_constantlier,,,2
1343,443,3600s8c32G,3,best_ensemble_model,,segment,0.995671,autosklearn_constantlier,,,2
1344,444,3600s8c32G,4,best_ensemble_model,,segment,1.0,autosklearn_constantlier,,,2
1345,445,3600s8c32G,0,best_ensemble_model,,vehicle,0.8712120000000001,autosklearn_constantlier,,,2
1346,446,3600s8c32G,1,best_ensemble_model,,vehicle,0.825758,autosklearn_constantlier,,,2
1347,447,3600s8c32G,2,best_ensemble_model,,vehicle,0.802489,autosklearn_constantlier,,,2
1348,448,3600s8c32G,3,best_ensemble_model,,vehicle,0.8138529999999999,autosklearn_constantlier,,,2
1349,449,3600s8c32G,4,best_ensemble_model,,vehicle,0.8614719999999999,autosklearn_constantlier,,,2
1400,50,3600s8c32G,0,best_ensemble_model,,Albert,0.68874,autosklearn,,,3
1401,51,3600s8c32G,1,best_ensemble_model,,Albert,0.689375,autosklearn,,,3
1402,52,3600s8c32G,2,best_ensemble_model,,Albert,0.692291,autosklearn,,,3
1403,53,3600s8c32G,3,best_ensemble_model,,Albert,0.686742,autosklearn,,,3
1404,54,3600s8c32G,4,best_ensemble_model,,Albert,0.689375,autosklearn,,,3
1405,55,3600s8c32G,0,best_ensemble_model,,Australian,0.84635,autosklearn,,,3
1406,56,3600s8c32G,1,best_ensemble_model,,Australian,0.8476229999999999,autosklearn,,,3
1407,57,3600s8c32G,2,best_ensemble_model,,Australian,0.803905,autosklearn,,,3
1408,58,3600s8c32G,3,best_ensemble_model,,Australian,0.811121,autosklearn,,,3
1409,59,3600s8c32G,4,best_ensemble_model,,Australian,0.8858229999999999,autosklearn,,,3
1410,60,3600s8c32G,0,best_ensemble_model,,MiniBooNE,0.939804,autosklearn,,,3
1411,61,3600s8c32G,1,best_ensemble_model,,MiniBooNE,0.939033,autosklearn,,,3
1412,62,3600s8c32G,2,best_ensemble_model,,MiniBooNE,0.94217,autosklearn,,,3
1413,63,3600s8c32G,3,best_ensemble_model,,MiniBooNE,0.944219,autosklearn,,,3
1414,64,3600s8c32G,4,best_ensemble_model,,MiniBooNE,0.945547,autosklearn,,,3
1415,65,3600s8c32G,0,best_ensemble_model,,adult,0.846835,autosklearn,,,3
1416,66,3600s8c32G,1,best_ensemble_model,,adult,0.837834,autosklearn,,,3
1417,67,3600s8c32G,2,best_ensemble_model,,adult,0.8481209999999999,autosklearn,,,3
1418,68,3600s8c32G,3,best_ensemble_model,,adult,0.8420540000000001,autosklearn,,,3
1419,69,3600s8c32G,4,best_ensemble_model,,adult,0.838568,autosklearn,,,3
1420,70,3600s8c32G,0,best_ensemble_model,,cnae-9,0.972222,autosklearn,,,3
1421,71,3600s8c32G,1,best_ensemble_model,,cnae-9,0.916667,autosklearn,,,3
1422,72,3600s8c32G,2,best_ensemble_model,,cnae-9,0.972222,autosklearn,,,3
1423,73,3600s8c32G,3,best_ensemble_model,,cnae-9,0.925926,autosklearn,,,3
1424,74,3600s8c32G,4,best_ensemble_model,,cnae-9,0.953704,autosklearn,,,3
1425,75,3600s8c32G,0,best_ensemble_model,,connect-4,0.7726649999999999,autosklearn,,,3
1426,76,3600s8c32G,1,best_ensemble_model,,connect-4,0.760289,autosklearn,,,3
1427,77,3600s8c32G,2,best_ensemble_model,,connect-4,0.787988,autosklearn,,,3
1428,78,3600s8c32G,3,best_ensemble_model,,connect-4,0.76194,autosklearn,,,3
1429,79,3600s8c32G,4,best_ensemble_model,,connect-4,0.778529,autosklearn,,,3
1430,80,3600s8c32G,0,best_ensemble_model,,higgs,0.7387130000000001,autosklearn,,,3
1431,81,3600s8c32G,1,best_ensemble_model,,higgs,0.721566,autosklearn,,,3
1432,82,3600s8c32G,2,best_ensemble_model,,higgs,0.7336689999999999,autosklearn,,,3
1433,83,3600s8c32G,3,best_ensemble_model,,higgs,0.7344,autosklearn,,,3
1434,84,3600s8c32G,4,best_ensemble_model,,higgs,0.736704,autosklearn,,,3
1435,85,3600s8c32G,0,best_ensemble_model,,kr-vs-kp,0.993738,autosklearn,,,3
1436,86,3600s8c32G,1,best_ensemble_model,,kr-vs-kp,0.988024,autosklearn,,,3
1437,87,3600s8c32G,2,best_ensemble_model,,kr-vs-kp,0.996732,autosklearn,,,3
1438,88,3600s8c32G,3,best_ensemble_model,,kr-vs-kp,1.0,autosklearn,,,3
1439,89,3600s8c32G,4,best_ensemble_model,,kr-vs-kp,1.0,autosklearn,,,3
1440,90,3600s8c32G,0,best_ensemble_model,,segment,0.991342,autosklearn,,,3
1441,91,3600s8c32G,1,best_ensemble_model,,segment,0.982684,autosklearn,,,3
1442,92,3600s8c32G,2,best_ensemble_model,,segment,0.995671,autosklearn,,,3
1443,93,3600s8c32G,3,best_ensemble_model,,segment,0.987013,autosklearn,,,3
1444,94,3600s8c32G,4,best_ensemble_model,,segment,1.0,autosklearn,,,3
1445,95,3600s8c32G,0,best_ensemble_model,,vehicle,0.871158,autosklearn,,,3
1446,96,3600s8c32G,1,best_ensemble_model,,vehicle,0.8138529999999999,autosklearn,,,3
1447,97,3600s8c32G,2,best_ensemble_model,,vehicle,0.836039,autosklearn,,,3
1448,98,3600s8c32G,3,best_ensemble_model,,vehicle,0.860931,autosklearn,,,3
1449,99,3600s8c32G,4,best_ensemble_model,,vehicle,0.8733770000000001,autosklearn,,,3
1750,400,3600s8c32G,0,best_ensemble_model,,Albert,0.687141,autosklearn_constantlier,,,3
1751,401,3600s8c32G,1,best_ensemble_model,,Albert,0.690716,autosklearn_constantlier,,,3
1752,402,3600s8c32G,2,best_ensemble_model,,Albert,0.690763,autosklearn_constantlier,,,3
1753,403,3600s8c32G,3,best_ensemble_model,,Albert,0.687706,autosklearn_constantlier,,,3
1754,404,3600s8c32G,4,best_ensemble_model,,Albert,0.690175,autosklearn_constantlier,,,3
1755,405,3600s8c32G,0,best_ensemble_model,,Australian,0.8595079999999999,autosklearn_constantlier,,,3
1756,406,3600s8c32G,1,best_ensemble_model,,Australian,0.8637520000000001,autosklearn_constantlier,,,3
1757,407,3600s8c32G,2,best_ensemble_model,,Australian,0.82725,autosklearn_constantlier,,,3
1758,408,3600s8c32G,3,best_ensemble_model,,Australian,0.84635,autosklearn_constantlier,,,3
1759,409,3600s8c32G,4,best_ensemble_model,,Australian,0.8858229999999999,autosklearn_constantlier,,,3
1760,410,3600s8c32G,0,best_ensemble_model,,MiniBooNE,0.943024,autosklearn_constantlier,,,3
1761,411,3600s8c32G,1,best_ensemble_model,,MiniBooNE,0.938982,autosklearn_constantlier,,,3
1762,412,3600s8c32G,2,best_ensemble_model,,MiniBooNE,0.938963,autosklearn_constantlier,,,3
1763,413,3600s8c32G,3,best_ensemble_model,,MiniBooNE,0.94749,autosklearn_constantlier,,,3
1764,414,3600s8c32G,4,best_ensemble_model,,MiniBooNE,0.943723,autosklearn_constantlier,,,3
1765,415,3600s8c32G,0,best_ensemble_model,,adult,0.8449129999999999,autosklearn_constantlier,,,3
1766,416,3600s8c32G,1,best_ensemble_model,,adult,0.837051,autosklearn_constantlier,,,3
1767,417,3600s8c32G,2,best_ensemble_model,,adult,0.8504200000000001,autosklearn_constantlier,,,3
1768,418,3600s8c32G,3,best_ensemble_model,,adult,0.841943,autosklearn_constantlier,,,3
1769,419,3600s8c32G,4,best_ensemble_model,,adult,0.835608,autosklearn_constantlier,,,3
1770,420,3600s8c32G,0,best_ensemble_model,,cnae-9,0.953704,autosklearn_constantlier,,,3
1771,421,3600s8c32G,1,best_ensemble_model,,cnae-9,0.8888889999999999,autosklearn_constantlier,,,3
1772,422,3600s8c32G,2,best_ensemble_model,,cnae-9,0.972222,autosklearn_constantlier,,,3
1773,423,3600s8c32G,3,best_ensemble_model,,cnae-9,0.935185,autosklearn_constantlier,,,3
1774,424,3600s8c32G,4,best_ensemble_model,,cnae-9,0.962963,autosklearn_constantlier,,,3
1775,425,3600s8c32G,0,best_ensemble_model,,connect-4,0.755799,autosklearn_constantlier,,,3
1776,426,3600s8c32G,1,best_ensemble_model,,connect-4,0.760684,autosklearn_constantlier,,,3
1777,427,3600s8c32G,2,best_ensemble_model,,connect-4,0.760998,autosklearn_constantlier,,,3
1778,428,3600s8c32G,3,best_ensemble_model,,connect-4,0.754674,autosklearn_constantlier,,,3
1779,429,3600s8c32G,4,best_ensemble_model,,connect-4,0.771093,autosklearn_constantlier,,,3
1780,430,3600s8c32G,0,best_ensemble_model,,higgs,0.737911,autosklearn_constantlier,,,3
1781,431,3600s8c32G,1,best_ensemble_model,,higgs,0.720975,autosklearn_constantlier,,,3
1782,432,3600s8c32G,2,best_ensemble_model,,higgs,0.732325,autosklearn_constantlier,,,3
1783,433,3600s8c32G,3,best_ensemble_model,,higgs,0.730956,autosklearn_constantlier,,,3
1784,434,3600s8c32G,4,best_ensemble_model,,higgs,0.736924,autosklearn_constantlier,,,3
1785,435,3600s8c32G,0,best_ensemble_model,,kr-vs-kp,1.0,autosklearn_constantlier,,,3
1786,436,3600s8c32G,1,best_ensemble_model,,kr-vs-kp,0.991018,autosklearn_constantlier,,,3
1787,437,3600s8c32G,2,best_ensemble_model,,kr-vs-kp,0.996732,autosklearn_constantlier,,,3
1788,438,3600s8c32G,3,best_ensemble_model,,kr-vs-kp,1.0,autosklearn_constantlier,,,3
1789,439,3600s8c32G,4,best_ensemble_model,,kr-vs-kp,1.0,autosklearn_constantlier,,,3
1790,440,3600s8c32G,0,best_ensemble_model,,segment,0.987013,autosklearn_constantlier,,,3
1791,441,3600s8c32G,1,best_ensemble_model,,segment,0.987013,autosklearn_constantlier,,,3
1792,442,3600s8c32G,2,best_ensemble_model,,segment,0.991342,autosklearn_constantlier,,,3
1793,443,3600s8c32G,3,best_ensemble_model,,segment,0.991342,autosklearn_constantlier,,,3
1794,444,3600s8c32G,4,best_ensemble_model,,segment,1.0,autosklearn_constantlier,,,3
1795,445,3600s8c32G,0,best_ensemble_model,,vehicle,0.895022,autosklearn_constantlier,,,3
1796,446,3600s8c32G,1,best_ensemble_model,,vehicle,0.8138529999999999,autosklearn_constantlier,,,3
1797,447,3600s8c32G,2,best_ensemble_model,,vehicle,0.801948,autosklearn_constantlier,,,3
1798,448,3600s8c32G,3,best_ensemble_model,,vehicle,0.8376620000000001,autosklearn_constantlier,,,3
1799,449,3600s8c32G,4,best_ensemble_model,,vehicle,0.872835,autosklearn_constantlier,,,3
1850,50,3600s8c32G,0,best_ensemble_model,,Albert,0.687847,autosklearn,,,4
1851,51,3600s8c32G,1,best_ensemble_model,,Albert,0.6882229999999999,autosklearn,,,4
1852,52,3600s8c32G,2,best_ensemble_model,,Albert,0.688999,autosklearn,,,4
1853,53,3600s8c32G,3,best_ensemble_model,,Albert,0.687612,autosklearn,,,4
1854,54,3600s8c32G,4,best_ensemble_model,,Albert,0.690951,autosklearn,,,4
1855,55,3600s8c32G,0,best_ensemble_model,,Australian,0.8595079999999999,autosklearn,,,4
1856,56,3600s8c32G,1,best_ensemble_model,,Australian,0.815365,autosklearn,,,4
1857,57,3600s8c32G,2,best_ensemble_model,,Australian,0.8433790000000001,autosklearn,,,4
1858,58,3600s8c32G,3,best_ensemble_model,,Australian,0.84635,autosklearn,,,4
1859,59,3600s8c32G,4,best_ensemble_model,,Australian,0.8989809999999999,autosklearn,,,4
1860,60,3600s8c32G,0,best_ensemble_model,,MiniBooNE,0.941148,autosklearn,,,4
1861,61,3600s8c32G,1,best_ensemble_model,,MiniBooNE,0.938097,autosklearn,,,4
1862,62,3600s8c32G,2,best_ensemble_model,,MiniBooNE,0.941902,autosklearn,,,4
1863,63,3600s8c32G,3,best_ensemble_model,,MiniBooNE,0.943386,autosklearn,,,4
1864,64,3600s8c32G,4,best_ensemble_model,,MiniBooNE,0.946291,autosklearn,,,4
1865,65,3600s8c32G,0,best_ensemble_model,,adult,0.848767,autosklearn,,,4
1866,66,3600s8c32G,1,best_ensemble_model,,adult,0.839752,autosklearn,,,4
1867,67,3600s8c32G,2,best_ensemble_model,,adult,0.852181,autosklearn,,,4
1868,68,3600s8c32G,3,best_ensemble_model,,adult,0.84198,autosklearn,,,4
1869,69,3600s8c32G,4,best_ensemble_model,,adult,0.8374299999999999,autosklearn,,,4
1870,70,3600s8c32G,0,best_ensemble_model,,cnae-9,0.972222,autosklearn,,,4
1871,71,3600s8c32G,1,best_ensemble_model,,cnae-9,0.916667,autosklearn,,,4
1872,72,3600s8c32G,2,best_ensemble_model,,cnae-9,0.962963,autosklearn,,,4
1873,73,3600s8c32G,3,best_ensemble_model,,cnae-9,0.925926,autosklearn,,,4
1874,74,3600s8c32G,4,best_ensemble_model,,cnae-9,0.962963,autosklearn,,,4
1875,75,3600s8c32G,0,best_ensemble_model,,connect-4,0.755076,autosklearn,,,4
1876,76,3600s8c32G,1,best_ensemble_model,,connect-4,0.76349,autosklearn,,,4
1877,77,3600s8c32G,2,best_ensemble_model,,connect-4,0.7758430000000001,autosklearn,,,4
1878,78,3600s8c32G,3,best_ensemble_model,,connect-4,0.758289,autosklearn,,,4
1879,79,3600s8c32G,4,best_ensemble_model,,connect-4,0.780895,autosklearn,,,4
1880,80,3600s8c32G,0,best_ensemble_model,,higgs,0.734475,autosklearn,,,4
1881,81,3600s8c32G,1,best_ensemble_model,,higgs,0.7244689999999999,autosklearn,,,4
1882,82,3600s8c32G,2,best_ensemble_model,,higgs,0.738603,autosklearn,,,4
1883,83,3600s8c32G,3,best_ensemble_model,,higgs,0.7320439999999999,autosklearn,,,4
1884,84,3600s8c32G,4,best_ensemble_model,,higgs,0.7369,autosklearn,,,4
1885,85,3600s8c32G,0,best_ensemble_model,,kr-vs-kp,0.993738,autosklearn,,,4
1886,86,3600s8c32G,1,best_ensemble_model,,kr-vs-kp,0.988024,autosklearn,,,4
1887,87,3600s8c32G,2,best_ensemble_model,,kr-vs-kp,0.996732,autosklearn,,,4
1888,88,3600s8c32G,3,best_ensemble_model,,kr-vs-kp,1.0,autosklearn,,,4
1889,89,3600s8c32G,4,best_ensemble_model,,kr-vs-kp,1.0,autosklearn,,,4
1890,90,3600s8c32G,0,best_ensemble_model,,segment,0.991342,autosklearn,,,4
1891,91,3600s8c32G,1,best_ensemble_model,,segment,0.991342,autosklearn,,,4
1892,92,3600s8c32G,2,best_ensemble_model,,segment,0.991342,autosklearn,,,4
1893,93,3600s8c32G,3,best_ensemble_model,,segment,0.982684,autosklearn,,,4
1894,94,3600s8c32G,4,best_ensemble_model,,segment,1.0,autosklearn,,,4
1895,95,3600s8c32G,0,best_ensemble_model,,vehicle,0.8830629999999999,autosklearn,,,4
1896,96,3600s8c32G,1,best_ensemble_model,,vehicle,0.8376620000000001,autosklearn,,,4
1897,97,3600s8c32G,2,best_ensemble_model,,vehicle,0.8371209999999999,autosklearn,,,4
1898,98,3600s8c32G,3,best_ensemble_model,,vehicle,0.826299,autosklearn,,,4
1899,99,3600s8c32G,4,best_ensemble_model,,vehicle,0.88474,autosklearn,,,4
2200,400,3600s8c32G,0,best_ensemble_model,,Albert,0.687894,autosklearn_constantlier,,,4
2201,401,3600s8c32G,1,best_ensemble_model,,Albert,0.6874239999999999,autosklearn_constantlier,,,4
2202,402,3600s8c32G,2,best_ensemble_model,,Albert,0.695231,autosklearn_constantlier,,,4
2203,403,3600s8c32G,3,best_ensemble_model,,Albert,0.687,autosklearn_constantlier,,,4
2204,404,3600s8c32G,4,best_ensemble_model,,Albert,0.690786,autosklearn_constantlier,,,4
2205,405,3600s8c32G,0,best_ensemble_model,,Australian,0.8595079999999999,autosklearn_constantlier,,,4
2206,406,3600s8c32G,1,best_ensemble_model,,Australian,0.8314940000000001,autosklearn_constantlier,,,4
2207,407,3600s8c32G,2,best_ensemble_model,,Australian,0.8595079999999999,autosklearn_constantlier,,,4
2208,408,3600s8c32G,3,best_ensemble_model,,Australian,0.84635,autosklearn_constantlier,,,4
2209,409,3600s8c32G,4,best_ensemble_model,,Australian,0.8858229999999999,autosklearn_constantlier,,,4
2210,410,3600s8c32G,0,best_ensemble_model,,MiniBooNE,0.940784,autosklearn_constantlier,,,4
2211,411,3600s8c32G,1,best_ensemble_model,,MiniBooNE,0.939026,autosklearn_constantlier,,,4
2212,412,3600s8c32G,2,best_ensemble_model,,MiniBooNE,0.940536,autosklearn_constantlier,,,4
2213,413,3600s8c32G,3,best_ensemble_model,,MiniBooNE,0.943626,autosklearn_constantlier,,,4
2214,414,3600s8c32G,4,best_ensemble_model,,MiniBooNE,0.945727,autosklearn_constantlier,,,4
2215,415,3600s8c32G,0,best_ensemble_model,,adult,0.845965,autosklearn_constantlier,,,4
2216,416,3600s8c32G,1,best_ensemble_model,,adult,0.837065,autosklearn_constantlier,,,4
2217,417,3600s8c32G,2,best_ensemble_model,,adult,0.8500770000000001,autosklearn_constantlier,,,4
2218,418,3600s8c32G,3,best_ensemble_model,,adult,0.844585,autosklearn_constantlier,,,4
2219,419,3600s8c32G,4,best_ensemble_model,,adult,0.837467,autosklearn_constantlier,,,4
2220,420,3600s8c32G,0,best_ensemble_model,,cnae-9,0.962963,autosklearn_constantlier,,,4
2221,421,3600s8c32G,1,best_ensemble_model,,cnae-9,0.916667,autosklearn_constantlier,,,4
2222,422,3600s8c32G,2,best_ensemble_model,,cnae-9,0.962963,autosklearn_constantlier,,,4
2223,423,3600s8c32G,3,best_ensemble_model,,cnae-9,0.935185,autosklearn_constantlier,,,4
2224,424,3600s8c32G,4,best_ensemble_model,,cnae-9,0.962963,autosklearn_constantlier,,,4
2225,425,3600s8c32G,0,best_ensemble_model,,connect-4,0.746892,autosklearn_constantlier,,,4
2226,426,3600s8c32G,1,best_ensemble_model,,connect-4,0.755969,autosklearn_constantlier,,,4
2227,427,3600s8c32G,2,best_ensemble_model,,connect-4,0.762788,autosklearn_constantlier,,,4
2228,428,3600s8c32G,3,best_ensemble_model,,connect-4,0.767826,autosklearn_constantlier,,,4
2229,429,3600s8c32G,4,best_ensemble_model,,connect-4,0.772223,autosklearn_constantlier,,,4
2230,430,3600s8c32G,0,best_ensemble_model,,higgs,0.732595,autosklearn_constantlier,,,4
2231,431,3600s8c32G,1,best_ensemble_model,,higgs,0.721016,autosklearn_constantlier,,,4
2232,432,3600s8c32G,2,best_ensemble_model,,higgs,0.731413,autosklearn_constantlier,,,4
2233,433,3600s8c32G,3,best_ensemble_model,,higgs,0.733031,autosklearn_constantlier,,,4
2234,434,3600s8c32G,4,best_ensemble_model,,higgs,0.736417,autosklearn_constantlier,,,4
2235,435,3600s8c32G,0,best_ensemble_model,,kr-vs-kp,1.0,autosklearn_constantlier,,,4
2236,436,3600s8c32G,1,best_ensemble_model,,kr-vs-kp,0.991018,autosklearn_constantlier,,,4
2237,437,3600s8c32G,2,best_ensemble_model,,kr-vs-kp,0.996732,autosklearn_constantlier,,,4
2238,438,3600s8c32G,3,best_ensemble_model,,kr-vs-kp,0.997006,autosklearn_constantlier,,,4
2239,439,3600s8c32G,4,best_ensemble_model,,kr-vs-kp,1.0,autosklearn_constantlier,,,4
2240,440,3600s8c32G,0,best_ensemble_model,,segment,0.991342,autosklearn_constantlier,,,4
2241,441,3600s8c32G,1,best_ensemble_model,,segment,0.982684,autosklearn_constantlier,,,4
2242,442,3600s8c32G,2,best_ensemble_model,,segment,0.991342,autosklearn_constantlier,,,4
2243,443,3600s8c32G,3,best_ensemble_model,,segment,0.995671,autosklearn_constantlier,,,4
2244,444,3600s8c32G,4,best_ensemble_model,,segment,1.0,autosklearn_constantlier,,,4
2245,445,3600s8c32G,0,best_ensemble_model,,vehicle,0.894426,autosklearn_constantlier,,,4
2246,446,3600s8c32G,1,best_ensemble_model,,vehicle,0.825216,autosklearn_constantlier,,,4
2247,447,3600s8c32G,2,best_ensemble_model,,vehicle,0.779221,autosklearn_constantlier,,,4
2248,448,3600s8c32G,3,best_ensemble_model,,vehicle,0.8371209999999999,autosklearn_constantlier,,,4
2249,449,3600s8c32G,4,best_ensemble_model,,vehicle,0.838203,autosklearn_constantlier,,,4
2300,50,3600s8c32G,0,best_ensemble_model,,Albert,0.6878,autosklearn,,,5
2301,51,3600s8c32G,1,best_ensemble_model,,Albert,0.688317,autosklearn,,,5
2302,52,3600s8c32G,2,best_ensemble_model,,Albert,0.693326,autosklearn,,,5
2303,53,3600s8c32G,3,best_ensemble_model,,Albert,0.6873060000000001,autosklearn,,,5
2304,54,3600s8c32G,4,best_ensemble_model,,Albert,0.68994,autosklearn,,,5
2305,55,3600s8c32G,0,best_ensemble_model,,Australian,0.8624790000000001,autosklearn,,,5
2306,56,3600s8c32G,1,best_ensemble_model,,Australian,0.8314940000000001,autosklearn,,,5
2307,57,3600s8c32G,2,best_ensemble_model,,Australian,0.84635,autosklearn,,,5
2308,58,3600s8c32G,3,best_ensemble_model,,Australian,0.84635,autosklearn,,,5
2309,59,3600s8c32G,4,best_ensemble_model,,Australian,0.8989809999999999,autosklearn,,,5
2310,60,3600s8c32G,0,best_ensemble_model,,MiniBooNE,0.940164,autosklearn,,,5
2311,61,3600s8c32G,1,best_ensemble_model,,MiniBooNE,0.939851,autosklearn,,,5
2312,62,3600s8c32G,2,best_ensemble_model,,MiniBooNE,0.937376,autosklearn,,,5
2313,63,3600s8c32G,3,best_ensemble_model,,MiniBooNE,0.948469,autosklearn,,,5
2314,64,3600s8c32G,4,best_ensemble_model,,MiniBooNE,0.943727,autosklearn,,,5
2315,65,3600s8c32G,0,best_ensemble_model,,adult,0.8461139999999999,autosklearn,,,5
2316,66,3600s8c32G,1,best_ensemble_model,,adult,0.8360850000000001,autosklearn,,,5
2317,67,3600s8c32G,2,best_ensemble_model,,adult,0.8520469999999999,autosklearn,,,5
2318,68,3600s8c32G,3,best_ensemble_model,,adult,0.8439,autosklearn,,,5
2319,69,3600s8c32G,4,best_ensemble_model,,adult,0.835583,autosklearn,,,5
2320,70,3600s8c32G,0,best_ensemble_model,,cnae-9,0.944444,autosklearn,,,5
2321,71,3600s8c32G,1,best_ensemble_model,,cnae-9,0.935185,autosklearn,,,5
2322,72,3600s8c32G,2,best_ensemble_model,,cnae-9,0.972222,autosklearn,,,5
2323,73,3600s8c32G,3,best_ensemble_model,,cnae-9,0.953704,autosklearn,,,5
2324,74,3600s8c32G,4,best_ensemble_model,,cnae-9,0.972222,autosklearn,,,5
2325,75,3600s8c32G,0,best_ensemble_model,,connect-4,0.7455390000000001,autosklearn,,,5
2326,76,3600s8c32G,1,best_ensemble_model,,connect-4,0.768415,autosklearn,,,5
2327,77,3600s8c32G,2,best_ensemble_model,,connect-4,0.783287,autosklearn,,,5
2328,78,3600s8c32G,3,best_ensemble_model,,connect-4,0.757293,autosklearn,,,5
2329,79,3600s8c32G,4,best_ensemble_model,,connect-4,0.778643,autosklearn,,,5
2330,80,3600s8c32G,0,best_ensemble_model,,higgs,0.737219,autosklearn,,,5
2331,81,3600s8c32G,1,best_ensemble_model,,higgs,0.720849,autosklearn,,,5
2332,82,3600s8c32G,2,best_ensemble_model,,higgs,0.737228,autosklearn,,,5
2333,83,3600s8c32G,3,best_ensemble_model,,higgs,0.728346,autosklearn,,,5
2334,84,3600s8c32G,4,best_ensemble_model,,higgs,0.735172,autosklearn,,,5
2335,85,3600s8c32G,0,best_ensemble_model,,kr-vs-kp,1.0,autosklearn,,,5
2336,86,3600s8c32G,1,best_ensemble_model,,kr-vs-kp,0.988024,autosklearn,,,5
2337,87,3600s8c32G,2,best_ensemble_model,,kr-vs-kp,0.996732,autosklearn,,,5
2338,88,3600s8c32G,3,best_ensemble_model,,kr-vs-kp,1.0,autosklearn,,,5
2339,89,3600s8c32G,4,best_ensemble_model,,kr-vs-kp,1.0,autosklearn,,,5
2340,90,3600s8c32G,0,best_ensemble_model,,segment,0.987013,autosklearn,,,5
2341,91,3600s8c32G,1,best_ensemble_model,,segment,0.982684,autosklearn,,,5
2342,92,3600s8c32G,2,best_ensemble_model,,segment,0.978355,autosklearn,,,5
2343,93,3600s8c32G,3,best_ensemble_model,,segment,0.995671,autosklearn,,,5
2344,94,3600s8c32G,4,best_ensemble_model,,segment,1.0,autosklearn,,,5
2345,95,3600s8c32G,0,best_ensemble_model,,vehicle,0.906926,autosklearn,,,5
2346,96,3600s8c32G,1,best_ensemble_model,,vehicle,0.8138529999999999,autosklearn,,,5
2347,97,3600s8c32G,2,best_ensemble_model,,vehicle,0.825216,autosklearn,,,5
2348,98,3600s8c32G,3,best_ensemble_model,,vehicle,0.814394,autosklearn,,,5
2349,99,3600s8c32G,4,best_ensemble_model,,vehicle,0.838203,autosklearn,,,5
2350,100,3600s8c32G,0,best_ensemble_model,,Albert,0.69817,autosklearn_constantlier,,,5
2351,101,3600s8c32G,1,best_ensemble_model,,Albert,0.688059,autosklearn_constantlier,,,5
2352,102,3600s8c32G,2,best_ensemble_model,,Albert,0.69128,autosklearn_constantlier,,,5
2353,103,3600s8c32G,3,best_ensemble_model,,Albert,0.687706,autosklearn_constantlier,,,5
2354,104,3600s8c32G,4,best_ensemble_model,,Albert,0.693867,autosklearn_constantlier,,,5
2355,105,3600s8c32G,0,best_ensemble_model,,Australian,0.8726659999999999,autosklearn_constantlier,,,5
2356,106,3600s8c32G,1,best_ensemble_model,,Australian,0.815365,autosklearn_constantlier,,,5
2357,107,3600s8c32G,2,best_ensemble_model,,Australian,0.84635,autosklearn_constantlier,,,5
2358,108,3600s8c32G,3,best_ensemble_model,,Australian,0.84635,autosklearn_constantlier,,,5
2359,109,3600s8c32G,4,best_ensemble_model,,Australian,0.8989809999999999,autosklearn_constantlier,,,5
2360,110,3600s8c32G,0,best_ensemble_model,,MiniBooNE,0.941105,autosklearn_constantlier,,,5
2361,111,3600s8c32G,1,best_ensemble_model,,MiniBooNE,0.93917,autosklearn_constantlier,,,5
2362,112,3600s8c32G,2,best_ensemble_model,,MiniBooNE,0.941554,autosklearn_constantlier,,,5
2363,113,3600s8c32G,3,best_ensemble_model,,MiniBooNE,0.943282,autosklearn_constantlier,,,5
2364,114,3600s8c32G,4,best_ensemble_model,,MiniBooNE,0.944554,autosklearn_constantlier,,,5
2365,115,3600s8c32G,0,best_ensemble_model,,adult,0.845403,autosklearn_constantlier,,,5
2366,116,3600s8c32G,1,best_ensemble_model,,adult,0.8362440000000001,autosklearn_constantlier,,,5
2367,117,3600s8c32G,2,best_ensemble_model,,adult,0.8484139999999999,autosklearn_constantlier,,,5
2368,118,3600s8c32G,3,best_ensemble_model,,adult,0.839986,autosklearn_constantlier,,,5
2369,119,3600s8c32G,4,best_ensemble_model,,adult,0.838727,autosklearn_constantlier,,,5
2370,120,3600s8c32G,0,best_ensemble_model,,cnae-9,0.972222,autosklearn_constantlier,,,5
2371,121,3600s8c32G,1,best_ensemble_model,,cnae-9,0.925926,autosklearn_constantlier,,,5
2372,122,3600s8c32G,2,best_ensemble_model,,cnae-9,0.972222,autosklearn_constantlier,,,5
2373,123,3600s8c32G,3,best_ensemble_model,,cnae-9,0.935185,autosklearn_constantlier,,,5
2374,124,3600s8c32G,4,best_ensemble_model,,cnae-9,0.972222,autosklearn_constantlier,,,5
2375,125,3600s8c32G,0,best_ensemble_model,,connect-4,0.751099,autosklearn_constantlier,,,5
2376,126,3600s8c32G,1,best_ensemble_model,,connect-4,0.763804,autosklearn_constantlier,,,5
2377,127,3600s8c32G,2,best_ensemble_model,,connect-4,0.776053,autosklearn_constantlier,,,5
2378,128,3600s8c32G,3,best_ensemble_model,,connect-4,0.7647649999999999,autosklearn_constantlier,,,5
2379,129,3600s8c32G,4,best_ensemble_model,,connect-4,0.769713,autosklearn_constantlier,,,5
2380,130,3600s8c32G,0,best_ensemble_model,,higgs,0.7354229999999999,autosklearn_constantlier,,,5
2381,131,3600s8c32G,1,best_ensemble_model,,higgs,0.721375,autosklearn_constantlier,,,5
2382,132,3600s8c32G,2,best_ensemble_model,,higgs,0.728636,autosklearn_constantlier,,,5
2383,133,3600s8c32G,3,best_ensemble_model,,higgs,0.730927,autosklearn_constantlier,,,5
2384,134,3600s8c32G,4,best_ensemble_model,,higgs,0.7340399999999999,autosklearn_constantlier,,,5
2385,135,3600s8c32G,0,best_ensemble_model,,kr-vs-kp,0.993738,autosklearn_constantlier,,,5
2386,136,3600s8c32G,1,best_ensemble_model,,kr-vs-kp,0.988024,autosklearn_constantlier,,,5
2387,137,3600s8c32G,2,best_ensemble_model,,kr-vs-kp,0.996732,autosklearn_constantlier,,,5
2388,138,3600s8c32G,3,best_ensemble_model,,kr-vs-kp,0.997006,autosklearn_constantlier,,,5
2389,139,3600s8c32G,4,best_ensemble_model,,kr-vs-kp,1.0,autosklearn_constantlier,,,5
2390,140,3600s8c32G,0,best_ensemble_model,,segment,0.991342,autosklearn_constantlier,,,5
2391,141,3600s8c32G,1,best_ensemble_model,,segment,0.982684,autosklearn_constantlier,,,5
2392,142,3600s8c32G,2,best_ensemble_model,,segment,0.991342,autosklearn_constantlier,,,5
2393,143,3600s8c32G,3,best_ensemble_model,,segment,0.995671,autosklearn_constantlier,,,5
2394,144,3600s8c32G,4,best_ensemble_model,,segment,1.0,autosklearn_constantlier,,,5
2395,145,3600s8c32G,0,best_ensemble_model,,vehicle,0.8825219999999999,autosklearn_constantlier,,,5
2396,146,3600s8c32G,1,best_ensemble_model,,vehicle,0.825758,autosklearn_constantlier,,,5
2397,147,3600s8c32G,2,best_ensemble_model,,vehicle,0.825216,autosklearn_constantlier,,,5
2398,148,3600s8c32G,3,best_ensemble_model,,vehicle,0.801948,autosklearn_constantlier,,,5
2399,149,3600s8c32G,4,best_ensemble_model,,vehicle,0.850108,autosklearn_constantlier,,,5
2450,50,3600s8c32G,0,best_ensemble_model,,Albert,0.687847,autosklearn,,,6
2451,51,3600s8c32G,1,best_ensemble_model,,Albert,0.68994,autosklearn,,,6
2452,52,3600s8c32G,2,best_ensemble_model,,Albert,0.690833,autosklearn,,,6
2453,53,3600s8c32G,3,best_ensemble_model,,Albert,0.687612,autosklearn,,,6
2454,54,3600s8c32G,4,best_ensemble_model,,Albert,0.690669,autosklearn,,,6
2455,55,3600s8c32G,0,best_ensemble_model,,Australian,0.8726659999999999,autosklearn,,,6
2456,56,3600s8c32G,1,best_ensemble_model,,Australian,0.8476229999999999,autosklearn,,,6
2457,57,3600s8c32G,2,best_ensemble_model,,Australian,0.84635,autosklearn,,,6
2458,58,3600s8c32G,3,best_ensemble_model,,Australian,0.833192,autosklearn,,,6
2459,59,3600s8c32G,4,best_ensemble_model,,Australian,0.8858229999999999,autosklearn,,,6
2460,60,3600s8c32G,0,best_ensemble_model,,MiniBooNE,0.942206,autosklearn,,,6
2461,61,3600s8c32G,1,best_ensemble_model,,MiniBooNE,0.939744,autosklearn,,,6
2462,62,3600s8c32G,2,best_ensemble_model,,MiniBooNE,0.942211,autosklearn,,,6
2463,63,3600s8c32G,3,best_ensemble_model,,MiniBooNE,0.945251,autosklearn,,,6
2464,64,3600s8c32G,4,best_ensemble_model,,MiniBooNE,0.944859,autosklearn,,,6
2465,65,3600s8c32G,0,best_ensemble_model,,adult,0.8528709999999999,autosklearn,,,6
2466,66,3600s8c32G,1,best_ensemble_model,,adult,0.8386899999999999,autosklearn,,,6
2467,67,3600s8c32G,2,best_ensemble_model,,adult,0.848989,autosklearn,,,6
2468,68,3600s8c32G,3,best_ensemble_model,,adult,0.840794,autosklearn,,,6
2469,69,3600s8c32G,4,best_ensemble_model,,adult,0.8356690000000001,autosklearn,,,6
2470,70,3600s8c32G,0,best_ensemble_model,,cnae-9,0.972222,autosklearn,,,6
2471,71,3600s8c32G,1,best_ensemble_model,,cnae-9,0.935185,autosklearn,,,6
2472,72,3600s8c32G,2,best_ensemble_model,,cnae-9,0.962963,autosklearn,,,6
2473,73,3600s8c32G,3,best_ensemble_model,,cnae-9,0.944444,autosklearn,,,6
2474,74,3600s8c32G,4,best_ensemble_model,,cnae-9,0.972222,autosklearn,,,6
2475,75,3600s8c32G,0,best_ensemble_model,,connect-4,0.7647390000000001,autosklearn,,,6
2476,76,3600s8c32G,1,best_ensemble_model,,connect-4,0.7601640000000001,autosklearn,,,6
2477,77,3600s8c32G,2,best_ensemble_model,,connect-4,0.796334,autosklearn,,,6
2478,78,3600s8c32G,3,best_ensemble_model,,connect-4,0.7597229999999999,autosklearn,,,6
2479,79,3600s8c32G,4,best_ensemble_model,,connect-4,0.776075,autosklearn,,,6
2480,80,3600s8c32G,0,best_ensemble_model,,higgs,0.736097,autosklearn,,,6
2481,81,3600s8c32G,1,best_ensemble_model,,higgs,0.72644,autosklearn,,,6
2482,82,3600s8c32G,2,best_ensemble_model,,higgs,,autosklearn,,,6
2483,83,3600s8c32G,3,best_ensemble_model,,higgs,0.7359899999999999,autosklearn,,,6
2484,84,3600s8c32G,4,best_ensemble_model,,higgs,0.736748,autosklearn,,,6
2485,85,3600s8c32G,0,best_ensemble_model,,kr-vs-kp,0.993738,autosklearn,,,6
2486,86,3600s8c32G,1,best_ensemble_model,,kr-vs-kp,0.988024,autosklearn,,,6
2487,87,3600s8c32G,2,best_ensemble_model,,kr-vs-kp,0.996732,autosklearn,,,6
2488,88,3600s8c32G,3,best_ensemble_model,,kr-vs-kp,1.0,autosklearn,,,6
2489,89,3600s8c32G,4,best_ensemble_model,,kr-vs-kp,1.0,autosklearn,,,6
2490,90,3600s8c32G,0,best_ensemble_model,,segment,0.991342,autosklearn,,,6
2491,91,3600s8c32G,1,best_ensemble_model,,segment,0.987013,autosklearn,,,6
2492,92,3600s8c32G,2,best_ensemble_model,,segment,0.987013,autosklearn,,,6
2493,93,3600s8c32G,3,best_ensemble_model,,segment,0.982684,autosklearn,,,6
2494,94,3600s8c32G,4,best_ensemble_model,,segment,1.0,autosklearn,,,6
2495,95,3600s8c32G,0,best_ensemble_model,,vehicle,0.894426,autosklearn,,,6
2496,96,3600s8c32G,1,best_ensemble_model,,vehicle,0.825216,autosklearn,,,6
2497,97,3600s8c32G,2,best_ensemble_model,,vehicle,0.8371209999999999,autosklearn,,,6
2498,98,3600s8c32G,3,best_ensemble_model,,vehicle,0.813312,autosklearn,,,6
2499,99,3600s8c32G,4,best_ensemble_model,,vehicle,0.850108,autosklearn,,,6
2500,100,3600s8c32G,0,best_ensemble_model,,Albert,0.686812,autosklearn_constantlier,,,6
2501,101,3600s8c32G,1,best_ensemble_model,,Albert,0.6890229999999999,autosklearn_constantlier,,,6
2502,102,3600s8c32G,2,best_ensemble_model,,Albert,0.6916329999999999,autosklearn_constantlier,,,6
2503,103,3600s8c32G,3,best_ensemble_model,,Albert,0.687729,autosklearn_constantlier,,,6
2504,104,3600s8c32G,4,best_ensemble_model,,Albert,0.689987,autosklearn_constantlier,,,6
2505,105,3600s8c32G,0,best_ensemble_model,,Australian,0.8726659999999999,autosklearn_constantlier,,,6
2506,106,3600s8c32G,1,best_ensemble_model,,Australian,0.8314940000000001,autosklearn_constantlier,,,6
2507,107,3600s8c32G,2,best_ensemble_model,,Australian,0.84635,autosklearn_constantlier,,,6
2508,108,3600s8c32G,3,best_ensemble_model,,Australian,0.833192,autosklearn_constantlier,,,6
2509,109,3600s8c32G,4,best_ensemble_model,,Australian,0.8858229999999999,autosklearn_constantlier,,,6
2510,110,3600s8c32G,0,best_ensemble_model,,MiniBooNE,0.940908,autosklearn_constantlier,,,6
2511,111,3600s8c32G,1,best_ensemble_model,,MiniBooNE,0.939223,autosklearn_constantlier,,,6
2512,112,3600s8c32G,2,best_ensemble_model,,MiniBooNE,0.942685,autosklearn_constantlier,,,6
2513,113,3600s8c32G,3,best_ensemble_model,,MiniBooNE,0.945571,autosklearn_constantlier,,,6
2514,114,3600s8c32G,4,best_ensemble_model,,MiniBooNE,0.944207,autosklearn_constantlier,,,6
2515,115,3600s8c32G,0,best_ensemble_model,,adult,0.8497809999999999,autosklearn_constantlier,,,6
2516,116,3600s8c32G,1,best_ensemble_model,,adult,0.835633,autosklearn_constantlier,,,6
2517,117,3600s8c32G,2,best_ensemble_model,,adult,0.849662,autosklearn_constantlier,,,6
2518,118,3600s8c32G,3,best_ensemble_model,,adult,0.8430200000000001,autosklearn_constantlier,,,6
2519,119,3600s8c32G,4,best_ensemble_model,,adult,0.834727,autosklearn_constantlier,,,6
2520,120,3600s8c32G,0,best_ensemble_model,,cnae-9,0.972222,autosklearn_constantlier,,,6
2521,121,3600s8c32G,1,best_ensemble_model,,cnae-9,0.944444,autosklearn_constantlier,,,6
2522,122,3600s8c32G,2,best_ensemble_model,,cnae-9,0.962963,autosklearn_constantlier,,,6
2523,123,3600s8c32G,3,best_ensemble_model,,cnae-9,0.944444,autosklearn_constantlier,,,6
2524,124,3600s8c32G,4,best_ensemble_model,,cnae-9,0.972222,autosklearn_constantlier,,,6
2525,125,3600s8c32G,0,best_ensemble_model,,connect-4,0.763655,autosklearn_constantlier,,,6
2526,126,3600s8c32G,1,best_ensemble_model,,connect-4,0.755508,autosklearn_constantlier,,,6
2527,127,3600s8c32G,2,best_ensemble_model,,connect-4,0.77374,autosklearn_constantlier,,,6
2528,128,3600s8c32G,3,best_ensemble_model,,connect-4,0.7544649999999999,autosklearn_constantlier,,,6
2529,129,3600s8c32G,4,best_ensemble_model,,connect-4,0.7590210000000001,autosklearn_constantlier,,,6
2530,130,3600s8c32G,0,best_ensemble_model,,higgs,0.7332489999999999,autosklearn_constantlier,,,6
2531,131,3600s8c32G,1,best_ensemble_model,,higgs,0.720975,autosklearn_constantlier,,,6
2532,132,3600s8c32G,2,best_ensemble_model,,higgs,0.730807,autosklearn_constantlier,,,6
2533,133,3600s8c32G,3,best_ensemble_model,,higgs,0.733687,autosklearn_constantlier,,,6
2534,134,3600s8c32G,4,best_ensemble_model,,higgs,0.737587,autosklearn_constantlier,,,6
2535,135,3600s8c32G,0,best_ensemble_model,,kr-vs-kp,0.996732,autosklearn_constantlier,,,6
2536,136,3600s8c32G,1,best_ensemble_model,,kr-vs-kp,0.991018,autosklearn_constantlier,,,6
2537,137,3600s8c32G,2,best_ensemble_model,,kr-vs-kp,0.996732,autosklearn_constantlier,,,6
2538,138,3600s8c32G,3,best_ensemble_model,,kr-vs-kp,0.997006,autosklearn_constantlier,,,6
2539,139,3600s8c32G,4,best_ensemble_model,,kr-vs-kp,1.0,autosklearn_constantlier,,,6
2540,140,3600s8c32G,0,best_ensemble_model,,segment,0.987013,autosklearn_constantlier,,,6
2541,141,3600s8c32G,1,best_ensemble_model,,segment,0.974026,autosklearn_constantlier,,,6
2542,142,3600s8c32G,2,best_ensemble_model,,segment,0.991342,autosklearn_constantlier,,,6
2543,143,3600s8c32G,3,best_ensemble_model,,segment,0.995671,autosklearn_constantlier,,,6
2544,144,3600s8c32G,4,best_ensemble_model,,segment,0.995671,autosklearn_constantlier,,,6
2545,145,3600s8c32G,0,best_ensemble_model,,vehicle,0.894968,autosklearn_constantlier,,,6
2546,146,3600s8c32G,1,best_ensemble_model,,vehicle,0.825758,autosklearn_constantlier,,,6
2547,147,3600s8c32G,2,best_ensemble_model,,vehicle,0.825216,autosklearn_constantlier,,,6
2548,148,3600s8c32G,3,best_ensemble_model,,vehicle,0.8138529999999999,autosklearn_constantlier,,,6
2549,149,3600s8c32G,4,best_ensemble_model,,vehicle,0.826299,autosklearn_constantlier,,,6
2600,50,3600s8c32G,0,best_ensemble_model,,Albert,0.688106,autosklearn,,,7
2601,51,3600s8c32G,1,best_ensemble_model,,Albert,0.688294,autosklearn,,,7
2602,52,3600s8c32G,2,best_ensemble_model,,Albert,0.69088,autosklearn,,,7
2603,53,3600s8c32G,3,best_ensemble_model,,Albert,0.687612,autosklearn,,,7
2604,54,3600s8c32G,4,best_ensemble_model,,Albert,0.69128,autosklearn,,,7
2605,55,3600s8c32G,0,best_ensemble_model,,Australian,0.8887950000000001,autosklearn,,,7
2606,56,3600s8c32G,1,best_ensemble_model,,Australian,0.8798809999999999,autosklearn,,,7
2607,57,3600s8c32G,2,best_ensemble_model,,Australian,0.84635,autosklearn,,,7
2608,58,3600s8c32G,3,best_ensemble_model,,Australian,0.84635,autosklearn,,,7
2609,59,3600s8c32G,4,best_ensemble_model,,Australian,0.8696940000000001,autosklearn,,,7
2610,60,3600s8c32G,0,best_ensemble_model,,MiniBooNE,0.941801,autosklearn,,,7
2611,61,3600s8c32G,1,best_ensemble_model,,MiniBooNE,0.940228,autosklearn,,,7
2612,62,3600s8c32G,2,best_ensemble_model,,MiniBooNE,0.941097,autosklearn,,,7
2613,63,3600s8c32G,3,best_ensemble_model,,MiniBooNE,0.944076,autosklearn,,,7
2614,64,3600s8c32G,4,best_ensemble_model,,MiniBooNE,0.944156,autosklearn,,,7
2615,65,3600s8c32G,0,best_ensemble_model,,adult,0.847974,autosklearn,,,7
2616,66,3600s8c32G,1,best_ensemble_model,,adult,0.837407,autosklearn,,,7
2617,67,3600s8c32G,2,best_ensemble_model,,adult,0.8520709999999999,autosklearn,,,7
2618,68,3600s8c32G,3,best_ensemble_model,,adult,0.842225,autosklearn,,,7
2619,69,3600s8c32G,4,best_ensemble_model,,adult,0.836966,autosklearn,,,7
2620,70,3600s8c32G,0,best_ensemble_model,,cnae-9,0.972222,autosklearn,,,7
2621,71,3600s8c32G,1,best_ensemble_model,,cnae-9,0.925926,autosklearn,,,7
2622,72,3600s8c32G,2,best_ensemble_model,,cnae-9,0.972222,autosklearn,,,7
2623,73,3600s8c32G,3,best_ensemble_model,,cnae-9,0.944444,autosklearn,,,7
2624,74,3600s8c32G,4,best_ensemble_model,,cnae-9,0.972222,autosklearn,,,7
2625,75,3600s8c32G,0,best_ensemble_model,,connect-4,0.769001,autosklearn,,,7
2626,76,3600s8c32G,1,best_ensemble_model,,connect-4,0.766597,autosklearn,,,7
2627,77,3600s8c32G,2,best_ensemble_model,,connect-4,0.793458,autosklearn,,,7
2628,78,3600s8c32G,3,best_ensemble_model,,connect-4,0.768026,autosklearn,,,7
2629,79,3600s8c32G,4,best_ensemble_model,,connect-4,0.7712899999999999,autosklearn,,,7
2630,80,3600s8c32G,0,best_ensemble_model,,higgs,0.735956,autosklearn,,,7
2631,81,3600s8c32G,1,best_ensemble_model,,higgs,0.722381,autosklearn,,,7
2632,82,3600s8c32G,2,best_ensemble_model,,higgs,0.73631,autosklearn,,,7
2633,83,3600s8c32G,3,best_ensemble_model,,higgs,0.731112,autosklearn,,,7
2634,84,3600s8c32G,4,best_ensemble_model,,higgs,0.735909,autosklearn,,,7
2635,85,3600s8c32G,0,best_ensemble_model,,kr-vs-kp,0.993738,autosklearn,,,7
2636,86,3600s8c32G,1,best_ensemble_model,,kr-vs-kp,0.988024,autosklearn,,,7
2637,87,3600s8c32G,2,best_ensemble_model,,kr-vs-kp,0.996732,autosklearn,,,7
2638,88,3600s8c32G,3,best_ensemble_model,,kr-vs-kp,1.0,autosklearn,,,7
2639,89,3600s8c32G,4,best_ensemble_model,,kr-vs-kp,1.0,autosklearn,,,7
2640,90,3600s8c32G,0,best_ensemble_model,,segment,0.991342,autosklearn,,,7
2641,91,3600s8c32G,1,best_ensemble_model,,segment,0.982684,autosklearn,,,7
2642,92,3600s8c32G,2,best_ensemble_model,,segment,0.991342,autosklearn,,,7
2643,93,3600s8c32G,3,best_ensemble_model,,segment,0.995671,autosklearn,,,7
2644,94,3600s8c32G,4,best_ensemble_model,,segment,1.0,autosklearn,,,7
2645,95,3600s8c32G,0,best_ensemble_model,,vehicle,0.871699,autosklearn,,,7
2646,96,3600s8c32G,1,best_ensemble_model,,vehicle,0.847348,autosklearn,,,7
2647,97,3600s8c32G,2,best_ensemble_model,,vehicle,0.859848,autosklearn,,,7
2648,98,3600s8c32G,3,best_ensemble_model,,vehicle,0.8371209999999999,autosklearn,,,7
2649,99,3600s8c32G,4,best_ensemble_model,,vehicle,0.872835,autosklearn,,,7
2650,100,3600s8c32G,0,best_ensemble_model,,Albert,0.688059,autosklearn_constantlier,,,7
2651,101,3600s8c32G,1,best_ensemble_model,,Albert,0.688693,autosklearn_constantlier,,,7
2652,102,3600s8c32G,2,best_ensemble_model,,Albert,0.69121,autosklearn_constantlier,,,7
2653,103,3600s8c32G,3,best_ensemble_model,,Albert,0.687612,autosklearn_constantlier,,,7
2654,104,3600s8c32G,4,best_ensemble_model,,Albert,0.69081,autosklearn_constantlier,,,7
2655,105,3600s8c32G,0,best_ensemble_model,,Australian,0.8858229999999999,autosklearn_constantlier,,,7
2656,106,3600s8c32G,1,best_ensemble_model,,Australian,0.8637520000000001,autosklearn_constantlier,,,7
2657,107,3600s8c32G,2,best_ensemble_model,,Australian,0.820034,autosklearn_constantlier,,,7
2658,108,3600s8c32G,3,best_ensemble_model,,Australian,0.84635,autosklearn_constantlier,,,7
2659,109,3600s8c32G,4,best_ensemble_model,,Australian,0.8858229999999999,autosklearn_constantlier,,,7
2660,110,3600s8c32G,0,best_ensemble_model,,MiniBooNE,0.939219,autosklearn_constantlier,,,7
2661,111,3600s8c32G,1,best_ensemble_model,,MiniBooNE,0.939033,autosklearn_constantlier,,,7
2662,112,3600s8c32G,2,best_ensemble_model,,MiniBooNE,0.942024,autosklearn_constantlier,,,7
2663,113,3600s8c32G,3,best_ensemble_model,,MiniBooNE,0.943318,autosklearn_constantlier,,,7
2664,114,3600s8c32G,4,best_ensemble_model,,MiniBooNE,0.946533,autosklearn_constantlier,,,7
2665,115,3600s8c32G,0,best_ensemble_model,,adult,0.8490219999999999,autosklearn_constantlier,,,7
2666,116,3600s8c32G,1,best_ensemble_model,,adult,0.8384450000000001,autosklearn_constantlier,,,7
2667,117,3600s8c32G,2,best_ensemble_model,,adult,0.8486459999999999,autosklearn_constantlier,,,7
2668,118,3600s8c32G,3,best_ensemble_model,,adult,0.843203,autosklearn_constantlier,,,7
2669,119,3600s8c32G,4,best_ensemble_model,,adult,0.8373809999999999,autosklearn_constantlier,,,7
2670,120,3600s8c32G,0,best_ensemble_model,,cnae-9,0.944444,autosklearn_constantlier,,,7
2671,121,3600s8c32G,1,best_ensemble_model,,cnae-9,0.944444,autosklearn_constantlier,,,7
2672,122,3600s8c32G,2,best_ensemble_model,,cnae-9,0.972222,autosklearn_constantlier,,,7
2673,123,3600s8c32G,3,best_ensemble_model,,cnae-9,0.935185,autosklearn_constantlier,,,7
2674,124,3600s8c32G,4,best_ensemble_model,,cnae-9,0.962963,autosklearn_constantlier,,,7
2675,125,3600s8c32G,0,best_ensemble_model,,connect-4,0.755948,autosklearn_constantlier,,,7
2676,126,3600s8c32G,1,best_ensemble_model,,connect-4,0.755572,autosklearn_constantlier,,,7
2677,127,3600s8c32G,2,best_ensemble_model,,connect-4,0.7875840000000001,autosklearn_constantlier,,,7
2678,128,3600s8c32G,3,best_ensemble_model,,connect-4,0.753008,autosklearn_constantlier,,,7
2679,129,3600s8c32G,4,best_ensemble_model,,connect-4,0.75803,autosklearn_constantlier,,,7
2680,130,3600s8c32G,0,best_ensemble_model,,higgs,0.736386,autosklearn_constantlier,,,7
2681,131,3600s8c32G,1,best_ensemble_model,,higgs,0.720928,autosklearn_constantlier,,,7
2682,132,3600s8c32G,2,best_ensemble_model,,higgs,0.731971,autosklearn_constantlier,,,7
2683,133,3600s8c32G,3,best_ensemble_model,,higgs,0.736433,autosklearn_constantlier,,,7
2684,134,3600s8c32G,4,best_ensemble_model,,higgs,0.73429,autosklearn_constantlier,,,7
2685,135,3600s8c32G,0,best_ensemble_model,,kr-vs-kp,0.993738,autosklearn_constantlier,,,7
2686,136,3600s8c32G,1,best_ensemble_model,,kr-vs-kp,0.991018,autosklearn_constantlier,,,7
2687,137,3600s8c32G,2,best_ensemble_model,,kr-vs-kp,0.996732,autosklearn_constantlier,,,7
2688,138,3600s8c32G,3,best_ensemble_model,,kr-vs-kp,0.997006,autosklearn_constantlier,,,7
2689,139,3600s8c32G,4,best_ensemble_model,,kr-vs-kp,1.0,autosklearn_constantlier,,,7
2690,140,3600s8c32G,0,best_ensemble_model,,segment,0.991342,autosklearn_constantlier,,,7
2691,141,3600s8c32G,1,best_ensemble_model,,segment,0.982684,autosklearn_constantlier,,,7
2692,142,3600s8c32G,2,best_ensemble_model,,segment,0.987013,autosklearn_constantlier,,,7
2693,143,3600s8c32G,3,best_ensemble_model,,segment,0.995671,autosklearn_constantlier,,,7
2694,144,3600s8c32G,4,best_ensemble_model,,segment,1.0,autosklearn_constantlier,,,7
2695,145,3600s8c32G,0,best_ensemble_model,,vehicle,0.894968,autosklearn_constantlier,,,7
2696,146,3600s8c32G,1,best_ensemble_model,,vehicle,0.814394,autosklearn_constantlier,,,7
2697,147,3600s8c32G,2,best_ensemble_model,,vehicle,0.824675,autosklearn_constantlier,,,7
2698,148,3600s8c32G,3,best_ensemble_model,,vehicle,0.825216,autosklearn_constantlier,,,7
2699,149,3600s8c32G,4,best_ensemble_model,,vehicle,0.8733770000000001,autosklearn_constantlier,,,7
2750,50,3600s8c32G,0,best_ensemble_model,,Albert,0.687447,autosklearn,,,8
2751,51,3600s8c32G,1,best_ensemble_model,,Albert,0.689611,autosklearn,,,8
2752,52,3600s8c32G,2,best_ensemble_model,,Albert,0.691163,autosklearn,,,8
2753,53,3600s8c32G,3,best_ensemble_model,,Albert,0.687612,autosklearn,,,8
2754,54,3600s8c32G,4,best_ensemble_model,,Albert,0.6900569999999999,autosklearn,,,8
2755,55,3600s8c32G,0,best_ensemble_model,,Australian,0.8858229999999999,autosklearn,,,8
2756,56,3600s8c32G,1,best_ensemble_model,,Australian,0.8314940000000001,autosklearn,,,8
2757,57,3600s8c32G,2,best_ensemble_model,,Australian,0.84635,autosklearn,,,8
2758,58,3600s8c32G,3,best_ensemble_model,,Australian,0.878608,autosklearn,,,8
2759,59,3600s8c32G,4,best_ensemble_model,,Australian,0.8696940000000001,autosklearn,,,8
2760,60,3600s8c32G,0,best_ensemble_model,,MiniBooNE,0.939457,autosklearn,,,8
2761,61,3600s8c32G,1,best_ensemble_model,,MiniBooNE,0.939985,autosklearn,,,8
2762,62,3600s8c32G,2,best_ensemble_model,,MiniBooNE,0.946017,autosklearn,,,8
2763,63,3600s8c32G,3,best_ensemble_model,,MiniBooNE,0.94636,autosklearn,,,8
2764,64,3600s8c32G,4,best_ensemble_model,,MiniBooNE,0.948586,autosklearn,,,8
2765,65,3600s8c32G,0,best_ensemble_model,,adult,0.8505159999999999,autosklearn,,,8
2766,66,3600s8c32G,1,best_ensemble_model,,adult,0.8382139999999999,autosklearn,,,8
2767,67,3600s8c32G,2,best_ensemble_model,,adult,0.8490989999999999,autosklearn,,,8
2768,68,3600s8c32G,3,best_ensemble_model,,adult,0.8423350000000001,autosklearn,,,8
2769,69,3600s8c32G,4,best_ensemble_model,,adult,0.8369780000000001,autosklearn,,,8
2770,70,3600s8c32G,0,best_ensemble_model,,cnae-9,0.962963,autosklearn,,,8
2771,71,3600s8c32G,1,best_ensemble_model,,cnae-9,0.935185,autosklearn,,,8
2772,72,3600s8c32G,2,best_ensemble_model,,cnae-9,0.962963,autosklearn,,,8
2773,73,3600s8c32G,3,best_ensemble_model,,cnae-9,0.935185,autosklearn,,,8
2774,74,3600s8c32G,4,best_ensemble_model,,cnae-9,0.962963,autosklearn,,,8
2775,75,3600s8c32G,0,best_ensemble_model,,connect-4,0.7583300000000001,autosklearn,,,8
2776,76,3600s8c32G,1,best_ensemble_model,,connect-4,0.761536,autosklearn,,,8
2777,77,3600s8c32G,2,best_ensemble_model,,connect-4,0.772447,autosklearn,,,8
2778,78,3600s8c32G,3,best_ensemble_model,,connect-4,0.761157,autosklearn,,,8
2779,79,3600s8c32G,4,best_ensemble_model,,connect-4,0.778285,autosklearn,,,8
2780,80,3600s8c32G,0,best_ensemble_model,,higgs,0.733853,autosklearn,,,8
2781,81,3600s8c32G,1,best_ensemble_model,,higgs,0.718952,autosklearn,,,8
2782,82,3600s8c32G,2,best_ensemble_model,,higgs,0.731531,autosklearn,,,8
2783,83,3600s8c32G,3,best_ensemble_model,,higgs,0.730939,autosklearn,,,8
2784,84,3600s8c32G,4,best_ensemble_model,,higgs,0.737491,autosklearn,,,8
2785,85,3600s8c32G,0,best_ensemble_model,,kr-vs-kp,0.993738,autosklearn,,,8
2786,86,3600s8c32G,1,best_ensemble_model,,kr-vs-kp,0.988024,autosklearn,,,8
2787,87,3600s8c32G,2,best_ensemble_model,,kr-vs-kp,0.996732,autosklearn,,,8
2788,88,3600s8c32G,3,best_ensemble_model,,kr-vs-kp,1.0,autosklearn,,,8
2789,89,3600s8c32G,4,best_ensemble_model,,kr-vs-kp,1.0,autosklearn,,,8
2790,90,3600s8c32G,0,best_ensemble_model,,segment,0.991342,autosklearn,,,8
2791,91,3600s8c32G,1,best_ensemble_model,,segment,0.982684,autosklearn,,,8
2792,92,3600s8c32G,2,best_ensemble_model,,segment,0.991342,autosklearn,,,8
2793,93,3600s8c32G,3,best_ensemble_model,,segment,0.995671,autosklearn,,,8
2794,94,3600s8c32G,4,best_ensemble_model,,segment,1.0,autosklearn,,,8
2795,95,3600s8c32G,0,best_ensemble_model,,vehicle,0.894968,autosklearn,,,8
2796,96,3600s8c32G,1,best_ensemble_model,,vehicle,0.8138529999999999,autosklearn,,,8
2797,97,3600s8c32G,2,best_ensemble_model,,vehicle,0.8371209999999999,autosklearn,,,8
2798,98,3600s8c32G,3,best_ensemble_model,,vehicle,0.8376620000000001,autosklearn,,,8
2799,99,3600s8c32G,4,best_ensemble_model,,vehicle,0.8614719999999999,autosklearn,,,8
2800,100,3600s8c32G,0,best_ensemble_model,,Albert,0.688529,autosklearn_constantlier,,,8
2801,101,3600s8c32G,1,best_ensemble_model,,Albert,0.688341,autosklearn_constantlier,,,8
2802,102,3600s8c32G,2,best_ensemble_model,,Albert,0.6911390000000001,autosklearn_constantlier,,,8
2803,103,3600s8c32G,3,best_ensemble_model,,Albert,0.687447,autosklearn_constantlier,,,8
2804,104,3600s8c32G,4,best_ensemble_model,,Albert,0.689281,autosklearn_constantlier,,,8
2805,105,3600s8c32G,0,best_ensemble_model,,Australian,0.8989809999999999,autosklearn_constantlier,,,8
2806,106,3600s8c32G,1,best_ensemble_model,,Australian,0.8637520000000001,autosklearn_constantlier,,,8
2807,107,3600s8c32G,2,best_ensemble_model,,Australian,0.833192,autosklearn_constantlier,,,8
2808,108,3600s8c32G,3,best_ensemble_model,,Australian,0.833192,autosklearn_constantlier,,,8
2809,109,3600s8c32G,4,best_ensemble_model,,Australian,0.8858229999999999,autosklearn_constantlier,,,8
2810,110,3600s8c32G,0,best_ensemble_model,,MiniBooNE,0.941339,autosklearn_constantlier,,,8
2811,111,3600s8c32G,1,best_ensemble_model,,MiniBooNE,0.938842,autosklearn_constantlier,,,8
2812,112,3600s8c32G,2,best_ensemble_model,,MiniBooNE,0.94119,autosklearn_constantlier,,,8
2813,113,3600s8c32G,3,best_ensemble_model,,MiniBooNE,0.943321,autosklearn_constantlier,,,8
2814,114,3600s8c32G,4,best_ensemble_model,,MiniBooNE,0.940602,autosklearn_constantlier,,,8
2815,115,3600s8c32G,0,best_ensemble_model,,adult,0.8514299999999999,autosklearn_constantlier,,,8
2816,116,3600s8c32G,1,best_ensemble_model,,adult,0.839925,autosklearn_constantlier,,,8
2817,117,3600s8c32G,2,best_ensemble_model,,adult,0.849882,autosklearn_constantlier,,,8
2818,118,3600s8c32G,3,best_ensemble_model,,adult,0.841148,autosklearn_constantlier,,,8
2819,119,3600s8c32G,4,best_ensemble_model,,adult,0.8377120000000001,autosklearn_constantlier,,,8
2820,120,3600s8c32G,0,best_ensemble_model,,cnae-9,0.962963,autosklearn_constantlier,,,8
2821,121,3600s8c32G,1,best_ensemble_model,,cnae-9,0.944444,autosklearn_constantlier,,,8
2822,122,3600s8c32G,2,best_ensemble_model,,cnae-9,0.972222,autosklearn_constantlier,,,8
2823,123,3600s8c32G,3,best_ensemble_model,,cnae-9,0.944444,autosklearn_constantlier,,,8
2824,124,3600s8c32G,4,best_ensemble_model,,cnae-9,0.972222,autosklearn_constantlier,,,8
2825,125,3600s8c32G,0,best_ensemble_model,,connect-4,0.742027,autosklearn_constantlier,,,8
2826,126,3600s8c32G,1,best_ensemble_model,,connect-4,0.761941,autosklearn_constantlier,,,8
2827,127,3600s8c32G,2,best_ensemble_model,,connect-4,0.78483,autosklearn_constantlier,,,8
2828,128,3600s8c32G,3,best_ensemble_model,,connect-4,0.755162,autosklearn_constantlier,,,8
2829,129,3600s8c32G,4,best_ensemble_model,,connect-4,0.773623,autosklearn_constantlier,,,8
2830,130,3600s8c32G,0,best_ensemble_model,,higgs,0.735425,autosklearn_constantlier,,,8
2831,131,3600s8c32G,1,best_ensemble_model,,higgs,0.720648,autosklearn_constantlier,,,8
2832,132,3600s8c32G,2,best_ensemble_model,,higgs,0.730771,autosklearn_constantlier,,,8
2833,133,3600s8c32G,3,best_ensemble_model,,higgs,0.728912,autosklearn_constantlier,,,8
2834,134,3600s8c32G,4,best_ensemble_model,,higgs,0.738086,autosklearn_constantlier,,,8
2835,135,3600s8c32G,0,best_ensemble_model,,kr-vs-kp,1.0,autosklearn_constantlier,,,8
2836,136,3600s8c32G,1,best_ensemble_model,,kr-vs-kp,0.991018,autosklearn_constantlier,,,8
2837,137,3600s8c32G,2,best_ensemble_model,,kr-vs-kp,0.996732,autosklearn_constantlier,,,8
2838,138,3600s8c32G,3,best_ensemble_model,,kr-vs-kp,0.997006,autosklearn_constantlier,,,8
2839,139,3600s8c32G,4,best_ensemble_model,,kr-vs-kp,1.0,autosklearn_constantlier,,,8
2840,140,3600s8c32G,0,best_ensemble_model,,segment,0.987013,autosklearn_constantlier,,,8
2841,141,3600s8c32G,1,best_ensemble_model,,segment,0.982684,autosklearn_constantlier,,,8
2842,142,3600s8c32G,2,best_ensemble_model,,segment,0.995671,autosklearn_constantlier,,,8
2843,143,3600s8c32G,3,best_ensemble_model,,segment,0.995671,autosklearn_constantlier,,,8
2844,144,3600s8c32G,4,best_ensemble_model,,segment,1.0,autosklearn_constantlier,,,8
2845,145,3600s8c32G,0,best_ensemble_model,,vehicle,0.859253,autosklearn_constantlier,,,8
2846,146,3600s8c32G,1,best_ensemble_model,,vehicle,0.848485,autosklearn_constantlier,,,8
2847,147,3600s8c32G,2,best_ensemble_model,,vehicle,0.814394,autosklearn_constantlier,,,8
2848,148,3600s8c32G,3,best_ensemble_model,,vehicle,0.825758,autosklearn_constantlier,,,8
2849,149,3600s8c32G,4,best_ensemble_model,,vehicle,0.850108,autosklearn_constantlier,,,8
2900,50,3600s8c32G,0,best_ensemble_model,,Albert,0.687776,autosklearn,,,9
2901,51,3600s8c32G,1,best_ensemble_model,,Albert,0.688811,autosklearn,,,9
2902,52,3600s8c32G,2,best_ensemble_model,,Albert,0.691116,autosklearn,,,9
2903,53,3600s8c32G,3,best_ensemble_model,,Albert,0.680416,autosklearn,,,9
2904,54,3600s8c32G,4,best_ensemble_model,,Albert,0.69422,autosklearn,,,9
2905,55,3600s8c32G,0,best_ensemble_model,,Australian,0.8858229999999999,autosklearn,,,9
2906,56,3600s8c32G,1,best_ensemble_model,,Australian,0.8476229999999999,autosklearn,,,9
2907,57,3600s8c32G,2,best_ensemble_model,,Australian,0.817063,autosklearn,,,9
2908,58,3600s8c32G,3,best_ensemble_model,,Australian,0.84635,autosklearn,,,9
2909,59,3600s8c32G,4,best_ensemble_model,,Australian,0.91511,autosklearn,,,9
2910,60,3600s8c32G,0,best_ensemble_model,,MiniBooNE,0.93987,autosklearn,,,9
2911,61,3600s8c32G,1,best_ensemble_model,,MiniBooNE,0.943444,autosklearn,,,9
2912,62,3600s8c32G,2,best_ensemble_model,,MiniBooNE,0.939092,autosklearn,,,9
2913,63,3600s8c32G,3,best_ensemble_model,,MiniBooNE,0.944649,autosklearn,,,9
2914,64,3600s8c32G,4,best_ensemble_model,,MiniBooNE,0.942486,autosklearn,,,9
2915,65,3600s8c32G,0,best_ensemble_model,,adult,0.848474,autosklearn,,,9
2916,66,3600s8c32G,1,best_ensemble_model,,adult,0.837123,autosklearn,,,9
2917,67,3600s8c32G,2,best_ensemble_model,,adult,0.8488180000000001,autosklearn,,,9
2918,68,3600s8c32G,3,best_ensemble_model,,adult,0.8399129999999999,autosklearn,,,9
2919,69,3600s8c32G,4,best_ensemble_model,,adult,0.837809,autosklearn,,,9
2920,70,3600s8c32G,0,best_ensemble_model,,cnae-9,0.981481,autosklearn,,,9
2921,71,3600s8c32G,1,best_ensemble_model,,cnae-9,0.916667,autosklearn,,,9
2922,72,3600s8c32G,2,best_ensemble_model,,cnae-9,0.972222,autosklearn,,,9
2923,73,3600s8c32G,3,best_ensemble_model,,cnae-9,0.925926,autosklearn,,,9
2924,74,3600s8c32G,4,best_ensemble_model,,cnae-9,0.962963,autosklearn,,,9
2925,75,3600s8c32G,0,best_ensemble_model,,connect-4,0.770777,autosklearn,,,9
2926,76,3600s8c32G,1,best_ensemble_model,,connect-4,0.762456,autosklearn,,,9
2927,77,3600s8c32G,2,best_ensemble_model,,connect-4,0.783838,autosklearn,,,9
2928,78,3600s8c32G,3,best_ensemble_model,,connect-4,0.756158,autosklearn,,,9
2929,79,3600s8c32G,4,best_ensemble_model,,connect-4,0.76825,autosklearn,,,9
2930,80,3600s8c32G,0,best_ensemble_model,,higgs,0.736803,autosklearn,,,9
2931,81,3600s8c32G,1,best_ensemble_model,,higgs,0.723535,autosklearn,,,9
2932,82,3600s8c32G,2,best_ensemble_model,,higgs,0.7327520000000001,autosklearn,,,9
2933,83,3600s8c32G,3,best_ensemble_model,,higgs,0.7297520000000001,autosklearn,,,9
2934,84,3600s8c32G,4,best_ensemble_model,,higgs,0.738531,autosklearn,,,9
2935,85,3600s8c32G,0,best_ensemble_model,,kr-vs-kp,0.993738,autosklearn,,,9
2936,86,3600s8c32G,1,best_ensemble_model,,kr-vs-kp,0.988024,autosklearn,,,9
2937,87,3600s8c32G,2,best_ensemble_model,,kr-vs-kp,0.996732,autosklearn,,,9
2938,88,3600s8c32G,3,best_ensemble_model,,kr-vs-kp,1.0,autosklearn,,,9
2939,89,3600s8c32G,4,best_ensemble_model,,kr-vs-kp,1.0,autosklearn,,,9
2940,90,3600s8c32G,0,best_ensemble_model,,segment,0.991342,autosklearn,,,9
2941,91,3600s8c32G,1,best_ensemble_model,,segment,0.982684,autosklearn,,,9
2942,92,3600s8c32G,2,best_ensemble_model,,segment,0.991342,autosklearn,,,9
2943,93,3600s8c32G,3,best_ensemble_model,,segment,0.995671,autosklearn,,,9
2944,94,3600s8c32G,4,best_ensemble_model,,segment,1.0,autosklearn,,,9
2945,95,3600s8c32G,0,best_ensemble_model,,vehicle,0.894426,autosklearn,,,9
2946,96,3600s8c32G,1,best_ensemble_model,,vehicle,0.825216,autosklearn,,,9
2947,97,3600s8c32G,2,best_ensemble_model,,vehicle,0.824675,autosklearn,,,9
2948,98,3600s8c32G,3,best_ensemble_model,,vehicle,0.8149350000000001,autosklearn,,,9
2949,99,3600s8c32G,4,best_ensemble_model,,vehicle,0.8733770000000001,autosklearn,,,9
2950,100,3600s8c32G,0,best_ensemble_model,,Albert,0.687753,autosklearn_constantlier,,,9
2951,101,3600s8c32G,1,best_ensemble_model,,Albert,0.6880350000000001,autosklearn_constantlier,,,9
2952,102,3600s8c32G,2,best_ensemble_model,,Albert,0.691092,autosklearn_constantlier,,,9
2953,103,3600s8c32G,3,best_ensemble_model,,Albert,0.686083,autosklearn_constantlier,,,9
2954,104,3600s8c32G,4,best_ensemble_model,,Albert,0.690975,autosklearn_constantlier,,,9
2955,105,3600s8c32G,0,best_ensemble_model,,Australian,0.8756370000000001,autosklearn_constantlier,,,9
2956,106,3600s8c32G,1,best_ensemble_model,,Australian,0.8476229999999999,autosklearn_constantlier,,,9
2957,107,3600s8c32G,2,best_ensemble_model,,Australian,0.833192,autosklearn_constantlier,,,9
2958,108,3600s8c32G,3,best_ensemble_model,,Australian,0.8595079999999999,autosklearn_constantlier,,,9
2959,109,3600s8c32G,4,best_ensemble_model,,Australian,0.8989809999999999,autosklearn_constantlier,,,9
2960,110,3600s8c32G,0,best_ensemble_model,,MiniBooNE,0.938243,autosklearn_constantlier,,,9
2961,111,3600s8c32G,1,best_ensemble_model,,MiniBooNE,0.939072,autosklearn_constantlier,,,9
2962,112,3600s8c32G,2,best_ensemble_model,,MiniBooNE,0.940282,autosklearn_constantlier,,,9
2963,113,3600s8c32G,3,best_ensemble_model,,MiniBooNE,0.942686,autosklearn_constantlier,,,9
2964,114,3600s8c32G,4,best_ensemble_model,,MiniBooNE,0.941287,autosklearn_constantlier,,,9
2965,115,3600s8c32G,0,best_ensemble_model,,adult,0.849032,autosklearn_constantlier,,,9
2966,116,3600s8c32G,1,best_ensemble_model,,adult,0.839103,autosklearn_constantlier,,,9
2967,117,3600s8c32G,2,best_ensemble_model,,adult,0.850359,autosklearn_constantlier,,,9
2968,118,3600s8c32G,3,best_ensemble_model,,adult,0.8413069999999999,autosklearn_constantlier,,,9
2969,119,3600s8c32G,4,best_ensemble_model,,adult,0.837455,autosklearn_constantlier,,,9
2970,120,3600s8c32G,0,best_ensemble_model,,cnae-9,0.944444,autosklearn_constantlier,,,9
2971,121,3600s8c32G,1,best_ensemble_model,,cnae-9,0.907407,autosklearn_constantlier,,,9
2972,122,3600s8c32G,2,best_ensemble_model,,cnae-9,0.972222,autosklearn_constantlier,,,9
2973,123,3600s8c32G,3,best_ensemble_model,,cnae-9,0.935185,autosklearn_constantlier,,,9
2974,124,3600s8c32G,4,best_ensemble_model,,cnae-9,0.962963,autosklearn_constantlier,,,9
2975,125,3600s8c32G,0,best_ensemble_model,,connect-4,0.754713,autosklearn_constantlier,,,9
2976,126,3600s8c32G,1,best_ensemble_model,,connect-4,0.7704479999999999,autosklearn_constantlier,,,9
2977,127,3600s8c32G,2,best_ensemble_model,,connect-4,0.786505,autosklearn_constantlier,,,9
2978,128,3600s8c32G,3,best_ensemble_model,,connect-4,0.757166,autosklearn_constantlier,,,9
2979,129,3600s8c32G,4,best_ensemble_model,,connect-4,0.777766,autosklearn_constantlier,,,9
2980,130,3600s8c32G,0,best_ensemble_model,,higgs,0.733442,autosklearn_constantlier,,,9
2981,131,3600s8c32G,1,best_ensemble_model,,higgs,0.7202770000000001,autosklearn_constantlier,,,9
2982,132,3600s8c32G,2,best_ensemble_model,,higgs,0.731115,autosklearn_constantlier,,,9
2983,133,3600s8c32G,3,best_ensemble_model,,higgs,0.731977,autosklearn_constantlier,,,9
2984,134,3600s8c32G,4,best_ensemble_model,,higgs,0.734128,autosklearn_constantlier,,,9
2985,135,3600s8c32G,0,best_ensemble_model,,kr-vs-kp,0.993738,autosklearn_constantlier,,,9
2986,136,3600s8c32G,1,best_ensemble_model,,kr-vs-kp,0.988024,autosklearn_constantlier,,,9
2987,137,3600s8c32G,2,best_ensemble_model,,kr-vs-kp,0.996732,autosklearn_constantlier,,,9
2988,138,3600s8c32G,3,best_ensemble_model,,kr-vs-kp,0.997006,autosklearn_constantlier,,,9
2989,139,3600s8c32G,4,best_ensemble_model,,kr-vs-kp,1.0,autosklearn_constantlier,,,9
2990,140,3600s8c32G,0,best_ensemble_model,,segment,0.991342,autosklearn_constantlier,,,9
2991,141,3600s8c32G,1,best_ensemble_model,,segment,0.987013,autosklearn_constantlier,,,9
2992,142,3600s8c32G,2,best_ensemble_model,,segment,0.991342,autosklearn_constantlier,,,9
2993,143,3600s8c32G,3,best_ensemble_model,,segment,0.987013,autosklearn_constantlier,,,9
2994,144,3600s8c32G,4,best_ensemble_model,,segment,1.0,autosklearn_constantlier,,,9
2995,145,3600s8c32G,0,best_ensemble_model,,vehicle,0.894426,autosklearn_constantlier,,,9
2996,146,3600s8c32G,1,best_ensemble_model,,vehicle,0.8376620000000001,autosklearn_constantlier,,,9
2997,147,3600s8c32G,2,best_ensemble_model,,vehicle,0.791126,autosklearn_constantlier,,,9
2998,148,3600s8c32G,3,best_ensemble_model,,vehicle,0.8138529999999999,autosklearn_constantlier,,,9
2999,149,3600s8c32G,4,best_ensemble_model,,vehicle,0.849567,autosklearn_constantlier,,,9
