,hue,repeated_ensemble,performance,model,dataset_name,level,repeat,multikfold,seed,val_score
0,test_performance_singlemodelFalse,False,0.7983868968445114,HistGradientBoostingClassifier,7592,0,1,True,49,0.7902802820613286
1,test_performance_singlemodelFalse,False,0.7799088225252546,RandomForestClassifier,7592,0,1,True,49,0.7696718995081162
2,test_performance_singlemodelFalse,False,0.760649988387823,DecisionTreeClassifier,7592,0,1,True,49,0.7440597345476232
3,test_performance_singlemodelFalse,False,0.7005461401410631,LinearDiscriminantAnalysis,7592,0,1,True,49,0.7004684113218417
4,test_performance_singlemodelFalse,False,0.780219154920418,GradientBoostingClassifier,7592,0,1,True,49,0.7752288138676693
5,test_performance_singlemodelFalse,False,0.6233457613420661,MLPClassifier,7592,0,1,True,49,0.6164972778408104
6,test_performance_singlemodelFalse,False,0.7978118053429843,EnsembleSelection,7592,0,1,True,49,0.7904548291808046
7,test_performance_singlemodelFalse,True,,EnsembleSelection,7592,0,1,True,49,
8,test_performance_singlemodelFalse,False,0.8015946641807706,HistGradientBoostingClassifier,7592,1,1,True,49,0.7892005469921409
9,test_performance_singlemodelFalse,False,0.790419810543121,RandomForestClassifier,7592,1,1,True,49,0.7855585815469239
10,test_performance_singlemodelFalse,False,0.7661998696581871,DecisionTreeClassifier,7592,1,1,True,49,0.7527648302231961
11,test_performance_singlemodelFalse,False,0.8078053397475806,LinearDiscriminantAnalysis,7592,1,1,True,49,0.7979149519293489
12,test_performance_singlemodelFalse,False,0.8026742803116993,GradientBoostingClassifier,7592,1,1,True,49,0.7916296928192726
13,test_performance_singlemodelFalse,False,0.5042995584135905,MLPClassifier,7592,1,1,True,49,0.5217751105729314
14,test_performance_singlemodelFalse,False,0.8139363448191999,EnsembleSelection,7592,1,1,True,49,0.8049778324052215
15,test_performance_singlemodelFalse,True,,EnsembleSelection,7592,1,1,True,49,
16,test_performance_singlemodelFalse,False,0.800238868034542,HistGradientBoostingClassifier,7592,2,1,True,49,0.7879334632885775
17,test_performance_singlemodelFalse,False,0.7889449132595759,RandomForestClassifier,7592,2,1,True,49,0.7824560350712186
18,test_performance_singlemodelFalse,False,0.7702179146207424,DecisionTreeClassifier,7592,2,1,True,49,0.7482965792213823
19,test_performance_singlemodelFalse,False,0.808048875457949,LinearDiscriminantAnalysis,7592,2,1,True,49,0.799210397645203
20,test_performance_singlemodelFalse,False,0.8014429187385226,GradientBoostingClassifier,7592,2,1,True,49,0.7894635228800595
21,test_performance_singlemodelFalse,False,0.7750266138443191,MLPClassifier,7592,2,1,True,49,0.6577594442879178
22,test_performance_singlemodelFalse,False,0.8163269930184959,EnsembleSelection,7592,2,1,True,49,0.8092609775980699
23,test_performance_singlemodelFalse,True,,EnsembleSelection,7592,2,1,True,49,
24,test_performance_singlemodelFalse,False,0.7979377479909683,HistGradientBoostingClassifier,7592,3,1,True,49,0.7768909932858861
25,test_performance_singlemodelFalse,False,0.7881444932938115,RandomForestClassifier,7592,3,1,True,49,0.7795885510362235
26,test_performance_singlemodelFalse,False,0.7608343781350027,DecisionTreeClassifier,7592,3,1,True,49,0.7494143521998824
27,test_performance_singlemodelFalse,False,0.8084798170653612,LinearDiscriminantAnalysis,7592,3,1,True,49,0.7982986594163475
28,test_performance_singlemodelFalse,False,0.7999065582059175,GradientBoostingClassifier,7592,3,1,True,49,0.7891373546181111
29,test_performance_singlemodelFalse,False,0.6465990445867136,MLPClassifier,7592,3,1,True,49,0.6008881326450288
30,test_performance_singlemodelFalse,False,0.8082461390155242,EnsembleSelection,7592,3,1,True,49,0.7986460413246665
31,test_performance_singlemodelFalse,True,,EnsembleSelection,7592,3,1,True,49,
32,test_performance_singlemodelFalse,False,0.8006083463928944,HistGradientBoostingClassifier,7592,4,1,True,49,0.7875898050849125
33,test_performance_singlemodelFalse,False,0.7855649311225397,RandomForestClassifier,7592,4,1,True,49,0.7838722123861527
34,test_performance_singlemodelFalse,False,0.7741965289411717,DecisionTreeClassifier,7592,4,1,True,49,0.7491657406358024
35,test_performance_singlemodelFalse,False,0.8093697651868479,LinearDiscriminantAnalysis,7592,4,1,True,49,0.7978990247965713
36,test_performance_singlemodelFalse,False,0.8029261656076669,GradientBoostingClassifier,7592,4,1,True,49,0.7893775540507201
37,test_performance_singlemodelFalse,False,0.6751776346749536,MLPClassifier,7592,4,1,True,49,0.6674292129685171
38,test_performance_singlemodelFalse,False,0.8084441566105656,EnsembleSelection,7592,4,1,True,49,0.7979854421909927
39,test_performance_singlemodelFalse,True,,EnsembleSelection,7592,4,1,True,49,
40,test_performance_singlemodelFalse,False,0.8034838039005292,HistGradientBoostingClassifier,7592,5,1,True,49,0.7874511349790339
41,test_performance_singlemodelFalse,False,0.7942201225895721,RandomForestClassifier,7592,5,1,True,49,0.7782233626671957
42,test_performance_singlemodelFalse,False,0.7693211249885883,DecisionTreeClassifier,7592,5,1,True,49,0.7404924992257849
43,test_performance_singlemodelFalse,False,0.8092081620840683,LinearDiscriminantAnalysis,7592,5,1,True,49,0.7977656412042855
44,test_performance_singlemodelFalse,False,0.8066468071589273,GradientBoostingClassifier,7592,5,1,True,49,0.7916352783762537
45,test_performance_singlemodelFalse,False,0.6170471208679391,MLPClassifier,7592,5,1,True,49,0.6774241831406597
46,test_performance_singlemodelFalse,False,0.8085974101277458,EnsembleSelection,7592,5,1,True,49,0.7981244113402595
47,test_performance_singlemodelFalse,True,,EnsembleSelection,7592,5,1,True,49,
48,test_performance_singlemodelFalse,False,0.8047493178535694,HistGradientBoostingClassifier,7592,6,1,True,49,0.7850537758254587
49,test_performance_singlemodelFalse,False,0.7799399587552541,RandomForestClassifier,7592,6,1,True,49,0.7727023929132386
50,test_performance_singlemodelFalse,False,0.75891943562098,DecisionTreeClassifier,7592,6,1,True,49,0.7303013340604102
51,test_performance_singlemodelFalse,False,0.8112126327538132,LinearDiscriminantAnalysis,7592,6,1,True,49,0.8003434320777059
52,test_performance_singlemodelFalse,False,0.8052993605982982,GradientBoostingClassifier,7592,6,1,True,49,0.7869798958537568
53,test_performance_singlemodelFalse,False,0.7147648407263213,MLPClassifier,7592,6,1,True,49,0.6972070031668367
54,test_performance_singlemodelFalse,False,0.8110957937288947,EnsembleSelection,7592,6,1,True,49,0.8004722767648687
55,test_performance_singlemodelFalse,True,,EnsembleSelection,7592,6,1,True,49,
56,test_performance_singlemodelFalse,False,0.7977935980968536,HistGradientBoostingClassifier,7592,0,1,False,49,0.791953700185506
57,test_performance_singlemodelFalse,False,0.7799634442636472,RandomForestClassifier,7592,0,1,False,49,0.7737659018062606
58,test_performance_singlemodelFalse,False,0.764233321555636,DecisionTreeClassifier,7592,0,1,False,49,0.7436979883154654
59,test_performance_singlemodelFalse,False,0.7005461401410631,LinearDiscriminantAnalysis,7592,0,1,False,49,0.6997229576026853
60,test_performance_singlemodelFalse,False,0.7815491482723824,GradientBoostingClassifier,7592,0,1,False,49,0.7768534039416557
61,test_performance_singlemodelFalse,False,0.5839125628453445,MLPClassifier,7592,0,1,False,49,0.6025798907315123
62,test_performance_singlemodelFalse,False,0.7977935980968536,EnsembleSelection,7592,0,1,False,49,0.791953700185506
63,test_performance_singlemodelFalse,True,,EnsembleSelection,7592,0,1,False,49,
64,test_performance_singlemodelFalse,False,0.7973353456202451,HistGradientBoostingClassifier,7592,1,1,False,49,0.7881691914080623
65,test_performance_singlemodelFalse,False,0.7916413144557664,RandomForestClassifier,7592,1,1,False,49,0.7871680596886015
66,test_performance_singlemodelFalse,False,0.7807456018098076,DecisionTreeClassifier,7592,1,1,False,49,0.7575752585494313
67,test_performance_singlemodelFalse,False,0.8080299141743521,LinearDiscriminantAnalysis,7592,1,1,False,49,0.7999781792545868
68,test_performance_singlemodelFalse,False,0.7991501482805481,GradientBoostingClassifier,7592,1,1,False,49,0.7889963740948234
69,test_performance_singlemodelFalse,False,0.6251522695902427,MLPClassifier,7592,1,1,False,49,0.6597271252024288
70,test_performance_singlemodelFalse,False,0.8072750123239147,EnsembleSelection,7592,1,1,False,49,0.7992654769311499
71,test_performance_singlemodelFalse,True,,EnsembleSelection,7592,1,1,False,49,
72,test_performance_singlemodelFalse,False,0.7926981991157679,HistGradientBoostingClassifier,7592,2,1,False,49,0.7907536820823206
73,test_performance_singlemodelFalse,False,0.7847834724403719,RandomForestClassifier,7592,2,1,False,49,0.7842015062659791
74,test_performance_singlemodelFalse,False,0.771533526087379,DecisionTreeClassifier,7592,2,1,False,49,0.7534634672661823
75,test_performance_singlemodelFalse,False,0.8061339329439263,LinearDiscriminantAnalysis,7592,2,1,False,49,0.7973682350722231
76,test_performance_singlemodelFalse,False,0.7904243899413903,GradientBoostingClassifier,7592,2,1,False,49,0.7870370541057236
77,test_performance_singlemodelFalse,False,0.7426128236834562,MLPClassifier,7592,2,1,False,49,0.7253597895462083
78,test_performance_singlemodelFalse,False,0.8028988547384708,EnsembleSelection,7592,2,1,False,49,0.7971462731898009
79,test_performance_singlemodelFalse,True,,EnsembleSelection,7592,2,1,False,49,
80,test_performance_singlemodelFalse,False,0.7963664810410337,HistGradientBoostingClassifier,7592,3,1,False,49,0.7891153933632703
81,test_performance_singlemodelFalse,False,0.795136627542789,RandomForestClassifier,7592,3,1,False,49,0.7879217760175347
82,test_performance_singlemodelFalse,False,0.7771493948315991,DecisionTreeClassifier,7592,3,1,False,49,0.7526802746811017
83,test_performance_singlemodelFalse,False,0.8013890510375961,LinearDiscriminantAnalysis,7592,3,1,False,49,0.7965936041403073
84,test_performance_singlemodelFalse,False,0.7985674612308877,GradientBoostingClassifier,7592,3,1,False,49,0.7886441542379934
85,test_performance_singlemodelFalse,False,0.701543878837876,MLPClassifier,7592,3,1,False,49,0.7107515118466202
86,test_performance_singlemodelFalse,False,0.801559757763441,EnsembleSelection,7592,3,1,False,49,0.7979539545608242
87,test_performance_singlemodelFalse,True,,EnsembleSelection,7592,3,1,False,49,
88,test_performance_singlemodelFalse,False,0.7925548032591191,HistGradientBoostingClassifier,7592,4,1,False,49,0.7885251349695463
89,test_performance_singlemodelFalse,False,0.7914782032780546,RandomForestClassifier,7592,4,1,False,49,0.7869676104959379
90,test_performance_singlemodelFalse,False,0.780690226033949,DecisionTreeClassifier,7592,4,1,False,49,0.7536962192894833
91,test_performance_singlemodelFalse,False,0.8078425082773084,LinearDiscriminantAnalysis,7592,4,1,False,49,0.7988823675309275
92,test_performance_singlemodelFalse,False,0.7953763930658273,GradientBoostingClassifier,7592,4,1,False,49,0.7855169694546514
93,test_performance_singlemodelFalse,False,0.6862493323090194,MLPClassifier,7592,4,1,False,49,0.6251946598355653
94,test_performance_singlemodelFalse,False,0.8078425082773084,EnsembleSelection,7592,4,1,False,49,0.7988823675309275
95,test_performance_singlemodelFalse,True,,EnsembleSelection,7592,4,1,False,49,
96,test_performance_singlemodelFalse,False,0.7897870811533374,HistGradientBoostingClassifier,7592,5,1,False,49,0.7860848999581479
97,test_performance_singlemodelFalse,False,0.7896831159388145,RandomForestClassifier,7592,5,1,False,49,0.7840528612196905
98,test_performance_singlemodelFalse,False,0.7703135302496658,DecisionTreeClassifier,7592,5,1,False,49,0.753301721661606
99,test_performance_singlemodelFalse,False,0.8040679990251215,LinearDiscriminantAnalysis,7592,5,1,False,49,0.7954910926158101
100,test_performance_singlemodelFalse,False,0.7876490722874754,GradientBoostingClassifier,7592,5,1,False,49,0.7847063119874442
101,test_performance_singlemodelFalse,False,0.7791970663308,MLPClassifier,7592,5,1,False,49,0.6726241148244025
102,test_performance_singlemodelFalse,False,0.7986129793462149,EnsembleSelection,7592,5,1,False,49,0.7959019659415472
103,test_performance_singlemodelFalse,True,,EnsembleSelection,7592,5,1,False,49,
104,test_performance_singlemodelFalse,False,0.8010309384147072,HistGradientBoostingClassifier,7592,6,1,False,49,0.786908807505337
105,test_performance_singlemodelFalse,False,0.8001789128604142,RandomForestClassifier,7592,6,1,False,49,0.7821657438228675
106,test_performance_singlemodelFalse,False,0.7783443419125141,DecisionTreeClassifier,7592,6,1,False,49,0.7478553325093336
107,test_performance_singlemodelFalse,False,0.8005271678227717,LinearDiscriminantAnalysis,7592,6,1,False,49,0.7931355626682002
108,test_performance_singlemodelFalse,False,0.794173096399313,GradientBoostingClassifier,7592,6,1,False,49,0.7812400079055601
109,test_performance_singlemodelFalse,False,0.7774893002083572,MLPClassifier,7592,6,1,False,49,0.7298972137898132
110,test_performance_singlemodelFalse,False,0.800599242769829,EnsembleSelection,7592,6,1,False,49,0.7954177757796763
111,test_performance_singlemodelFalse,True,,EnsembleSelection,7592,6,1,False,49,
112,test_performance_singlemodelFalse,False,0.7971380820626699,HistGradientBoostingClassifier,7592,0,2,True,49,0.7927953967177996
113,test_performance_singlemodelFalse,False,0.7806910352448881,RandomForestClassifier,7592,0,2,True,49,0.7733938815903049
114,test_performance_singlemodelFalse,False,0.7532262136674404,DecisionTreeClassifier,7592,0,2,True,49,0.7122436011207884
115,test_performance_singlemodelFalse,False,0.7005461401410631,LinearDiscriminantAnalysis,7592,0,2,True,49,0.7003868318759311
116,test_performance_singlemodelFalse,False,0.779662270665022,GradientBoostingClassifier,7592,0,2,True,49,0.776070360878269
117,test_performance_singlemodelFalse,False,0.6291808159038492,MLPClassifier,7592,0,2,True,49,0.5999039419383256
118,test_performance_singlemodelFalse,False,0.7975333632152863,EnsembleSelection,7592,0,2,True,49,0.7925963608123812
119,test_performance_singlemodelFalse,True,,EnsembleSelection,7592,0,2,True,49,
120,test_performance_singlemodelFalse,False,0.7984043500531761,HistGradientBoostingClassifier,7592,1,2,True,49,0.7912277477820874
121,test_performance_singlemodelFalse,False,0.7934834279852656,RandomForestClassifier,7592,1,2,True,49,0.7914091442240954
122,test_performance_singlemodelFalse,False,0.7650747905854045,DecisionTreeClassifier,7592,1,2,True,49,0.7247995235657128
123,test_performance_singlemodelFalse,False,0.8065390717570743,LinearDiscriminantAnalysis,7592,1,2,True,49,0.8005720118312707
124,test_performance_singlemodelFalse,False,0.8017744745296811,GradientBoostingClassifier,7592,1,2,True,49,0.7927432935280366
125,test_performance_singlemodelFalse,False,0.7936671556507677,MLPClassifier,7592,1,2,True,49,0.6400982305914061
126,test_performance_singlemodelFalse,False,0.827410755252018,EnsembleSelection,7592,1,2,True,49,0.8126050548639338
127,test_performance_singlemodelFalse,True,,EnsembleSelection,7592,1,2,True,49,
128,test_performance_singlemodelFalse,False,0.794173096399313,HistGradientBoostingClassifier,7592,2,2,True,49,0.7889718853088807
129,test_performance_singlemodelFalse,False,0.7881088328390158,RandomForestClassifier,7592,2,2,True,49,0.7897585025552274
130,test_performance_singlemodelFalse,False,0.7702938701020761,DecisionTreeClassifier,7592,2,2,True,49,0.7214918394705271
131,test_performance_singlemodelFalse,False,0.8075542084890788,LinearDiscriminantAnalysis,7592,2,2,True,49,0.7992916780477255
132,test_performance_singlemodelFalse,False,0.7921238616517069,GradientBoostingClassifier,7592,2,2,True,49,0.7874970545250397
133,test_performance_singlemodelFalse,False,0.7282575687522166,MLPClassifier,7592,2,2,True,49,0.639306404664677
134,test_performance_singlemodelFalse,False,0.8040672449876555,EnsembleSelection,7592,2,2,True,49,0.7998215706419094
135,test_performance_singlemodelFalse,True,,EnsembleSelection,7592,2,2,True,49,
136,test_performance_singlemodelFalse,False,0.7880610526112906,HistGradientBoostingClassifier,7592,3,2,True,49,0.7850452817642923
137,test_performance_singlemodelFalse,False,0.7884859067455015,RandomForestClassifier,7592,3,2,True,49,0.7868860310500272
138,test_performance_singlemodelFalse,False,0.7709956582890529,DecisionTreeClassifier,7592,3,2,True,49,0.7161579193075578
139,test_performance_singlemodelFalse,False,0.8036006429254476,LinearDiscriminantAnalysis,7592,3,2,True,49,0.7983568643201724
140,test_performance_singlemodelFalse,False,0.7915305629040491,GradientBoostingClassifier,7592,3,2,True,49,0.7869214594985425
141,test_performance_singlemodelFalse,False,0.6432653897759435,MLPClassifier,7592,3,2,True,49,0.6408616576374817
142,test_performance_singlemodelFalse,False,0.8035467752245211,EnsembleSelection,7592,3,2,True,49,0.7982214693538656
143,test_performance_singlemodelFalse,True,,EnsembleSelection,7592,3,2,True,49,
144,test_performance_singlemodelFalse,False,0.7931572056298424,HistGradientBoostingClassifier,7592,4,2,True,49,0.7867161723573681
145,test_performance_singlemodelFalse,False,0.7876346352286745,RandomForestClassifier,7592,4,2,True,49,0.7850443170421295
146,test_performance_singlemodelFalse,False,0.7642030497100487,DecisionTreeClassifier,7592,4,2,True,49,0.7166324335724067
147,test_performance_singlemodelFalse,False,0.804247809374032,LinearDiscriminantAnalysis,7592,4,2,True,49,0.7965040611280079
148,test_performance_singlemodelFalse,False,0.7896899574494818,GradientBoostingClassifier,7592,4,2,True,49,0.7859148917437946
149,test_performance_singlemodelFalse,False,0.6356913225147716,MLPClassifier,7592,4,2,True,49,0.5996491856470939
150,test_performance_singlemodelFalse,False,0.8037531424051618,EnsembleSelection,7592,4,2,True,49,0.7966198052568829
151,test_performance_singlemodelFalse,True,,EnsembleSelection,7592,4,2,True,49,
152,test_performance_singlemodelFalse,False,0.7881611924650103,HistGradientBoostingClassifier,7592,5,2,True,49,0.7813329755791256
153,test_performance_singlemodelFalse,False,0.7918370699384094,RandomForestClassifier,7592,5,2,True,49,0.7815602239751408
154,test_performance_singlemodelFalse,False,0.769799957170672,DecisionTreeClassifier,7592,5,2,True,49,0.7183581044080413
155,test_performance_singlemodelFalse,False,0.806234072797646,LinearDiscriminantAnalysis,7592,5,2,True,49,0.7984877203813562
156,test_performance_singlemodelFalse,False,0.786875209153441,GradientBoostingClassifier,7592,5,2,True,49,0.7828744233982623
157,test_performance_singlemodelFalse,False,0.6655672616500443,MLPClassifier,7592,5,2,True,49,0.6291797345554884
158,test_performance_singlemodelFalse,False,0.8057219526201109,EnsembleSelection,7592,5,2,True,49,0.7984877203813562
159,test_performance_singlemodelFalse,True,,EnsembleSelection,7592,5,2,True,49,
160,test_performance_singlemodelFalse,False,0.7929697997327985,HistGradientBoostingClassifier,7592,6,2,True,49,0.7851240346357131
161,test_performance_singlemodelFalse,False,0.7938331910225549,RandomForestClassifier,7592,6,2,True,49,0.7850934441357087
162,test_performance_singlemodelFalse,False,0.7690731202268968,DecisionTreeClassifier,7592,6,2,True,49,0.7168267810510084
163,test_performance_singlemodelFalse,False,0.8071953418287241,LinearDiscriminantAnalysis,7592,6,2,True,49,0.7966007525062273
164,test_performance_singlemodelFalse,False,0.7965197345582138,GradientBoostingClassifier,7592,6,2,True,49,0.7859136279782437
165,test_performance_singlemodelFalse,False,0.6271104681071945,MLPClassifier,7592,6,2,True,49,0.6068938967923598
166,test_performance_singlemodelFalse,False,0.806000394747809,EnsembleSelection,7592,6,2,True,49,0.7972254746263037
167,test_performance_singlemodelFalse,True,,EnsembleSelection,7592,6,2,True,49,
168,test_performance_singlemodelFalse,False,0.7981623224177399,HistGradientBoostingClassifier,7592,0,2,False,49,0.7934151313676712
169,test_performance_singlemodelFalse,False,0.780709242491019,RandomForestClassifier,7592,0,2,False,49,0.7757313235094221
170,test_performance_singlemodelFalse,False,0.7563459609229095,DecisionTreeClassifier,7592,0,2,False,49,0.7133565361507775
171,test_performance_singlemodelFalse,False,0.7005461401410631,LinearDiscriminantAnalysis,7592,0,2,False,49,0.7004618610426978
172,test_performance_singlemodelFalse,False,0.780237362166549,GradientBoostingClassifier,7592,0,2,False,49,0.7765515749439558
173,test_performance_singlemodelFalse,False,0.5978331059818417,MLPClassifier,7592,0,2,False,49,0.5909394834743995
174,test_performance_singlemodelFalse,False,0.7981623224177399,EnsembleSelection,7592,0,2,False,49,0.7934151313676712
175,test_performance_singlemodelFalse,True,,EnsembleSelection,7592,0,2,False,49,
176,test_performance_singlemodelFalse,False,0.7956639388165907,HistGradientBoostingClassifier,7592,1,2,False,49,0.7894088102294992
177,test_performance_singlemodelFalse,False,0.794624507365254,RandomForestClassifier,7592,1,2,False,49,0.7952764962130006
178,test_performance_singlemodelFalse,False,0.7685162359715008,DecisionTreeClassifier,7592,1,2,False,49,0.7190188530634091
179,test_performance_singlemodelFalse,False,0.8073743981401684,LinearDiscriminantAnalysis,7592,1,2,False,49,0.8007955365226318
180,test_performance_singlemodelFalse,False,0.7953672894427619,GradientBoostingClassifier,7592,1,2,False,49,0.79042349107233
181,test_performance_singlemodelFalse,False,0.7309925913795936,MLPClassifier,7592,1,2,False,49,0.6309282391972194
182,test_performance_singlemodelFalse,False,0.8060709616199344,EnsembleSelection,7592,1,2,False,49,0.8015196270737235
183,test_performance_singlemodelFalse,True,,EnsembleSelection,7592,1,2,False,49,
184,test_performance_singlemodelFalse,False,0.790335615823134,HistGradientBoostingClassifier,7592,2,2,False,49,0.7929565442355999
185,test_performance_singlemodelFalse,False,0.7909038658139937,RandomForestClassifier,7592,2,2,False,49,0.7927677823139793
186,test_performance_singlemodelFalse,False,0.7686141137128224,DecisionTreeClassifier,7592,2,2,False,49,0.7247457080453167
187,test_performance_singlemodelFalse,False,0.8078508578629078,LinearDiscriminantAnalysis,7592,2,2,False,49,0.8014185463120753
188,test_performance_singlemodelFalse,False,0.7963566233805022,GradientBoostingClassifier,7592,2,2,False,49,0.7931572924716515
189,test_performance_singlemodelFalse,False,0.6672910280796931,MLPClassifier,7592,2,2,False,49,0.6355179796477952
190,test_performance_singlemodelFalse,False,0.8075268976198826,EnsembleSelection,7592,2,2,False,49,0.8019535758981582
191,test_performance_singlemodelFalse,True,,EnsembleSelection,7592,2,2,False,49,
192,test_performance_singlemodelFalse,False,0.7926003213744462,HistGradientBoostingClassifier,7592,3,2,False,49,0.7906337656837095
193,test_performance_singlemodelFalse,False,0.7919645206613255,RandomForestClassifier,7592,3,2,False,49,0.7908725518290736
194,test_performance_singlemodelFalse,False,0.7657758247349153,DecisionTreeClassifier,7592,3,2,False,49,0.723137344147496
195,test_performance_singlemodelFalse,False,0.7999073122433835,LinearDiscriminantAnalysis,7592,3,2,False,49,0.7993597083702662
196,test_performance_singlemodelFalse,False,0.790991131857318,GradientBoostingClassifier,7592,3,2,False,49,0.7901051368550764
197,test_performance_singlemodelFalse,False,0.7431189115612629,MLPClassifier,7592,3,2,False,49,0.667931818877662
198,test_performance_singlemodelFalse,False,0.798550008022223,EnsembleSelection,7592,3,2,False,49,0.7997428177704886
199,test_performance_singlemodelFalse,True,,EnsembleSelection,7592,3,2,False,49,
200,test_performance_singlemodelFalse,False,0.792294568377552,HistGradientBoostingClassifier,7592,4,2,False,49,0.790124638170814
201,test_performance_singlemodelFalse,False,0.7928901292376078,RandomForestClassifier,7592,4,2,False,49,0.7899865661517115
202,test_performance_singlemodelFalse,False,0.7694699094544455,DecisionTreeClassifier,7592,4,2,False,49,0.7206579569829281
203,test_performance_singlemodelFalse,False,0.7994308525206442,LinearDiscriminantAnalysis,7592,4,2,False,49,0.7976126743665669
204,test_performance_singlemodelFalse,False,0.7895534031035005,GradientBoostingClassifier,7592,4,2,False,49,0.7907688616066281
205,test_performance_singlemodelFalse,False,0.7887407530178603,MLPClassifier,7592,4,2,False,49,0.702062236795221
206,test_performance_singlemodelFalse,False,0.8034747002774637,EnsembleSelection,7592,4,2,False,49,0.8010632008373674
207,test_performance_singlemodelFalse,True,,EnsembleSelection,7592,4,2,False,49,
208,test_performance_singlemodelFalse,False,0.7929235275800054,HistGradientBoostingClassifier,7592,5,2,False,49,0.789542492865173
209,test_performance_singlemodelFalse,False,0.7943278579914251,RandomForestClassifier,7592,5,2,False,49,0.7874795645833231
210,test_performance_singlemodelFalse,False,0.7744462072982146,DecisionTreeClassifier,7592,5,2,False,49,0.7208033268896448
211,test_performance_singlemodelFalse,False,0.7999338690751139,LinearDiscriminantAnalysis,7592,5,2,False,49,0.7979695826502138
212,test_performance_singlemodelFalse,False,0.7926989531532338,GradientBoostingClassifier,7592,5,2,False,49,0.7892717029325595
213,test_performance_singlemodelFalse,False,0.6354743436361334,MLPClassifier,7592,5,2,False,49,0.634601552992123
214,test_performance_singlemodelFalse,False,0.7994217488975788,EnsembleSelection,7592,5,2,False,49,0.7980347863982646
215,test_performance_singlemodelFalse,True,,EnsembleSelection,7592,5,2,False,49,
216,test_performance_singlemodelFalse,False,0.7926723963215037,HistGradientBoostingClassifier,7592,6,2,False,49,0.7923285469759516
217,test_performance_singlemodelFalse,False,0.7895465615928332,RandomForestClassifier,7592,6,2,False,49,0.790956957849474
218,test_performance_singlemodelFalse,False,0.7679039759402461,DecisionTreeClassifier,7592,6,2,False,49,0.7230250246798869
219,test_performance_singlemodelFalse,False,0.8016955580719564,LinearDiscriminantAnalysis,7592,6,2,False,49,0.7975409203393722
220,test_performance_singlemodelFalse,False,0.7958179463712369,GradientBoostingClassifier,7592,6,2,False,49,0.7929697943155818
221,test_performance_singlemodelFalse,False,0.737335352241062,MLPClassifier,7592,6,2,False,49,0.6795168867220451
222,test_performance_singlemodelFalse,False,0.7995029274677017,EnsembleSelection,7592,6,2,False,49,0.7978032981405145
223,test_performance_singlemodelFalse,True,,EnsembleSelection,7592,6,2,False,49,
224,test_performance_singlemodelFalse,False,0.7983239255205195,HistGradientBoostingClassifier,7592,0,5,True,49,0.7937544001879073
225,test_performance_singlemodelFalse,False,0.7814011730174645,RandomForestClassifier,7592,0,5,True,49,0.7744329016973842
226,test_performance_singlemodelFalse,False,0.7629693708510008,DecisionTreeClassifier,7592,0,5,True,49,0.7611834935390693
227,test_performance_singlemodelFalse,False,0.7005461401410631,LinearDiscriminantAnalysis,7592,0,5,True,49,0.7001291425016054
228,test_performance_singlemodelFalse,False,0.7804528329702551,GradientBoostingClassifier,7592,0,5,True,49,0.7769822486288185
229,test_performance_singlemodelFalse,False,0.631692882526333,MLPClassifier,7592,0,5,True,49,0.6247718104366093
230,test_performance_singlemodelFalse,False,0.7980720402245516,EnsembleSelection,7592,0,5,True,49,0.7937902772015049
231,test_performance_singlemodelFalse,True,,EnsembleSelection,7592,0,5,True,49,
232,test_performance_singlemodelFalse,False,0.7988451493211198,HistGradientBoostingClassifier,7592,1,5,True,49,0.793483610255294
233,test_performance_singlemodelFalse,False,0.7923863586456722,RandomForestClassifier,7592,1,5,True,49,0.7927953967177996
234,test_performance_singlemodelFalse,False,0.7723438588871481,DecisionTreeClassifier,7592,1,5,True,49,0.7779780405803844
235,test_performance_singlemodelFalse,False,0.8081384036136712,LinearDiscriminantAnalysis,7592,1,5,True,49,0.80191286093605
236,test_performance_singlemodelFalse,False,0.8015499001029096,GradientBoostingClassifier,7592,1,5,True,49,0.7935963782879851
237,test_performance_singlemodelFalse,False,0.7073236127972737,MLPClassifier,7592,1,5,True,49,0.6706693972359394
238,test_performance_singlemodelFalse,False,0.8068440707165025,EnsembleSelection,7592,1,5,True,49,0.8019192616934998
239,test_performance_singlemodelFalse,True,,EnsembleSelection,7592,1,5,True,49,
240,test_performance_singlemodelFalse,False,0.7927892353464221,HistGradientBoostingClassifier,7592,2,5,True,49,0.7920365433969676
241,test_performance_singlemodelFalse,False,0.7923241413591462,RandomForestClassifier,7592,2,5,True,49,0.7931037759946435
242,test_performance_singlemodelFalse,False,0.7793526923073244,DecisionTreeClassifier,7592,2,5,True,49,0.7806942025162953
243,test_performance_singlemodelFalse,False,0.8053881347165543,LinearDiscriminantAnalysis,7592,2,5,True,49,0.8015555040873209
244,test_performance_singlemodelFalse,False,0.7936511185612465,GradientBoostingClassifier,7592,2,5,True,49,0.7921621129445584
245,test_performance_singlemodelFalse,False,0.7081369617469069,MLPClassifier,7592,2,5,True,49,0.6775012912734462
246,test_performance_singlemodelFalse,False,0.805100588965791,EnsembleSelection,7592,2,5,True,49,0.8016631351281132
247,test_performance_singlemodelFalse,True,,EnsembleSelection,7592,2,5,True,49,
248,test_performance_singlemodelFalse,False,0.7893834504151216,HistGradientBoostingClassifier,7592,3,5,True,49,0.7890138640365398
249,test_performance_singlemodelFalse,False,0.7907430167486802,RandomForestClassifier,7592,3,5,True,49,0.7916618461282161
250,test_performance_singlemodelFalse,False,0.7815893329519743,DecisionTreeClassifier,7592,3,5,True,49,0.7772113732148574
251,test_performance_singlemodelFalse,False,0.8031241832027083,LinearDiscriminantAnalysis,7592,3,5,True,49,0.8008995933804641
252,test_performance_singlemodelFalse,False,0.7996630224955492,GradientBoostingClassifier,7592,3,5,True,49,0.7930368599159596
253,test_performance_singlemodelFalse,False,0.7210453843012636,MLPClassifier,7592,3,5,True,49,0.7209220614524003
254,test_performance_singlemodelFalse,False,0.8039321987166062,EnsembleSelection,7592,3,5,True,49,0.8005356862525912
255,test_performance_singlemodelFalse,True,,EnsembleSelection,7592,3,5,True,49,
256,test_performance_singlemodelFalse,False,0.7931488560442429,HistGradientBoostingClassifier,7592,4,5,True,49,0.792599486430259
257,test_performance_singlemodelFalse,False,0.7893584016583233,RandomForestClassifier,7592,4,5,True,49,0.7930680485027402
258,test_performance_singlemodelFalse,False,0.7764840763103571,DecisionTreeClassifier,7592,4,5,True,49,0.7759244891521684
259,test_performance_singlemodelFalse,False,0.8063592614081638,LinearDiscriminantAnalysis,7592,4,5,True,49,0.8023335596805028
260,test_performance_singlemodelFalse,False,0.794622245252856,GradientBoostingClassifier,7592,4,5,True,49,0.7926600017514931
261,test_performance_singlemodelFalse,False,0.734351405294108,MLPClassifier,7592,4,5,True,49,0.7233919222416404
262,test_performance_singlemodelFalse,False,0.8061346869813923,EnsembleSelection,7592,4,5,True,49,0.8023335596805028
263,test_performance_singlemodelFalse,True,,EnsembleSelection,7592,4,5,True,49,
264,test_performance_singlemodelFalse,False,0.7920532947795815,HistGradientBoostingClassifier,7592,5,5,True,49,0.7912849879637494
265,test_performance_singlemodelFalse,False,0.7941935657578418,RandomForestClassifier,7592,5,5,True,49,0.7893916193311707
266,test_performance_singlemodelFalse,False,0.7817433405066205,DecisionTreeClassifier,7592,5,5,True,49,0.779066187781043
267,test_performance_singlemodelFalse,False,0.804355544775885,LinearDiscriminantAnalysis,7592,5,5,True,49,0.8013419543363696
268,test_performance_singlemodelFalse,False,0.7959074745269592,GradientBoostingClassifier,7592,5,5,True,49,0.7925328693949631
269,test_performance_singlemodelFalse,False,0.7464214853155066,MLPClassifier,7592,5,5,True,49,0.7381212449213932
270,test_performance_singlemodelFalse,False,0.803888188676211,EnsembleSelection,7592,5,5,True,49,0.8016567343706633
271,test_performance_singlemodelFalse,True,,EnsembleSelection,7592,5,5,True,49,
272,test_performance_singlemodelFalse,False,0.7856999773935889,HistGradientBoostingClassifier,7592,6,5,True,49,0.7886438551946053
273,test_performance_singlemodelFalse,False,0.7829800355155325,RandomForestClassifier,7592,6,5,True,49,0.7950952492926866
274,test_performance_singlemodelFalse,False,0.7725873945975166,DecisionTreeClassifier,7592,6,5,True,49,0.7793577427949449
275,test_performance_singlemodelFalse,False,0.8069260033240915,LinearDiscriminantAnalysis,7592,6,5,True,49,0.8013552044163514
276,test_performance_singlemodelFalse,False,0.7880542111006232,GradientBoostingClassifier,7592,6,5,True,49,0.7911021782344965
277,test_performance_singlemodelFalse,False,0.6656476861827011,MLPClassifier,7592,6,5,True,49,0.6519329238798492
278,test_performance_singlemodelFalse,False,0.8069260033240915,EnsembleSelection,7592,6,5,True,49,0.8013552044163514
279,test_performance_singlemodelFalse,True,,EnsembleSelection,7592,6,5,True,49,
280,test_performance_singlemodelFalse,False,0.798763970750997,HistGradientBoostingClassifier,7592,0,5,False,49,0.793540700915262
281,test_performance_singlemodelFalse,False,0.779810944783933,RandomForestClassifier,7592,0,5,False,49,0.7757377242668719
282,test_performance_singlemodelFalse,False,0.7686580685797444,DecisionTreeClassifier,7592,0,5,False,49,0.7640625153234133
283,test_performance_singlemodelFalse,False,0.7005461401410631,LinearDiscriminantAnalysis,7592,0,5,False,49,0.7002579871887682
284,test_performance_singlemodelFalse,False,0.779832977390867,GradientBoostingClassifier,7592,0,5,False,49,0.7763689147363968
285,test_performance_singlemodelFalse,False,0.6107468619719338,MLPClassifier,7592,0,5,False,49,0.6120490443118151
286,test_performance_singlemodelFalse,False,0.7980181725236251,EnsembleSelection,7592,0,5,False,49,0.7938506430010448
287,test_performance_singlemodelFalse,True,,EnsembleSelection,7592,0,5,False,49,
288,test_performance_singlemodelFalse,False,0.8000309927789694,HistGradientBoostingClassifier,7592,1,5,False,49,0.7917431265307386
289,test_performance_singlemodelFalse,False,0.7938696055148167,RandomForestClassifier,7592,1,5,False,49,0.7947576928030834
290,test_performance_singlemodelFalse,False,0.7839898388118017,DecisionTreeClassifier,7592,1,5,False,49,0.7783856387665494
291,test_performance_singlemodelFalse,False,0.8075451048660134,LinearDiscriminantAnalysis,7592,1,5,False,49,0.8024087383689634
292,test_performance_singlemodelFalse,False,0.7990515165017604,GradientBoostingClassifier,7592,1,5,False,49,0.7913124528458759
293,test_performance_singlemodelFalse,False,0.6476066409440578,MLPClassifier,7592,1,5,False,49,0.6555219709348343
294,test_performance_singlemodelFalse,False,0.8067272316915841,EnsembleSelection,7592,1,5,False,49,0.802434789963845
295,test_performance_singlemodelFalse,True,,EnsembleSelection,7592,1,5,False,49,
296,test_performance_singlemodelFalse,False,0.792105654405576,HistGradientBoostingClassifier,7592,2,5,False,49,0.7906336161620153
297,test_performance_singlemodelFalse,False,0.7917847103124149,RandomForestClassifier,7592,2,5,False,49,0.7935065362322976
298,test_performance_singlemodelFalse,False,0.7828965396595384,DecisionTreeClassifier,7592,2,5,False,49,0.7785618982166584
299,test_performance_singlemodelFalse,False,0.8055960099721271,LinearDiscriminantAnalysis,7592,2,5,False,49,0.8012831513457686
300,test_performance_singlemodelFalse,False,0.7940820601686587,GradientBoostingClassifier,7592,2,5,False,49,0.7908814801176252
301,test_performance_singlemodelFalse,False,0.7548763970750997,MLPClassifier,7592,2,5,False,49,0.7352463134770899
302,test_performance_singlemodelFalse,False,0.8050103067726027,EnsembleSelection,7592,2,5,False,49,0.8009646476068208
303,test_performance_singlemodelFalse,True,,EnsembleSelection,7592,2,5,False,49,
304,test_performance_singlemodelFalse,False,0.7937770612092303,HistGradientBoostingClassifier,7592,3,5,False,49,0.7884969224789498
305,test_performance_singlemodelFalse,False,0.7950729021813311,RandomForestClassifier,7592,3,5,False,49,0.791192169811878
306,test_performance_singlemodelFalse,False,0.7921746580292962,DecisionTreeClassifier,7592,3,5,False,49,0.7769895608541292
307,test_performance_singlemodelFalse,False,0.8016773508258255,LinearDiscriminantAnalysis,7592,3,5,False,49,0.8013497683810644
308,test_performance_singlemodelFalse,False,0.7925009355581926,GradientBoostingClassifier,7592,3,5,False,49,0.7880774875000478
309,test_performance_singlemodelFalse,False,0.6540457162984425,MLPClassifier,7592,3,5,False,49,0.6632670984181366
310,test_performance_singlemodelFalse,False,0.8025665449098462,EnsembleSelection,7592,3,5,False,49,0.8012452629581501
311,test_performance_singlemodelFalse,True,,EnsembleSelection,7592,3,5,False,49,
312,test_performance_singlemodelFalse,False,0.7917733445769515,HistGradientBoostingClassifier,7592,4,5,False,49,0.7902534828579768
313,test_performance_singlemodelFalse,False,0.7933301744680854,RandomForestClassifier,7592,4,5,False,49,0.7916373573422735
314,test_performance_singlemodelFalse,False,0.7851134649831254,DecisionTreeClassifier,7592,4,5,False,49,0.7801098963149391
315,test_performance_singlemodelFalse,False,0.8071953418287241,LinearDiscriminantAnalysis,7592,4,5,False,49,0.8014154206941974
316,test_performance_singlemodelFalse,False,0.7894464217391135,GradientBoostingClassifier,7592,4,5,False,49,0.7889698739348596
317,test_performance_singlemodelFalse,False,0.8304856280826799,MLPClassifier,7592,4,5,False,49,0.7463244577173829
318,test_performance_singlemodelFalse,False,0.8110957937288947,EnsembleSelection,7592,4,5,False,49,0.8039537603710603
319,test_performance_singlemodelFalse,True,,EnsembleSelection,7592,4,5,False,49,
320,test_performance_singlemodelFalse,False,0.787108887203278,HistGradientBoostingClassifier,7592,5,5,False,49,0.7855670612703936
321,test_performance_singlemodelFalse,False,0.7917133894028237,RandomForestClassifier,7592,5,5,False,49,0.7901578381316156
322,test_performance_singlemodelFalse,False,0.7915381032787094,DecisionTreeClassifier,7592,5,5,False,49,0.7779257878689273
323,test_performance_singlemodelFalse,False,0.8040505458164566,LinearDiscriminantAnalysis,7592,5,5,False,49,0.8023433850992185
324,test_performance_singlemodelFalse,False,0.7911345277139666,GradientBoostingClassifier,7592,5,5,False,49,0.786188657772592
325,test_performance_singlemodelFalse,False,0.7442273466363198,MLPClassifier,7592,5,5,False,49,0.7358364366868165
326,test_performance_singlemodelFalse,False,0.8032956439660193,EnsembleSelection,7592,5,5,False,49,0.8026190129803429
327,test_performance_singlemodelFalse,True,,EnsembleSelection,7592,5,5,False,49,
328,test_performance_singlemodelFalse,False,0.7874525627673661,HistGradientBoostingClassifier,7592,6,5,False,49,0.7910722534132668
329,test_performance_singlemodelFalse,False,0.7889638745431728,RandomForestClassifier,7592,6,5,False,49,0.7942371770625332
330,test_performance_singlemodelFalse,False,0.7867036932166569,DecisionTreeClassifier,7592,6,5,False,49,0.7791638438814252
331,test_performance_singlemodelFalse,False,0.8030718235767138,LinearDiscriminantAnalysis,7592,6,5,False,49,0.8015085378894569
332,test_performance_singlemodelFalse,False,0.7931587137047744,GradientBoostingClassifier,7592,6,5,False,49,0.7923954630546355
333,test_performance_singlemodelFalse,False,0.6912051056207865,MLPClassifier,7592,6,5,False,49,0.7109201067737285
334,test_performance_singlemodelFalse,False,0.80247777079159,EnsembleSelection,7592,6,5,False,49,0.8015341409192562
335,test_performance_singlemodelFalse,True,,EnsembleSelection,7592,6,5,False,49,
336,test_performance_singlemodelFalse,False,0.7995636366792955,HistGradientBoostingClassifier,7592,0,10,True,49,0.7933613158472751
337,test_performance_singlemodelFalse,False,0.7810058918648479,RandomForestClassifier,7592,0,10,True,49,0.7759643745761111
338,test_performance_singlemodelFalse,False,0.7649381810659501,DecisionTreeClassifier,7592,0,10,True,49,0.753170320767948
339,test_performance_singlemodelFalse,False,0.7005461401410631,LinearDiscriminantAnalysis,7592,0,10,True,49,0.7003118027091644
340,test_performance_singlemodelFalse,False,0.7808928782007327,GradientBoostingClassifier,7592,0,10,True,49,0.7766690314034638
341,test_performance_singlemodelFalse,False,0.6055695303832592,MLPClassifier,7592,0,10,True,49,0.6098993995921556
342,test_performance_singlemodelFalse,False,0.7990515165017604,EnsembleSelection,7592,0,10,True,49,0.7933613158472751
343,test_performance_singlemodelFalse,True,,EnsembleSelection,7592,0,10,True,49,
344,test_performance_singlemodelFalse,False,0.7999778791155089,HistGradientBoostingClassifier,7592,1,10,True,49,0.7953922403418756
345,test_performance_singlemodelFalse,False,0.794131348471316,RandomForestClassifier,7592,1,10,True,49,0.7951771277819852
346,test_performance_singlemodelFalse,False,0.7838282357090222,DecisionTreeClassifier,7592,1,10,True,49,0.7712954429302443
347,test_performance_singlemodelFalse,False,0.8083811852865737,LinearDiscriminantAnalysis,7592,1,10,True,49,0.8029551561827012
348,test_performance_singlemodelFalse,False,0.8009755626388486,GradientBoostingClassifier,7592,1,10,True,49,0.7964624490357355
349,test_performance_singlemodelFalse,False,0.7099866156510665,MLPClassifier,7592,1,10,True,49,0.6945234676838599
350,test_performance_singlemodelFalse,False,0.8082104785607286,EnsembleSelection,7592,1,10,True,49,0.8029013406623051
351,test_performance_singlemodelFalse,True,,EnsembleSelection,7592,1,10,True,49,
352,test_performance_singlemodelFalse,False,0.7941465395675826,HistGradientBoostingClassifier,7592,2,10,True,49,0.7916974240984254
353,test_performance_singlemodelFalse,False,0.7930615900009188,RandomForestClassifier,7592,2,10,True,49,0.794428249401563
354,test_performance_singlemodelFalse,False,0.7831173438989798,DecisionTreeClassifier,7592,2,10,True,49,0.7725774890444226
355,test_performance_singlemodelFalse,False,0.8062613836668422,LinearDiscriminantAnalysis,7592,2,10,True,49,0.8030546741354105
356,test_performance_singlemodelFalse,False,0.7974445890970302,GradientBoostingClassifier,7592,2,10,True,49,0.7931998692860869
357,test_performance_singlemodelFalse,False,0.6705428054563475,MLPClassifier,7592,2,10,True,49,0.6697353843711585
358,test_performance_singlemodelFalse,False,0.8052819073896333,EnsembleSelection,7592,2,10,True,49,0.8033432530531286
359,test_performance_singlemodelFalse,True,,EnsembleSelection,7592,2,10,True,49,
360,test_performance_singlemodelFalse,False,0.7980659527513503,HistGradientBoostingClassifier,7592,3,10,True,49,0.7942927049135622
361,test_performance_singlemodelFalse,False,0.7956138413029944,RandomForestClassifier,7592,3,10,True,49,0.7927563940863245
362,test_performance_singlemodelFalse,False,0.785768226979843,DecisionTreeClassifier,7592,3,10,True,49,0.7719248534771377
363,test_performance_singlemodelFalse,False,0.8056149712557239,LinearDiscriminantAnalysis,7592,3,10,True,49,0.8032242337846816
364,test_performance_singlemodelFalse,False,0.7996023132839553,GradientBoostingClassifier,7592,3,10,True,49,0.7949582915174409
365,test_performance_singlemodelFalse,False,0.776291336977578,MLPClassifier,7592,3,10,True,49,0.7292214207941352
366,test_performance_singlemodelFalse,False,0.8056688389566504,EnsembleSelection,7592,3,10,True,49,0.8032242337846816
367,test_performance_singlemodelFalse,True,,EnsembleSelection,7592,3,10,True,49,
368,test_performance_singlemodelFalse,False,0.7988201005643216,HistGradientBoostingClassifier,7592,4,10,True,49,0.792136509914759
369,test_performance_singlemodelFalse,False,0.7942216306645041,RandomForestClassifier,7592,4,10,True,49,0.7928089458411696
370,test_performance_singlemodelFalse,False,0.7823996105782702,DecisionTreeClassifier,7592,4,10,True,49,0.7704556082502778
371,test_performance_singlemodelFalse,False,0.8076103383024035,LinearDiscriminantAnalysis,7592,4,10,True,49,0.8039584487978771
372,test_performance_singlemodelFalse,False,0.7979218028572355,GradientBoostingClassifier,7592,4,10,True,49,0.7941884985340361
373,test_performance_singlemodelFalse,False,0.6940054720314998,MLPClassifier,7592,4,10,True,49,0.6951783993308572
374,test_performance_singlemodelFalse,False,0.8074843956544195,EnsembleSelection,7592,4,10,True,49,0.8038703190728227
375,test_performance_singlemodelFalse,True,,EnsembleSelection,7592,4,10,True,49,
376,test_performance_singlemodelFalse,False,0.7974817576267579,HistGradientBoostingClassifier,7592,5,10,True,49,0.7929994200934233
377,test_performance_singlemodelFalse,False,0.792190603163029,RandomForestClassifier,7592,5,10,True,49,0.7954366790086379
378,test_performance_singlemodelFalse,False,0.7798663205597915,DecisionTreeClassifier,7592,5,10,True,49,0.7682616743855499
379,test_performance_singlemodelFalse,False,0.8066763801405217,LinearDiscriminantAnalysis,7592,5,10,True,49,0.8030420221422048
380,test_performance_singlemodelFalse,False,0.7993056639101264,GradientBoostingClassifier,7592,5,10,True,49,0.7942569774216589
381,test_performance_singlemodelFalse,False,0.6796198349077267,MLPClassifier,7592,5,10,True,49,0.6844514569709296
382,test_performance_singlemodelFalse,False,0.8068470868663666,EnsembleSelection,7592,5,10,True,49,0.8030420221422048
383,test_performance_singlemodelFalse,True,,EnsembleSelection,7592,5,10,True,49,
384,test_performance_singlemodelFalse,False,0.7943726220692863,HistGradientBoostingClassifier,7592,6,10,True,49,0.7924204004056601
385,test_performance_singlemodelFalse,False,0.7914281057644583,RandomForestClassifier,7592,6,10,True,49,0.7941073676532076
386,test_performance_singlemodelFalse,False,0.7812676348213472,DecisionTreeClassifier,7592,6,10,True,49,0.771323505899147
387,test_performance_singlemodelFalse,False,0.8059669964054115,LinearDiscriminantAnalysis,7592,6,10,True,49,0.8038071266987927
388,test_performance_singlemodelFalse,False,0.7983360452934489,GradientBoostingClassifier,7592,6,10,True,49,0.7949227135472317
389,test_performance_singlemodelFalse,False,0.6853692418480641,MLPClassifier,7592,6,10,True,49,0.7014152789558245
390,test_performance_singlemodelFalse,False,0.8053023767481623,EnsembleSelection,7592,6,10,True,49,0.804616071835367
391,test_performance_singlemodelFalse,True,,EnsembleSelection,7592,6,10,True,49,
392,test_performance_singlemodelFalse,False,0.798934677476842,HistGradientBoostingClassifier,7592,0,10,False,49,0.7939729374090636
393,test_performance_singlemodelFalse,False,0.780430800363321,RandomForestClassifier,7592,0,10,False,49,0.7752711735684119
394,test_performance_singlemodelFalse,False,0.7680458085484897,DecisionTreeClassifier,7592,0,10,False,49,0.7548064485912832
395,test_performance_singlemodelFalse,False,0.7005461401410631,LinearDiscriminantAnalysis,7592,0,10,False,49,0.7004259840291004
396,test_performance_singlemodelFalse,False,0.7803989652693286,GradientBoostingClassifier,7592,0,10,False,49,0.7767897630025438
397,test_performance_singlemodelFalse,False,0.612309025298803,MLPClassifier,7592,0,10,False,49,0.608620098122772
398,test_performance_singlemodelFalse,False,0.7984134536762416,EnsembleSelection,7592,0,10,False,49,0.7942371770625332
399,test_performance_singlemodelFalse,True,,EnsembleSelection,7592,0,10,False,49,
400,test_performance_singlemodelFalse,False,0.7979916156918948,HistGradientBoostingClassifier,7592,1,10,False,49,0.7921117220854283
401,test_performance_singlemodelFalse,False,0.7934037574900749,RandomForestClassifier,7592,1,10,False,49,0.796950063858872
402,test_performance_singlemodelFalse,False,0.786683977895594,DecisionTreeClassifier,7592,1,10,False,49,0.7776342185173286
403,test_performance_singlemodelFalse,False,0.8083538744173773,LinearDiscriminantAnalysis,7592,1,10,False,49,0.8014154206941974
404,test_performance_singlemodelFalse,False,0.797738976358461,GradientBoostingClassifier,7592,1,10,False,49,0.791483575304086
405,test_performance_singlemodelFalse,False,0.6452341999908927,MLPClassifier,7592,1,10,False,49,0.6494273355987058
406,test_performance_singlemodelFalse,False,0.802010414691916,EnsembleSelection,7592,1,10,False,49,0.8022956712928843
407,test_performance_singlemodelFalse,True,,EnsembleSelection,7592,1,10,False,49,
408,test_performance_singlemodelFalse,False,0.7961062461594665,HistGradientBoostingClassifier,7592,2,10,False,49,0.7935650401795106
409,test_performance_singlemodelFalse,False,0.7934121070756742,RandomForestClassifier,7592,2,10,False,49,0.7971636136098235
410,test_performance_singlemodelFalse,False,0.7882294420512643,DecisionTreeClassifier,7592,2,10,False,49,0.774728995616409
411,test_performance_singlemodelFalse,False,0.8077704333302509,LinearDiscriminantAnalysis,7592,2,10,False,49,0.8037478751431097
412,test_performance_singlemodelFalse,False,0.7969954402434871,GradientBoostingClassifier,7592,2,10,False,49,0.7937871515836269
413,test_performance_singlemodelFalse,False,0.7369309674653799,MLPClassifier,7592,2,10,False,49,0.7174398978297373
414,test_performance_singlemodelFalse,False,0.806404779523491,EnsembleSelection,7592,2,10,False,49,0.8043463961466104
415,test_performance_singlemodelFalse,True,,EnsembleSelection,7592,2,10,False,49,
416,test_performance_singlemodelFalse,False,0.7866885572938632,HistGradientBoostingClassifier,7592,3,10,False,49,0.7895439061524179
417,test_performance_singlemodelFalse,False,0.7887385460789353,RandomForestClassifier,7592,3,10,False,49,0.7920143650284341
418,test_performance_singlemodelFalse,False,0.7842925756588319,DecisionTreeClassifier,7592,3,10,False,49,0.7723589518232663
419,test_performance_singlemodelFalse,False,0.8067568046731785,LinearDiscriminantAnalysis,7592,3,10,False,49,0.8052340941546055
420,test_performance_singlemodelFalse,False,0.7914873069011201,GradientBoostingClassifier,7592,3,10,False,49,0.7921441744377598
421,test_performance_singlemodelFalse,False,0.769120146417156,MLPClassifier,7592,3,10,False,49,0.7433173101789528
422,test_performance_singlemodelFalse,False,0.8075473669784115,EnsembleSelection,7592,3,10,False,49,0.8054690070736215
423,test_performance_singlemodelFalse,True,,EnsembleSelection,7592,3,10,False,49,
424,test_performance_singlemodelFalse,False,0.7899228814618529,HistGradientBoostingClassifier,7592,4,10,False,49,0.7891130829458612
425,test_performance_singlemodelFalse,False,0.7987844401095259,RandomForestClassifier,7592,4,10,False,49,0.7943628961318181
426,test_performance_singlemodelFalse,False,0.7904311762785845,DecisionTreeClassifier,7592,4,10,False,49,0.7737208650527221
427,test_performance_singlemodelFalse,False,0.8034853119754612,LinearDiscriminantAnalysis,7592,4,10,False,49,0.8037678250239294
428,test_performance_singlemodelFalse,False,0.7863372861816418,GradientBoostingClassifier,7592,4,10,False,49,0.7876430901105311
429,test_performance_singlemodelFalse,False,0.7161388992921538,MLPClassifier,7592,4,10,False,49,0.716394028400126
430,test_performance_singlemodelFalse,False,0.8032516339256243,EnsembleSelection,7592,4,10,False,49,0.8047525810455305
431,test_performance_singlemodelFalse,True,,EnsembleSelection,7592,4,10,False,49,
432,test_performance_singlemodelFalse,False,0.7938863046860154,HistGradientBoostingClassifier,7592,5,10,False,49,0.7922663193240846
433,test_performance_singlemodelFalse,False,0.7943202624432918,RandomForestClassifier,7592,5,10,False,49,0.798192957819881
434,test_performance_singlemodelFalse,False,0.789181607459277,DecisionTreeClassifier,7592,5,10,False,49,0.7722414953637583
435,test_performance_singlemodelFalse,False,0.8060648741467331,LinearDiscriminantAnalysis,7592,5,10,False,49,0.8041347082479862
436,test_performance_singlemodelFalse,False,0.7893204790911296,GradientBoostingClassifier,7592,5,10,False,49,0.7893216452266076
437,test_performance_singlemodelFalse,False,0.7138658441552423,MLPClassifier,7592,5,10,False,49,0.6986591496662754
438,test_performance_singlemodelFalse,False,0.8060648741467331,EnsembleSelection,7592,5,10,False,49,0.8041347082479862
439,test_performance_singlemodelFalse,True,,EnsembleSelection,7592,5,10,False,49,
440,test_performance_singlemodelFalse,False,0.7995400959974294,HistGradientBoostingClassifier,7592,6,10,False,49,0.7989482369577531
441,test_performance_singlemodelFalse,False,0.7915259835057799,RandomForestClassifier,7592,6,10,False,49,0.7971899642480931
442,test_performance_singlemodelFalse,False,0.7834944178054655,DecisionTreeClassifier,7592,6,10,False,49,0.7738057196382047
443,test_performance_singlemodelFalse,False,0.8041506856701763,LinearDiscriminantAnalysis,7592,6,10,False,49,0.8054538951413126
444,test_performance_singlemodelFalse,False,0.7988216086392537,GradientBoostingClassifier,7592,6,10,False,49,0.7985323761618113
445,test_performance_singlemodelFalse,False,0.7422228759665749,MLPClassifier,7592,6,10,False,49,0.710729169618696
446,test_performance_singlemodelFalse,False,0.8042675246950948,EnsembleSelection,7592,6,10,False,49,0.8054620082293955
447,test_performance_singlemodelFalse,True,,EnsembleSelection,7592,6,10,False,49,
448,test_performance_singlemodelFalse,False,0.7993929299534505,HistGradientBoostingClassifier,7592,0,20,True,49,0.7935015487620927
449,test_performance_singlemodelFalse,False,0.7806735820362234,RandomForestClassifier,7592,0,20,True,49,0.7752189208569548
450,test_performance_singlemodelFalse,False,0.7702839572680715,DecisionTreeClassifier,7592,0,20,True,49,0.7628970961305777
451,test_performance_singlemodelFalse,False,0.7005461401410631,LinearDiscriminantAnalysis,7592,0,20,True,49,0.7004439225358992
452,test_performance_singlemodelFalse,False,0.7801023158954996,GradientBoostingClassifier,7592,0,20,True,49,0.776422730256793
453,test_performance_singlemodelFalse,False,0.6098106416976539,MLPClassifier,7592,0,20,True,49,0.6073716186047821
454,test_performance_singlemodelFalse,False,0.7992222232276055,EnsembleSelection,7592,0,20,True,49,0.7935015487620927
455,test_performance_singlemodelFalse,True,,EnsembleSelection,7592,0,20,True,49,
456,test_performance_singlemodelFalse,False,0.7998071723896638,HistGradientBoostingClassifier,7592,1,20,True,49,0.7951687156505144
457,test_performance_singlemodelFalse,False,0.7948407322064261,RandomForestClassifier,7592,1,20,True,49,0.7944365120113399
458,test_performance_singlemodelFalse,False,0.7864328466370922,DecisionTreeClassifier,7592,1,20,True,49,0.782144380654803
459,test_performance_singlemodelFalse,False,0.8082734498847206,LinearDiscriminantAnalysis,7592,1,20,True,49,0.8021363856274111
460,test_performance_singlemodelFalse,False,0.801837445853673,GradientBoostingClassifier,7592,1,20,True,49,0.7955995388570711
461,test_performance_singlemodelFalse,False,0.6673228631736856,MLPClassifier,7592,1,20,True,49,0.6629936314327275
462,test_performance_singlemodelFalse,False,0.8076353870592017,EnsembleSelection,7592,1,20,True,49,0.8025848482973784
463,test_performance_singlemodelFalse,True,,EnsembleSelection,7592,1,20,True,49,
464,test_performance_singlemodelFalse,False,0.798423311336773,HistGradientBoostingClassifier,7592,2,20,True,49,0.7947625307515942
465,test_performance_singlemodelFalse,False,0.7920016891910531,RandomForestClassifier,7592,2,20,True,49,0.795955183375167
466,test_performance_singlemodelFalse,False,0.7859389337056881,DecisionTreeClassifier,7592,2,20,True,49,0.7849566358821571
467,test_performance_singlemodelFalse,False,0.8066293539502625,LinearDiscriminantAnalysis,7592,2,20,True,49,0.80261089989226
468,test_performance_singlemodelFalse,False,0.7980287842216225,GradientBoostingClassifier,7592,2,20,True,49,0.7953825644448538
469,test_performance_singlemodelFalse,False,0.6864481039415267,MLPClassifier,7592,2,20,True,49,0.6748020887844743
470,test_performance_singlemodelFalse,False,0.804077102648187,EnsembleSelection,7592,2,20,True,49,0.8031816569702462
471,test_performance_singlemodelFalse,True,,EnsembleSelection,7592,2,20,True,49,
472,test_performance_singlemodelFalse,False,0.8000598117230977,HistGradientBoostingClassifier,7592,3,20,True,49,0.7954870698677681
473,test_performance_singlemodelFalse,False,0.7916974442690909,RandomForestClassifier,7592,3,20,True,49,0.793551124420754
474,test_performance_singlemodelFalse,False,0.7863167616496398,DecisionTreeClassifier,7592,3,20,True,49,0.7795429981256042
475,test_performance_singlemodelFalse,False,0.8033593693274773,LinearDiscriminantAnalysis,7592,3,20,True,49,0.8038898203885603
476,test_performance_singlemodelFalse,False,0.7999975944365718,GradientBoostingClassifier,7592,3,20,True,49,0.798424894642713
477,test_performance_singlemodelFalse,False,0.697276210691751,MLPClassifier,7592,3,20,True,49,0.6951549571967728
478,test_performance_singlemodelFalse,False,0.8038085181810204,EnsembleSelection,7592,3,20,True,49,0.8038881080579272
479,test_performance_singlemodelFalse,True,,EnsembleSelection,7592,3,20,True,49,
480,test_performance_singlemodelFalse,False,0.7953247874772988,HistGradientBoostingClassifier,7592,4,20,True,49,0.7954657066997033
481,test_performance_singlemodelFalse,False,0.7912020232627547,RandomForestClassifier,7592,4,20,True,49,0.7949571772735842
482,test_performance_singlemodelFalse,False,0.7839716315656708,DecisionTreeClassifier,7592,4,20,True,49,0.780856083304869
483,test_performance_singlemodelFalse,False,0.8062446844956435,LinearDiscriminantAnalysis,7592,4,20,True,49,0.8058312018708613
484,test_performance_singlemodelFalse,False,0.7962777069227776,GradientBoostingClassifier,7592,4,20,True,49,0.7973612362279971
485,test_performance_singlemodelFalse,False,0.7377753974715395,MLPClassifier,7592,4,20,True,49,0.7096973654695353
486,test_performance_singlemodelFalse,False,0.8062446844956435,EnsembleSelection,7592,4,20,True,49,0.8058312018708613
487,test_performance_singlemodelFalse,True,,EnsembleSelection,7592,4,20,True,49,
488,test_performance_singlemodelFalse,False,0.7977510961313905,HistGradientBoostingClassifier,7592,5,20,True,49,0.7950889980569308
489,test_performance_singlemodelFalse,False,0.7960811974026683,RandomForestClassifier,7592,5,20,True,49,0.7940468523319735
490,test_performance_singlemodelFalse,False,0.7904137230699197,DecisionTreeClassifier,7592,5,20,True,49,0.7804790756187083
491,test_performance_singlemodelFalse,False,0.803117341692041,LinearDiscriminantAnalysis,7592,5,20,True,49,0.8049698545011359
492,test_performance_singlemodelFalse,False,0.7978770387793744,GradientBoostingClassifier,7592,5,20,True,49,0.798369366791684
493,test_performance_singlemodelFalse,False,0.733515324873548,MLPClassifier,7592,5,20,True,49,0.7240555650634968
494,test_performance_singlemodelFalse,False,0.8035217264677229,EnsembleSelection,7592,5,20,True,49,0.805144401620612
495,test_performance_singlemodelFalse,True,,EnsembleSelection,7592,5,20,True,49,
496,test_performance_singlemodelFalse,False,0.7942565370818337,HistGradientBoostingClassifier,7592,6,20,True,49,0.7979971970540343
497,test_performance_singlemodelFalse,False,0.7880056216619589,RandomForestClassifier,7592,6,20,True,49,0.7995079048514726
498,test_performance_singlemodelFalse,False,0.7819967338775203,DecisionTreeClassifier,7592,6,20,True,49,0.7855437686580031
499,test_performance_singlemodelFalse,False,0.8051483691935162,LinearDiscriminantAnalysis,7592,6,20,True,49,0.8035410251929962
500,test_performance_singlemodelFalse,False,0.7961070001969325,GradientBoostingClassifier,7592,6,20,True,49,0.7959339697287964
501,test_performance_singlemodelFalse,False,0.7402282629573614,MLPClassifier,7592,6,20,True,49,0.7282903983632347
502,test_performance_singlemodelFalse,False,0.7999991025115039,EnsembleSelection,7592,6,20,True,49,0.8048812762109994
503,test_performance_singlemodelFalse,True,,EnsembleSelection,7592,6,20,True,49,
504,test_performance_singlemodelFalse,False,0.8000218891559039,HistGradientBoostingClassifier,7592,0,20,False,49,0.7932716233132816
505,test_performance_singlemodelFalse,False,0.7809072600860603,RandomForestClassifier,7592,0,20,False,49,0.7761128701007056
506,test_performance_singlemodelFalse,False,0.7712171613924872,DecisionTreeClassifier,7592,0,20,False,49,0.7639850938095422
507,test_performance_singlemodelFalse,False,0.7005461401410631,LinearDiscriminantAnalysis,7592,0,20,False,49,0.7004439225358992
508,test_performance_singlemodelFalse,False,0.7803359939453366,GradientBoostingClassifier,7592,0,20,False,49,0.7763542513691701
509,test_performance_singlemodelFalse,False,0.6273569647939539,MLPClassifier,7592,0,20,False,49,0.6239614909293955
510,test_performance_singlemodelFalse,False,0.7987548671279316,EnsembleSelection,7592,0,20,False,49,0.7934901605344379
511,test_performance_singlemodelFalse,True,,EnsembleSelection,7592,0,20,False,49,
512,test_performance_singlemodelFalse,False,0.7974256278134333,HistGradientBoostingClassifier,7592,1,20,False,49,0.7926306750170395
513,test_performance_singlemodelFalse,False,0.7917945679729465,RandomForestClassifier,7592,1,20,False,49,0.7951443763862658
514,test_performance_singlemodelFalse,False,0.783440550104539,DecisionTreeClassifier,7592,1,20,False,49,0.7825128266877986
515,test_performance_singlemodelFalse,False,0.8075185480342832,LinearDiscriminantAnalysis,7592,1,20,False,49,0.8020009906611044
516,test_performance_singlemodelFalse,False,0.7982343973647972,GradientBoostingClassifier,7592,1,20,False,49,0.7953483997618893
517,test_performance_singlemodelFalse,False,0.6646348115630947,MLPClassifier,7592,1,20,False,49,0.669422914754274
518,test_performance_singlemodelFalse,False,0.8044898370094683,EnsembleSelection,7592,1,20,False,49,0.8024198275532302
519,test_performance_singlemodelFalse,True,,EnsembleSelection,7592,1,20,False,49,
520,test_performance_singlemodelFalse,False,0.7938316829476229,HistGradientBoostingClassifier,7592,2,20,False,49,0.7962174116546155
521,test_performance_singlemodelFalse,False,0.7952997387205007,RandomForestClassifier,7592,2,20,False,49,0.7969647272260989
522,test_performance_singlemodelFalse,False,0.7850148332043377,DecisionTreeClassifier,7592,2,20,False,49,0.783313808257984
523,test_performance_singlemodelFalse,False,0.8062879404985726,LinearDiscriminantAnalysis,7592,2,20,False,49,0.8036012414708422
524,test_performance_singlemodelFalse,False,0.7964727083679546,GradientBoostingClassifier,7592,2,20,False,49,0.7955160975588335
525,test_performance_singlemodelFalse,False,0.7044823076695026,MLPClassifier,7592,2,20,False,49,0.7092765172033885
526,test_performance_singlemodelFalse,False,0.8050300220936656,EnsembleSelection,7592,2,20,False,49,0.8050757732112951
527,test_performance_singlemodelFalse,True,,EnsembleSelection,7592,2,20,False,49,
528,test_performance_singlemodelFalse,False,0.7976077002747418,HistGradientBoostingClassifier,7592,3,20,False,49,0.7977315441133198
529,test_performance_singlemodelFalse,False,0.7891269857208845,RandomForestClassifier,7592,3,20,False,49,0.79318878010182
530,test_performance_singlemodelFalse,False,0.7859025192134264,DecisionTreeClassifier,7592,3,20,False,49,0.7805915446080114
531,test_performance_singlemodelFalse,False,0.8035126228446574,LinearDiscriminantAnalysis,7592,3,20,False,49,0.8066073956117161
532,test_performance_singlemodelFalse,False,0.7993693892715843,GradientBoostingClassifier,7592,3,20,False,49,0.8006774819763478
533,test_performance_singlemodelFalse,False,0.7011926077256545,MLPClassifier,7592,3,20,False,49,0.7028719397814772
534,test_performance_singlemodelFalse,False,0.8039617716982005,EnsembleSelection,7592,3,20,False,49,0.8068895737719843
535,test_performance_singlemodelFalse,True,,EnsembleSelection,7592,3,20,False,49,
536,test_performance_singlemodelFalse,False,0.7970326087732149,HistGradientBoostingClassifier,7592,4,20,False,49,0.7979224669306556
537,test_performance_singlemodelFalse,False,0.793025175508657,RandomForestClassifier,7592,4,20,False,49,0.7983186768891659
538,test_performance_singlemodelFalse,False,0.7832516361325632,DecisionTreeClassifier,7592,4,20,False,49,0.7832094523567639
539,test_performance_singlemodelFalse,False,0.802839653601809,LinearDiscriminantAnalysis,7592,4,20,False,49,0.8078587017041958
540,test_performance_singlemodelFalse,False,0.8005916472216956,GradientBoostingClassifier,7592,4,20,False,49,0.8000954861924008
541,test_performance_singlemodelFalse,False,0.7087332766444288,MLPClassifier,7592,4,20,False,49,0.7097466420848086
542,test_performance_singlemodelFalse,False,0.8026864000846288,EnsembleSelection,7592,4,20,False,49,0.8079451190986173
543,test_performance_singlemodelFalse,True,,EnsembleSelection,7592,4,20,False,49,
