,hue,performance,model,dataset_name,level,repeat,seed,val_score
0,test_performance_singlemodelTrue,0.9938279731678265,HistGradientBoostingClassifier,3,0,1,21,0.9936612639778867
1,test_performance_singlemodelTrue,0.9924268070967337,RandomForestClassifier,3,0,1,21,0.991022741550446
2,test_performance_singlemodelTrue,0.9961538461538462,DecisionTreeClassifier,3,0,1,21,0.9933073669221426
3,test_performance_singlemodelTrue,0.928173782208012,LinearDiscriminantAnalysis,3,0,1,21,0.9424686937219919
4,test_performance_singlemodelTrue,0.9924268070967337,XGBClassifier,3,0,1,21,0.9919451773673409
5,test_performance_singlemodelTrue,0.9751332204877436,GradientBoostingClassifier,3,0,1,21,0.9742377601876282
6,test_performance_singlemodelTrue,0.9938279731678265,LGBMClassifierDefault,3,0,1,21,0.9928246848431546
7,test_performance_singlemodelTrue,0.9924268070967337,LGBMClassifierAutoGluon,3,0,1,21,0.993704192318968
8,test_performance_singlemodelTrue,0.9884615384615385,LGBMClassifier1,3,0,1,21,0.9826244921891361
9,test_performance_singlemodelTrue,0.995050467055357,LGBMClassifier2,3,0,1,21,0.9927817565020731
10,test_performance_singlemodelTrue,0.9597486051031283,LGBMClassifier3,3,0,1,21,0.9653034300791556
11,test_performance_singlemodelTrue,0.9912043132092032,LGBMClassifier4,3,0,1,21,0.9923420027641663
12,test_performance_singlemodelTrue,0.9924268070967337,LGBMClassifier5,3,0,1,21,0.9932644385810613
13,test_performance_singlemodelTrue,0.993708858378785,MLPClassifier,3,0,1,21,0.9858210830506345
14,test_performance_singlemodelTrue,0.9938279731678265,HistGradientBoostingClassifier,3,1,1,21,0.9887276458516564
15,test_performance_singlemodelTrue,0.9938279731678265,RandomForestClassifier,3,1,1,21,0.9912803115969343
16,test_performance_singlemodelTrue,0.9936493009842644,DecisionTreeClassifier,3,1,1,21,0.991237383255853
17,test_performance_singlemodelTrue,0.9372076985768918,LinearDiscriminantAnalysis,3,1,1,21,0.9461155086484903
18,test_performance_singlemodelTrue,0.9912043132092032,XGBClassifier,3,1,1,21,0.991237383255853
19,test_performance_singlemodelTrue,0.988759325434142,GradientBoostingClassifier,3,1,1,21,0.9875371696611802
20,test_performance_singlemodelTrue,0.9938279731678265,LGBMClassifierDefault,3,1,1,21,0.988330820454831
21,test_performance_singlemodelTrue,0.993708858378785,LGBMClassifierAutoGluon,3,1,1,21,0.9882020354315869
22,test_performance_singlemodelTrue,0.9936493009842644,LGBMClassifier1,3,1,1,21,0.9865822758302969
23,test_performance_singlemodelTrue,0.9937684157733058,LGBMClassifier2,3,1,1,21,0.9875371696611802
24,test_performance_singlemodelTrue,0.9901604915052348,LGBMClassifier3,3,1,1,21,0.9854137873267161
25,test_performance_singlemodelTrue,0.9925459218857752,LGBMClassifier4,3,1,1,21,0.9885130041462495
26,test_performance_singlemodelTrue,0.993708858378785,LGBMClassifier5,3,1,1,21,0.9891244712484818
27,test_performance_singlemodelTrue,0.9951100244498777,MLPClassifier,3,1,1,21,0.9845018218369141
28,test_performance_singlemodelTrue,0.9924268070967337,HistGradientBoostingClassifier,3,2,1,21,0.988330820454831
29,test_performance_singlemodelTrue,0.9951100244498777,RandomForestClassifier,3,2,1,21,0.9900898354064581
30,test_performance_singlemodelTrue,0.9936493009842644,DecisionTreeClassifier,3,2,1,21,0.9878481383758428
31,test_performance_singlemodelTrue,0.9359852046893612,LinearDiscriminantAnalysis,3,2,1,21,0.9478745236001174
32,test_performance_singlemodelTrue,0.9912638706037239,XGBClassifier,3,2,1,21,0.9892103279306446
33,test_performance_singlemodelTrue,0.993708858378785,GradientBoostingClassifier,3,2,1,21,0.9848986472337395
34,test_performance_singlemodelTrue,0.9899818193216726,LGBMClassifierDefault,3,2,1,21,0.9849845039159024
35,test_performance_singlemodelTrue,0.996213403548367,LGBMClassifierAutoGluon,3,2,1,21,0.9854242576538091
36,test_performance_singlemodelTrue,0.9923672497022131,LGBMClassifier1,3,2,1,21,0.9814340159986599
37,test_performance_singlemodelTrue,0.9935897435897436,LGBMClassifier2,3,2,1,21,0.9882020354315869
38,test_performance_singlemodelTrue,0.9926650366748166,LGBMClassifier3,3,2,1,21,0.9835689156929261
39,test_performance_singlemodelTrue,0.9913234279982446,LGBMClassifier4,3,2,1,21,0.9865288771621226
40,test_performance_singlemodelTrue,0.9924268070967337,LGBMClassifier5,3,2,1,21,0.9878052100347615
41,test_performance_singlemodelTrue,0.995050467055357,MLPClassifier,3,2,1,21,0.9823889098295431
42,test_performance_singlemodelTrue,0.9910851984201619,HistGradientBoostingClassifier,3,3,1,21,0.9857352263684718
43,test_performance_singlemodelTrue,0.9912638706037239,RandomForestClassifier,3,3,1,21,0.9866576621853667
44,test_performance_singlemodelTrue,0.9859569932919566,DecisionTreeClassifier,3,3,1,21,0.9848557188926582
45,test_performance_singlemodelTrue,0.9359852046893612,LinearDiscriminantAnalysis,3,3,1,21,0.947477698203292
46,test_performance_singlemodelTrue,0.9900413767161933,XGBClassifier,3,3,1,21,0.9875371696611802
47,test_performance_singlemodelTrue,0.9923672497022131,GradientBoostingClassifier,3,3,1,21,0.9830003769317753
48,test_performance_singlemodelTrue,0.9874177167575701,LGBMClassifierDefault,3,3,1,21,0.9850274322569836
49,test_performance_singlemodelTrue,0.9910851984201619,LGBMClassifierAutoGluon,3,3,1,21,0.9819491560916362
50,test_performance_singlemodelTrue,0.9859569932919566,LGBMClassifier1,3,3,1,21,0.9789672069355446
51,test_performance_singlemodelTrue,0.9923672497022131,LGBMClassifier2,3,3,1,21,0.9844588934958328
52,test_performance_singlemodelTrue,0.9913829853927654,LGBMClassifier3,3,3,1,21,0.9797828454160908
53,test_performance_singlemodelTrue,0.9926054792802959,LGBMClassifier4,3,3,1,21,0.9839762114168447
54,test_performance_singlemodelTrue,0.9925459218857752,LGBMClassifier5,3,3,1,21,0.9812413619801482
55,test_performance_singlemodelTrue,0.995050467055357,MLPClassifier,3,3,1,21,0.9794394186874398
56,test_performance_singlemodelFalse,0.9938279731678265,HistGradientBoostingClassifier,3,0,1,21,0.9936612639778867
57,test_performance_singlemodelFalse,0.9924268070967337,RandomForestClassifier,3,0,1,21,0.991022741550446
58,test_performance_singlemodelFalse,0.9961538461538462,DecisionTreeClassifier,3,0,1,21,0.9933073669221426
59,test_performance_singlemodelFalse,0.928173782208012,LinearDiscriminantAnalysis,3,0,1,21,0.9424686937219919
60,test_performance_singlemodelFalse,0.9924268070967337,XGBClassifier,3,0,1,21,0.9919451773673409
61,test_performance_singlemodelFalse,0.9751332204877436,GradientBoostingClassifier,3,0,1,21,0.9742377601876282
62,test_performance_singlemodelFalse,0.9938279731678265,LGBMClassifierDefault,3,0,1,21,0.9928246848431546
63,test_performance_singlemodelFalse,0.9924268070967337,LGBMClassifierAutoGluon,3,0,1,21,0.993704192318968
64,test_performance_singlemodelFalse,0.9884615384615385,LGBMClassifier1,3,0,1,21,0.9826244921891361
65,test_performance_singlemodelFalse,0.995050467055357,LGBMClassifier2,3,0,1,21,0.9927817565020731
66,test_performance_singlemodelFalse,0.9597486051031283,LGBMClassifier3,3,0,1,21,0.9653034300791556
67,test_performance_singlemodelFalse,0.9912043132092032,LGBMClassifier4,3,0,1,21,0.9923420027641663
68,test_performance_singlemodelFalse,0.9924268070967337,LGBMClassifier5,3,0,1,21,0.9932644385810613
69,test_performance_singlemodelFalse,0.9900413767161933,MLPClassifier,3,0,1,21,0.9858640113917159
70,test_performance_singlemodelFalse,0.9925459218857752,HistGradientBoostingClassifier,3,1,1,21,0.9911515265736901
71,test_performance_singlemodelFalse,0.9938279731678265,RandomForestClassifier,3,1,1,21,0.9925137161284918
72,test_performance_singlemodelFalse,0.9925459218857752,DecisionTreeClassifier,3,1,1,21,0.9873654562968548
73,test_performance_singlemodelFalse,0.9937684157733058,LinearDiscriminantAnalysis,3,1,1,21,0.9932644385810613
74,test_performance_singlemodelFalse,0.9938279731678265,XGBClassifier,3,1,1,21,0.9915912803115969
75,test_performance_singlemodelFalse,0.9938279731678265,GradientBoostingClassifier,3,1,1,21,0.9933073669221426
76,test_performance_singlemodelFalse,0.9926054792802959,LGBMClassifierDefault,3,1,1,21,0.9920310340495038
77,test_performance_singlemodelFalse,0.9925459218857752,LGBMClassifierAutoGluon,3,1,1,21,0.988330820454831
78,test_performance_singlemodelFalse,0.9912638706037239,LGBMClassifier1,3,1,1,21,0.9875476399882732
79,test_performance_singlemodelFalse,0.9938279731678265,LGBMClassifier2,3,1,1,21,0.9923849311052477
80,test_performance_singlemodelFalse,0.9938279731678265,LGBMClassifier3,3,1,1,21,0.99322151023998
81,test_performance_singlemodelFalse,0.9925459218857752,LGBMClassifier4,3,1,1,21,0.990314947438958
82,test_performance_singlemodelFalse,0.9925459218857752,LGBMClassifier5,3,1,1,21,0.988330820454831
83,test_performance_singlemodelFalse,0.995050467055357,MLPClassifier,3,1,1,21,0.9907547011768647
84,test_performance_singlemodelFalse,0.995050467055357,HistGradientBoostingClassifier,3,2,1,21,0.9908405578590276
85,test_performance_singlemodelFalse,0.995050467055357,RandomForestClassifier,3,2,1,21,0.9911515265736901
86,test_performance_singlemodelFalse,0.9937684157733058,DecisionTreeClassifier,3,2,1,21,0.9891673995895631
87,test_performance_singlemodelFalse,0.9938279731678265,LinearDiscriminantAnalysis,3,2,1,21,0.9929105415253172
88,test_performance_singlemodelFalse,0.995050467055357,XGBClassifier,3,2,1,21,0.9904437324622022
89,test_performance_singlemodelFalse,0.9963325183374083,GradientBoostingClassifier,3,2,1,21,0.9904008041211207
90,test_performance_singlemodelFalse,0.995050467055357,LGBMClassifierDefault,3,2,1,21,0.9887705741927377
91,test_performance_singlemodelFalse,0.9925459218857752,LGBMClassifierAutoGluon,3,2,1,21,0.9895642249863885
92,test_performance_singlemodelFalse,0.9925459218857752,LGBMClassifier1,3,2,1,21,0.9907117728357834
93,test_performance_singlemodelFalse,0.995050467055357,LGBMClassifier2,3,2,1,21,0.9892103279306446
94,test_performance_singlemodelFalse,0.995050467055357,LGBMClassifier3,3,2,1,21,0.9911944549147715
95,test_performance_singlemodelFalse,0.9925459218857752,LGBMClassifier4,3,2,1,21,0.9907547011768647
96,test_performance_singlemodelFalse,0.9925459218857752,LGBMClassifier5,3,2,1,21,0.9895642249863885
97,test_performance_singlemodelFalse,0.9925459218857752,MLPClassifier,3,2,1,21,0.9921168907316664
98,test_performance_singlemodelFalse,0.9937684157733058,HistGradientBoostingClassifier,3,3,1,21,0.9878481383758428
99,test_performance_singlemodelFalse,0.9938279731678265,RandomForestClassifier,3,3,1,21,0.9878052100347615
100,test_performance_singlemodelFalse,0.9912638706037239,DecisionTreeClassifier,3,3,1,21,0.9790530636177075
101,test_performance_singlemodelFalse,0.9951100244498777,LinearDiscriminantAnalysis,3,3,1,21,0.9904008041211207
102,test_performance_singlemodelFalse,0.9937684157733058,XGBClassifier,3,3,1,21,0.9882878921137497
103,test_performance_singlemodelFalse,0.9924863644912545,GradientBoostingClassifier,3,3,1,21,0.9890815429074005
104,test_performance_singlemodelFalse,0.9937684157733058,LGBMClassifierDefault,3,3,1,21,0.9878481383758428
105,test_performance_singlemodelFalse,0.995050467055357,LGBMClassifierAutoGluon,3,3,1,21,0.9802225991539976
106,test_performance_singlemodelFalse,0.9949909096608363,LGBMClassifier1,3,3,1,21,0.9870220295682037
107,test_performance_singlemodelFalse,0.9925459218857752,LGBMClassifier2,3,3,1,21,0.9882449637726682
108,test_performance_singlemodelFalse,0.9938279731678265,LGBMClassifier3,3,3,1,21,0.9878910667169243
109,test_performance_singlemodelFalse,0.995050467055357,LGBMClassifier4,3,3,1,21,0.9874513129790174
110,test_performance_singlemodelFalse,0.995050467055357,LGBMClassifier5,3,3,1,21,0.9802225991539976
111,test_performance_singlemodelFalse,0.995050467055357,MLPClassifier,3,3,1,21,0.9899610503832139
112,test_performance_singlemodelTrue,0.9938279731678265,HistGradientBoostingClassifier,3,0,2,21,0.9924707877874105
113,test_performance_singlemodelTrue,0.9924268070967337,RandomForestClassifier,3,0,2,21,0.9927817565020731
114,test_performance_singlemodelTrue,0.9987179487179487,DecisionTreeClassifier,3,0,2,21,0.9929963982074801
115,test_performance_singlemodelTrue,0.9294558334900633,LinearDiscriminantAnalysis,3,0,2,21,0.9443564936968631
116,test_performance_singlemodelTrue,0.9912043132092032,XGBClassifier,3,0,2,21,0.9924707877874105
117,test_performance_singlemodelTrue,0.976415271769795,GradientBoostingClassifier,3,0,2,21,0.9761255601624994
118,test_performance_singlemodelTrue,0.9938279731678265,LGBMClassifierDefault,3,0,2,21,0.9920739623905851
119,test_performance_singlemodelTrue,0.9924268070967337,LGBMClassifierAutoGluon,3,0,2,21,0.993704192318968
120,test_performance_singlemodelTrue,0.9884615384615385,LGBMClassifier1,3,0,2,21,0.988341290781924
121,test_performance_singlemodelTrue,0.9938279731678265,LGBMClassifier2,3,0,2,21,0.9916342086526784
122,test_performance_singlemodelTrue,0.9610306563851796,LGBMClassifier3,3,0,2,21,0.9671053733718642
123,test_performance_singlemodelTrue,0.9912043132092032,LGBMClassifier4,3,0,2,21,0.9927817565020731
124,test_performance_singlemodelTrue,0.9924268070967337,LGBMClassifier5,3,0,2,21,0.9932644385810613
125,test_performance_singlemodelTrue,0.9938279731678265,MLPClassifier,3,0,2,21,0.9848023202244838
126,test_performance_singlemodelTrue,0.9938279731678265,HistGradientBoostingClassifier,3,1,2,21,0.9884166771369938
127,test_performance_singlemodelTrue,0.9963325183374083,RandomForestClassifier,3,1,2,21,0.9921168907316664
128,test_performance_singlemodelTrue,0.9961538461538462,DecisionTreeClassifier,3,1,2,21,0.9922027474138293
129,test_performance_singlemodelTrue,0.9372076985768918,LinearDiscriminantAnalysis,3,1,2,21,0.9482713489969428
130,test_performance_singlemodelTrue,0.9899818193216726,XGBClassifier,3,1,2,21,0.9904437324622022
131,test_performance_singlemodelTrue,0.9874772741520907,GradientBoostingClassifier,3,1,2,21,0.9860357247560414
132,test_performance_singlemodelTrue,0.9925459218857752,LGBMClassifierDefault,3,1,2,21,0.9879769233990869
133,test_performance_singlemodelTrue,0.9924268070967337,LGBMClassifierAutoGluon,3,1,2,21,0.98960715332747
134,test_performance_singlemodelTrue,0.9898031471381105,LGBMClassifier1,3,1,2,21,0.9878481383758428
135,test_performance_singlemodelTrue,0.995050467055357,LGBMClassifier2,3,1,2,21,0.9880198517401684
136,test_performance_singlemodelTrue,0.9902200488997555,LGBMClassifier3,3,1,2,21,0.9831186916279264
137,test_performance_singlemodelTrue,0.9925459218857752,LGBMClassifier4,3,1,2,21,0.9916771369937597
138,test_performance_singlemodelTrue,0.9949313522663157,LGBMClassifier5,3,1,2,21,0.9901327637475394
139,test_performance_singlemodelTrue,0.9975550122249388,MLPClassifier,3,1,2,21,0.9846735352012397
140,test_performance_singlemodelTrue,0.9898031471381105,HistGradientBoostingClassifier,3,2,2,21,0.988330820454831
141,test_performance_singlemodelTrue,0.9951100244498777,RandomForestClassifier,3,2,2,21,0.991720065334841
142,test_performance_singlemodelTrue,0.9949313522663157,DecisionTreeClassifier,3,2,2,21,0.9901756920886209
143,test_performance_singlemodelTrue,0.9359852046893612,LinearDiscriminantAnalysis,3,2,2,21,0.9491937848138376
144,test_performance_singlemodelTrue,0.9924863644912545,XGBClassifier,3,2,2,21,0.9888135025338192
145,test_performance_singlemodelTrue,0.9938279731678265,GradientBoostingClassifier,3,2,2,21,0.9847593918834023
146,test_performance_singlemodelTrue,0.993708858378785,LGBMClassifierDefault,3,2,2,21,0.9863466934707039
147,test_performance_singlemodelTrue,0.9913829853927654,LGBMClassifierAutoGluon,3,2,2,21,0.9876659546844243
148,test_performance_singlemodelTrue,0.9886402106451007,LGBMClassifier1,3,2,2,21,0.9866147338442853
149,test_performance_singlemodelTrue,0.9910851984201619,LGBMClassifier2,3,2,2,21,0.9875371696611802
150,test_performance_singlemodelTrue,0.9901604915052348,LGBMClassifier3,3,2,2,21,0.9844484231687398
151,test_performance_singlemodelTrue,0.9925459218857752,LGBMClassifier4,3,2,2,21,0.9904866608032835
152,test_performance_singlemodelTrue,0.9936493009842644,LGBMClassifier5,3,2,2,21,0.9888135025338192
153,test_performance_singlemodelTrue,0.995050467055357,MLPClassifier,3,2,2,21,0.9841908531222515
154,test_performance_singlemodelTrue,0.9884615384615385,HistGradientBoostingClassifier,3,3,2,21,0.9857352263684718
155,test_performance_singlemodelTrue,0.9938279731678265,RandomForestClassifier,3,3,2,21,0.9918059220170039
156,test_performance_singlemodelTrue,0.9949313522663157,DecisionTreeClassifier,3,3,2,21,0.9863466934707039
157,test_performance_singlemodelTrue,0.9359852046893612,LinearDiscriminantAnalysis,3,3,2,21,0.9500303639485698
158,test_performance_singlemodelTrue,0.9912043132092032,XGBClassifier,3,3,2,21,0.9882449637726682
159,test_performance_singlemodelTrue,0.9926054792802959,GradientBoostingClassifier,3,3,2,21,0.9842767098044143
160,test_performance_singlemodelTrue,0.9873581593630494,LGBMClassifierDefault,3,3,2,21,0.9862608367885413
161,test_performance_singlemodelTrue,0.9900413767161933,LGBMClassifierAutoGluon,3,3,2,21,0.9863466934707039
162,test_performance_singlemodelTrue,0.9885806532505799,LGBMClassifier1,3,3,2,21,0.98437303681367
163,test_performance_singlemodelTrue,0.996213403548367,LGBMClassifier2,3,3,2,21,0.9841479247811702
164,test_performance_singlemodelTrue,0.9901604915052348,LGBMClassifier3,3,3,2,21,0.9819386857645434
165,test_performance_singlemodelTrue,0.9899222619271519,LGBMClassifier4,3,3,2,21,0.9899181220421326
166,test_performance_singlemodelTrue,0.993708858378785,LGBMClassifier5,3,3,2,21,0.9884166771369938
167,test_performance_singlemodelTrue,0.9937684157733058,MLPClassifier,3,3,2,21,0.9824747665117057
168,test_performance_singlemodelFalse,0.9938279731678265,HistGradientBoostingClassifier,3,0,2,21,0.9924707877874105
169,test_performance_singlemodelFalse,0.9924268070967337,RandomForestClassifier,3,0,2,21,0.9927817565020731
170,test_performance_singlemodelFalse,0.9987179487179487,DecisionTreeClassifier,3,0,2,21,0.9929963982074801
171,test_performance_singlemodelFalse,0.9294558334900633,LinearDiscriminantAnalysis,3,0,2,21,0.9443564936968631
172,test_performance_singlemodelFalse,0.9912043132092032,XGBClassifier,3,0,2,21,0.9924707877874105
173,test_performance_singlemodelFalse,0.976415271769795,GradientBoostingClassifier,3,0,2,21,0.9761255601624994
174,test_performance_singlemodelFalse,0.9938279731678265,LGBMClassifierDefault,3,0,2,21,0.9920739623905851
175,test_performance_singlemodelFalse,0.9924268070967337,LGBMClassifierAutoGluon,3,0,2,21,0.993704192318968
176,test_performance_singlemodelFalse,0.9884615384615385,LGBMClassifier1,3,0,2,21,0.988341290781924
177,test_performance_singlemodelFalse,0.9938279731678265,LGBMClassifier2,3,0,2,21,0.9916342086526784
178,test_performance_singlemodelFalse,0.9610306563851796,LGBMClassifier3,3,0,2,21,0.9671053733718642
179,test_performance_singlemodelFalse,0.9912043132092032,LGBMClassifier4,3,0,2,21,0.9927817565020731
180,test_performance_singlemodelFalse,0.9924268070967337,LGBMClassifier5,3,0,2,21,0.9932644385810613
181,test_performance_singlemodelFalse,0.9913829853927654,MLPClassifier,3,0,2,21,0.9852850023034719
182,test_performance_singlemodelFalse,0.9974358974358974,HistGradientBoostingClassifier,3,1,2,21,0.991720065334841
183,test_performance_singlemodelFalse,0.995050467055357,RandomForestClassifier,3,1,2,21,0.9916771369937597
184,test_performance_singlemodelFalse,0.9925459218857752,DecisionTreeClassifier,3,1,2,21,0.9899076517150396
185,test_performance_singlemodelFalse,0.995050467055357,LinearDiscriminantAnalysis,3,1,2,21,0.9928676131842359
186,test_performance_singlemodelFalse,0.9974358974358974,XGBClassifier,3,1,2,21,0.9900469070653768
187,test_performance_singlemodelFalse,0.995050467055357,GradientBoostingClassifier,3,1,2,21,0.9933073669221426
188,test_performance_singlemodelFalse,0.9938279731678265,LGBMClassifierDefault,3,1,2,21,0.9945836997947817
189,test_performance_singlemodelFalse,0.9938279731678265,LGBMClassifierAutoGluon,3,1,2,21,0.9900469070653768
190,test_performance_singlemodelFalse,0.9938279731678265,LGBMClassifier1,3,1,2,21,0.9900469070653768
191,test_performance_singlemodelFalse,0.995050467055357,LGBMClassifier2,3,1,2,21,0.9925566444695733
192,test_performance_singlemodelFalse,0.9938279731678265,LGBMClassifier3,3,1,2,21,0.9917629936759225
193,test_performance_singlemodelFalse,0.9938279731678265,LGBMClassifier4,3,1,2,21,0.9921598190727479
194,test_performance_singlemodelFalse,0.9938279731678265,LGBMClassifier5,3,1,2,21,0.9900469070653768
195,test_performance_singlemodelFalse,0.9937684157733058,MLPClassifier,3,1,2,21,0.9928676131842359
196,test_performance_singlemodelFalse,0.995050467055357,HistGradientBoostingClassifier,3,2,2,21,0.9925566444695733
197,test_performance_singlemodelFalse,0.9938279731678265,RandomForestClassifier,3,2,2,21,0.9924707877874105
198,test_performance_singlemodelFalse,0.9938279731678265,DecisionTreeClassifier,3,2,2,21,0.9893391129538887
199,test_performance_singlemodelFalse,0.995050467055357,LinearDiscriminantAnalysis,3,2,2,21,0.9925137161284918
200,test_performance_singlemodelFalse,0.9938279731678265,XGBClassifier,3,2,2,21,0.9916771369937597
201,test_performance_singlemodelFalse,0.9938279731678265,GradientBoostingClassifier,3,2,2,21,0.9909264145411902
202,test_performance_singlemodelFalse,0.9938279731678265,LGBMClassifierDefault,3,2,2,21,0.9908834862001089
203,test_performance_singlemodelFalse,0.9951100244498777,LGBMClassifierAutoGluon,3,2,2,21,0.9889852158981447
204,test_performance_singlemodelFalse,0.995050467055357,LGBMClassifier1,3,2,2,21,0.9911085982326088
205,test_performance_singlemodelFalse,0.9938279731678265,LGBMClassifier2,3,2,2,21,0.9904437324622022
206,test_performance_singlemodelFalse,0.9938279731678265,LGBMClassifier3,3,2,2,21,0.9921168907316664
207,test_performance_singlemodelFalse,0.9938279731678265,LGBMClassifier4,3,2,2,21,0.9900898354064581
208,test_performance_singlemodelFalse,0.9951100244498777,LGBMClassifier5,3,2,2,21,0.9889852158981447
209,test_performance_singlemodelFalse,0.995050467055357,MLPClassifier,3,2,2,21,0.9921598190727479
210,test_performance_singlemodelFalse,0.995050467055357,HistGradientBoostingClassifier,3,3,2,21,0.9900469070653768
211,test_performance_singlemodelFalse,0.995050467055357,RandomForestClassifier,3,3,2,21,0.9916342086526784
212,test_performance_singlemodelFalse,0.995050467055357,DecisionTreeClassifier,3,3,2,21,0.989253256271726
213,test_performance_singlemodelFalse,0.9951100244498777,LinearDiscriminantAnalysis,3,3,2,21,0.9868293755496922
214,test_performance_singlemodelFalse,0.9937684157733058,XGBClassifier,3,3,2,21,0.9896500816685514
215,test_performance_singlemodelFalse,0.9937684157733058,GradientBoostingClassifier,3,3,2,21,0.9896500816685514
216,test_performance_singlemodelFalse,0.9937684157733058,LGBMClassifierDefault,3,3,2,21,0.989253256271726
217,test_performance_singlemodelFalse,0.995050467055357,LGBMClassifierAutoGluon,3,3,2,21,0.9880627800812498
218,test_performance_singlemodelFalse,0.9937684157733058,LGBMClassifier1,3,3,2,21,0.9900898354064581
219,test_performance_singlemodelFalse,0.9937684157733058,LGBMClassifier2,3,3,2,21,0.9879339950580056
220,test_performance_singlemodelFalse,0.995050467055357,LGBMClassifier3,3,3,2,21,0.989253256271726
221,test_performance_singlemodelFalse,0.995050467055357,LGBMClassifier4,3,3,2,21,0.9880627800812498
222,test_performance_singlemodelFalse,0.995050467055357,LGBMClassifier5,3,3,2,21,0.9880627800812498
223,test_performance_singlemodelFalse,0.995050467055357,MLPClassifier,3,3,2,21,0.9900898354064581
224,test_performance_singlemodelTrue,0.9938279731678265,HistGradientBoostingClassifier,3,0,5,21,0.9932644385810613
225,test_performance_singlemodelTrue,0.9949313522663157,RandomForestClassifier,3,0,5,21,0.992299074423085
226,test_performance_singlemodelTrue,0.9961538461538462,DecisionTreeClassifier,3,0,5,21,0.9924707877874105
227,test_performance_singlemodelTrue,0.9281142248134913,LinearDiscriminantAnalysis,3,0,5,21,0.9433482011978054
228,test_performance_singlemodelTrue,0.9924268070967337,XGBClassifier,3,0,5,21,0.9919881057084223
229,test_performance_singlemodelTrue,0.976415271769795,GradientBoostingClassifier,3,0,5,21,0.978635297566696
230,test_performance_singlemodelTrue,0.9938279731678265,LGBMClassifierDefault,3,0,5,21,0.9936612639778867
231,test_performance_singlemodelTrue,0.9924268070967337,LGBMClassifierAutoGluon,3,0,5,21,0.9928246848431546
232,test_performance_singlemodelTrue,0.9884615384615385,LGBMClassifier1,3,0,5,21,0.986936172886041
233,test_performance_singlemodelTrue,0.9938279731678265,LGBMClassifier2,3,0,5,21,0.9923849311052477
234,test_performance_singlemodelTrue,0.9597486051031283,LGBMClassifier3,3,0,5,21,0.965700255475981
235,test_performance_singlemodelTrue,0.9912043132092032,LGBMClassifier4,3,0,5,21,0.990668844494702
236,test_performance_singlemodelTrue,0.9924268070967337,LGBMClassifier5,3,0,5,21,0.9936612639778867
237,test_performance_singlemodelTrue,0.995050467055357,MLPClassifier,3,0,5,21,0.9854671859948905
238,test_performance_singlemodelTrue,0.995050467055357,HistGradientBoostingClassifier,3,1,5,21,0.9903578757800393
239,test_performance_singlemodelTrue,0.9962729609428875,RandomForestClassifier,3,1,5,21,0.9920739623905851
240,test_performance_singlemodelTrue,0.9961538461538462,DecisionTreeClassifier,3,1,5,21,0.9920310340495038
241,test_performance_singlemodelTrue,0.9384301924644223,LinearDiscriminantAnalysis,3,1,5,21,0.946555262386397
242,test_performance_singlemodelTrue,0.9899818193216726,XGBClassifier,3,1,5,21,0.9907547011768647
243,test_performance_singlemodelTrue,0.9886997680396213,GradientBoostingClassifier,3,1,5,21,0.987054487582192
244,test_performance_singlemodelTrue,0.9949909096608363,LGBMClassifierDefault,3,1,5,21,0.9898751937010513
245,test_performance_singlemodelTrue,0.9936493009842644,LGBMClassifierAutoGluon,3,1,5,21,0.9919451773673409
246,test_performance_singlemodelTrue,0.9910851984201619,LGBMClassifier1,3,1,5,21,0.9889527578841564
247,test_performance_singlemodelTrue,0.996213403548367,LGBMClassifier2,3,1,5,21,0.9919022490262596
248,test_performance_singlemodelTrue,0.9901604915052348,LGBMClassifier3,3,1,5,21,0.9853279306445533
249,test_performance_singlemodelTrue,0.9938279731678265,LGBMClassifier4,3,1,5,21,0.9899181220421326
250,test_performance_singlemodelTrue,0.9936493009842644,LGBMClassifier5,3,1,5,21,0.9916342086526784
251,test_performance_singlemodelTrue,0.9951100244498777,MLPClassifier,3,1,5,21,0.9841479247811702
252,test_performance_singlemodelTrue,0.9911447558146824,HistGradientBoostingClassifier,3,2,5,21,0.9897893370188885
253,test_performance_singlemodelTrue,0.9962729609428875,RandomForestClassifier,3,2,5,21,0.9919881057084223
254,test_performance_singlemodelTrue,0.9961538461538462,DecisionTreeClassifier,3,2,5,21,0.9887276458516564
255,test_performance_singlemodelTrue,0.9347031534073099,LinearDiscriminantAnalysis,3,2,5,21,0.9458045399338275
256,test_performance_singlemodelTrue,0.9924863644912545,XGBClassifier,3,2,5,21,0.9887705741927377
257,test_performance_singlemodelTrue,0.9874772741520907,GradientBoostingClassifier,3,2,5,21,0.9861749801063786
258,test_performance_singlemodelTrue,0.9948717948717949,LGBMClassifierDefault,3,2,5,21,0.9864859488210411
259,test_performance_singlemodelTrue,0.9864930098426431,LGBMClassifierAutoGluon,3,2,5,21,0.9928676131842359
260,test_performance_singlemodelTrue,0.9911447558146824,LGBMClassifier1,3,2,5,21,0.9863142354567157
261,test_performance_singlemodelTrue,0.9936493009842644,LGBMClassifier2,3,2,5,21,0.9886417891694936
262,test_performance_singlemodelTrue,0.9901604915052348,LGBMClassifier3,3,2,5,21,0.9867864472086108
263,test_performance_singlemodelTrue,0.9873581593630494,LGBMClassifier4,3,2,5,21,0.990314947438958
264,test_performance_singlemodelTrue,0.9924268070967337,LGBMClassifier5,3,2,5,21,0.9889956862252377
265,test_performance_singlemodelTrue,0.9924863644912545,MLPClassifier,3,2,5,21,0.9823889098295431
266,test_performance_singlemodelTrue,0.9910851984201619,HistGradientBoostingClassifier,3,3,5,21,0.9872366712736106
267,test_performance_singlemodelTrue,0.9962729609428875,RandomForestClassifier,3,3,5,21,0.9894783683042259
268,test_performance_singlemodelTrue,0.9873581593630494,DecisionTreeClassifier,3,3,5,21,0.9891244712484818
269,test_performance_singlemodelTrue,0.9347031534073099,LinearDiscriminantAnalysis,3,3,5,21,0.9458045399338275
270,test_performance_singlemodelTrue,0.9938279731678265,XGBClassifier,3,3,5,21,0.9870974159232735
271,test_performance_singlemodelTrue,0.9898031471381105,GradientBoostingClassifier,3,3,5,21,0.9859603384009716
272,test_performance_singlemodelTrue,0.9885210958560592,LGBMClassifierDefault,3,3,5,21,0.9883842191230054
273,test_performance_singlemodelTrue,0.9877155037301737,LGBMClassifierAutoGluon,3,3,5,21,0.9929105415253172
274,test_performance_singlemodelTrue,0.9872986019685286,LGBMClassifier1,3,3,5,21,0.984952045901914
275,test_performance_singlemodelTrue,0.9898031471381105,LGBMClassifier2,3,3,5,21,0.9888669012019935
276,test_performance_singlemodelTrue,0.9888784402231835,LGBMClassifier3,3,3,5,21,0.9855101143359719
277,test_performance_singlemodelTrue,0.9860165506864773,LGBMClassifier4,3,3,5,21,0.9907976295179461
278,test_performance_singlemodelTrue,0.9924268070967337,LGBMClassifier5,3,3,5,21,0.9865288771621226
279,test_performance_singlemodelTrue,0.9912043132092032,MLPClassifier,3,3,5,21,0.9802330694810906
280,test_performance_singlemodelFalse,0.9938279731678265,HistGradientBoostingClassifier,3,0,5,21,0.9932644385810613
281,test_performance_singlemodelFalse,0.9949313522663157,RandomForestClassifier,3,0,5,21,0.992299074423085
282,test_performance_singlemodelFalse,0.9961538461538462,DecisionTreeClassifier,3,0,5,21,0.9924707877874105
283,test_performance_singlemodelFalse,0.9281142248134913,LinearDiscriminantAnalysis,3,0,5,21,0.9433482011978054
284,test_performance_singlemodelFalse,0.9924268070967337,XGBClassifier,3,0,5,21,0.9919881057084223
285,test_performance_singlemodelFalse,0.976415271769795,GradientBoostingClassifier,3,0,5,21,0.978635297566696
286,test_performance_singlemodelFalse,0.9938279731678265,LGBMClassifierDefault,3,0,5,21,0.9936612639778867
287,test_performance_singlemodelFalse,0.9924268070967337,LGBMClassifierAutoGluon,3,0,5,21,0.9928246848431546
288,test_performance_singlemodelFalse,0.9884615384615385,LGBMClassifier1,3,0,5,21,0.986936172886041
289,test_performance_singlemodelFalse,0.9938279731678265,LGBMClassifier2,3,0,5,21,0.9923849311052477
290,test_performance_singlemodelFalse,0.9597486051031283,LGBMClassifier3,3,0,5,21,0.965700255475981
291,test_performance_singlemodelFalse,0.9912043132092032,LGBMClassifier4,3,0,5,21,0.990668844494702
292,test_performance_singlemodelFalse,0.9924268070967337,LGBMClassifier5,3,0,5,21,0.9936612639778867
293,test_performance_singlemodelFalse,0.9938279731678265,MLPClassifier,3,0,5,21,0.9845876785190769
294,test_performance_singlemodelFalse,0.9949909096608363,HistGradientBoostingClassifier,3,1,5,21,0.9926958998199104
295,test_performance_singlemodelFalse,0.995050467055357,RandomForestClassifier,3,1,5,21,0.99322151023998
296,test_performance_singlemodelFalse,0.9912638706037239,DecisionTreeClassifier,3,1,5,21,0.9915912803115969
297,test_performance_singlemodelFalse,0.9937684157733058,LinearDiscriminantAnalysis,3,1,5,21,0.9923849311052477
298,test_performance_singlemodelFalse,0.993708858378785,XGBClassifier,3,1,5,21,0.9923849311052477
299,test_performance_singlemodelFalse,0.9938279731678265,GradientBoostingClassifier,3,1,5,21,0.9932644385810613
300,test_performance_singlemodelFalse,0.9925459218857752,LGBMClassifierDefault,3,1,5,21,0.9915483519705155
301,test_performance_singlemodelFalse,0.995050467055357,LGBMClassifierAutoGluon,3,1,5,21,0.9919881057084223
302,test_performance_singlemodelFalse,0.993708858378785,LGBMClassifier1,3,1,5,21,0.9901432340746326
303,test_performance_singlemodelFalse,0.9949909096608363,LGBMClassifier2,3,1,5,21,0.9915483519705155
304,test_performance_singlemodelFalse,0.9925459218857752,LGBMClassifier3,3,1,5,21,0.9931785818988985
305,test_performance_singlemodelFalse,0.995050467055357,LGBMClassifier4,3,1,5,21,0.9907117728357834
306,test_performance_singlemodelFalse,0.995050467055357,LGBMClassifier5,3,1,5,21,0.9919881057084223
307,test_performance_singlemodelFalse,0.9949909096608363,MLPClassifier,3,1,5,21,0.9924278594463292
308,test_performance_singlemodelFalse,0.9962729609428875,HistGradientBoostingClassifier,3,2,5,21,0.9911085982326088
309,test_performance_singlemodelFalse,0.995050467055357,RandomForestClassifier,3,2,5,21,0.9919881057084223
310,test_performance_singlemodelFalse,0.9975550122249388,DecisionTreeClassifier,3,2,5,21,0.9920739623905851
311,test_performance_singlemodelFalse,0.995050467055357,LinearDiscriminantAnalysis,3,2,5,21,0.9899610503832139
312,test_performance_singlemodelFalse,0.9937684157733058,XGBClassifier,3,2,5,21,0.9903578757800393
313,test_performance_singlemodelFalse,0.9963325183374083,GradientBoostingClassifier,3,2,5,21,0.9916342086526784
314,test_performance_singlemodelFalse,0.9949313522663157,LGBMClassifierDefault,3,2,5,21,0.9911515265736901
315,test_performance_singlemodelFalse,0.995050467055357,LGBMClassifierAutoGluon,3,2,5,21,0.9915912803115969
316,test_performance_singlemodelFalse,0.995050467055357,LGBMClassifier1,3,2,5,21,0.9889098295430749
317,test_performance_singlemodelFalse,0.9949909096608363,LGBMClassifier2,3,2,5,21,0.9920310340495038
318,test_performance_singlemodelFalse,0.9937684157733058,LGBMClassifier3,3,2,5,21,0.9903578757800393
319,test_performance_singlemodelFalse,0.995050467055357,LGBMClassifier4,3,2,5,21,0.9915912803115969
320,test_performance_singlemodelFalse,0.995050467055357,LGBMClassifier5,3,2,5,21,0.9915912803115969
321,test_performance_singlemodelFalse,0.9937684157733058,MLPClassifier,3,2,5,21,0.9911944549147715
322,test_performance_singlemodelFalse,0.9962729609428875,HistGradientBoostingClassifier,3,3,5,21,0.9899181220421326
323,test_performance_singlemodelFalse,0.9974358974358974,RandomForestClassifier,3,3,5,21,0.9903578757800393
324,test_performance_singlemodelFalse,0.9974358974358974,DecisionTreeClassifier,3,3,5,21,0.9900039787242954
325,test_performance_singlemodelFalse,0.9949909096608363,LinearDiscriminantAnalysis,3,3,5,21,0.9887276458516564
326,test_performance_singlemodelFalse,0.9961538461538462,XGBClassifier,3,3,5,21,0.9907117728357834
327,test_performance_singlemodelFalse,0.9987179487179487,GradientBoostingClassifier,3,3,5,21,0.9899181220421326
328,test_performance_singlemodelFalse,0.9963325183374083,LGBMClassifierDefault,3,3,5,21,0.9911515265736901
329,test_performance_singlemodelFalse,0.9961538461538462,LGBMClassifierAutoGluon,3,3,5,21,0.9907117728357834
330,test_performance_singlemodelFalse,0.9961538461538462,LGBMClassifier1,3,3,5,21,0.9898322653599698
331,test_performance_singlemodelFalse,0.9962729609428875,LGBMClassifier2,3,3,5,21,0.9907547011768647
332,test_performance_singlemodelFalse,0.996213403548367,LGBMClassifier3,3,3,5,21,0.9899181220421326
333,test_performance_singlemodelFalse,0.9961538461538462,LGBMClassifier4,3,3,5,21,0.9902720190978767
334,test_performance_singlemodelFalse,0.9961538461538462,LGBMClassifier5,3,3,5,21,0.9907117728357834
335,test_performance_singlemodelFalse,0.9987775061124695,MLPClassifier,3,3,5,21,0.9915483519705155
336,test_performance_singlemodelTrue,0.9938279731678265,HistGradientBoostingClassifier,3,0,10,21,0.993704192318968
337,test_performance_singlemodelTrue,0.9949313522663157,RandomForestClassifier,3,0,10,21,0.9919451773673409
338,test_performance_singlemodelTrue,0.9961538461538462,DecisionTreeClassifier,3,0,10,21,0.9929105415253172
339,test_performance_singlemodelTrue,0.9281142248134913,LinearDiscriminantAnalysis,3,0,10,21,0.9420289399840851
340,test_performance_singlemodelTrue,0.9924268070967337,XGBClassifier,3,0,10,21,0.9933073669221426
341,test_performance_singlemodelTrue,0.976415271769795,GradientBoostingClassifier,3,0,10,21,0.9787640825899402
342,test_performance_singlemodelTrue,0.9938279731678265,LGBMClassifierDefault,3,0,10,21,0.9928676131842359
343,test_performance_singlemodelTrue,0.9924268070967337,LGBMClassifierAutoGluon,3,0,10,21,0.9941010177157934
344,test_performance_singlemodelTrue,0.9884615384615385,LGBMClassifier1,3,0,10,21,0.9891349415755748
345,test_performance_singlemodelTrue,0.9938279731678265,LGBMClassifier2,3,0,10,21,0.9928246848431546
346,test_performance_singlemodelTrue,0.9597486051031283,LGBMClassifier3,3,0,10,21,0.965217573396993
347,test_performance_singlemodelTrue,0.9912043132092032,LGBMClassifier4,3,0,10,21,0.9915483519705155
348,test_performance_singlemodelTrue,0.9924268070967337,LGBMClassifier5,3,0,10,21,0.9933073669221426
349,test_performance_singlemodelTrue,0.995050467055357,MLPClassifier,3,0,10,21,0.9875800980022615
350,test_performance_singlemodelTrue,0.995050467055357,HistGradientBoostingClassifier,3,1,10,21,0.9920310340495038
351,test_performance_singlemodelTrue,0.9925459218857752,RandomForestClassifier,3,1,10,21,0.9916771369937597
352,test_performance_singlemodelTrue,0.9949313522663157,DecisionTreeClassifier,3,1,10,21,0.9909264145411902
353,test_performance_singlemodelTrue,0.937148141182371,LinearDiscriminantAnalysis,3,1,10,21,0.9465981907274783
354,test_performance_singlemodelTrue,0.9899818193216726,XGBClassifier,3,1,10,21,0.9916342086526784
355,test_performance_singlemodelTrue,0.9875368315466115,GradientBoostingClassifier,3,1,10,21,0.9855530426770531
356,test_performance_singlemodelTrue,0.9925459218857752,LGBMClassifierDefault,3,1,10,21,0.9924278594463292
357,test_performance_singlemodelTrue,0.9948717948717949,LGBMClassifierAutoGluon,3,1,10,21,0.9920310340495038
358,test_performance_singlemodelTrue,0.9898031471381105,LGBMClassifier1,3,1,10,21,0.9902720190978767
359,test_performance_singlemodelTrue,0.9949909096608363,LGBMClassifier2,3,1,10,21,0.9927817565020731
360,test_performance_singlemodelTrue,0.9889379976177042,LGBMClassifier3,3,1,10,21,0.9845342798509025
361,test_performance_singlemodelTrue,0.9938279731678265,LGBMClassifier4,3,1,10,21,0.9899610503832139
362,test_performance_singlemodelTrue,0.9924268070967337,LGBMClassifier5,3,1,10,21,0.9928676131842359
363,test_performance_singlemodelTrue,0.9975550122249388,MLPClassifier,3,1,10,21,0.9858210830506345
364,test_performance_singlemodelTrue,0.9924268070967337,HistGradientBoostingClassifier,3,2,10,21,0.9902290907567952
365,test_performance_singlemodelTrue,0.9925459218857752,RandomForestClassifier,3,2,10,21,0.9895212966453072
366,test_performance_singlemodelTrue,0.9923672497022131,DecisionTreeClassifier,3,2,10,21,0.98960715332747
367,test_performance_singlemodelTrue,0.9359256472948405,LinearDiscriminantAnalysis,3,2,10,21,0.947477698203292
368,test_performance_singlemodelTrue,0.9938279731678265,XGBClassifier,3,2,10,21,0.9928676131842359
369,test_performance_singlemodelTrue,0.9862547802645603,GradientBoostingClassifier,3,2,10,21,0.9887276458516564
370,test_performance_singlemodelTrue,0.9936493009842644,LGBMClassifierDefault,3,2,10,21,0.9911085982326088
371,test_performance_singlemodelTrue,0.9948717948717949,LGBMClassifierAutoGluon,3,2,10,21,0.9907117728357834
372,test_performance_singlemodelTrue,0.9936493009842644,LGBMClassifier1,3,2,10,21,0.9880303220672614
373,test_performance_singlemodelTrue,0.996213403548367,LGBMClassifier2,3,2,10,21,0.9894783683042259
374,test_performance_singlemodelTrue,0.9863143376590809,LGBMClassifier3,3,2,10,21,0.9855959710181346
375,test_performance_singlemodelTrue,0.9937684157733058,LGBMClassifier4,3,2,10,21,0.9878910667169243
376,test_performance_singlemodelTrue,0.993708858378785,LGBMClassifier5,3,2,10,21,0.9907976295179461
377,test_performance_singlemodelTrue,0.9924863644912545,MLPClassifier,3,2,10,21,0.9824318381706244
378,test_performance_singlemodelTrue,0.9924268070967337,HistGradientBoostingClassifier,3,3,10,21,0.9897464086778072
379,test_performance_singlemodelTrue,0.9951100244498777,RandomForestClassifier,3,3,10,21,0.9892103279306446
380,test_performance_singlemodelTrue,0.993708858378785,DecisionTreeClassifier,3,3,10,21,0.9907976295179461
381,test_performance_singlemodelTrue,0.9347031534073099,LinearDiscriminantAnalysis,3,3,10,21,0.9484001340201869
382,test_performance_singlemodelTrue,0.9938279731678265,XGBClassifier,3,3,10,21,0.9895642249863885
383,test_performance_singlemodelTrue,0.9862547802645603,GradientBoostingClassifier,3,3,10,21,0.9866147338442853
384,test_performance_singlemodelTrue,0.9949909096608363,LGBMClassifierDefault,3,3,10,21,0.9886847175105751
385,test_performance_singlemodelTrue,0.996213403548367,LGBMClassifierAutoGluon,3,3,10,21,0.9919881057084223
386,test_performance_singlemodelTrue,0.9898627045326311,LGBMClassifier1,3,3,10,21,0.9871937429325293
387,test_performance_singlemodelTrue,0.9836906777004577,LGBMClassifier2,3,3,10,21,0.9886417891694936
388,test_performance_singlemodelTrue,0.9877155037301737,LGBMClassifier3,3,3,10,21,0.9855530426770531
389,test_performance_singlemodelTrue,0.9924863644912545,LGBMClassifier4,3,3,10,21,0.9882020354315869
390,test_performance_singlemodelTrue,0.9926054792802959,LGBMClassifier5,3,3,10,21,0.9886847175105751
391,test_performance_singlemodelTrue,0.9911447558146824,MLPClassifier,3,3,10,21,0.9807157515600787
392,test_performance_singlemodelFalse,0.9938279731678265,HistGradientBoostingClassifier,3,0,10,21,0.993704192318968
393,test_performance_singlemodelFalse,0.9949313522663157,RandomForestClassifier,3,0,10,21,0.9919451773673409
394,test_performance_singlemodelFalse,0.9961538461538462,DecisionTreeClassifier,3,0,10,21,0.9929105415253172
395,test_performance_singlemodelFalse,0.9281142248134913,LinearDiscriminantAnalysis,3,0,10,21,0.9420289399840851
396,test_performance_singlemodelFalse,0.9924268070967337,XGBClassifier,3,0,10,21,0.9933073669221426
397,test_performance_singlemodelFalse,0.976415271769795,GradientBoostingClassifier,3,0,10,21,0.9787640825899402
398,test_performance_singlemodelFalse,0.9938279731678265,LGBMClassifierDefault,3,0,10,21,0.9928676131842359
399,test_performance_singlemodelFalse,0.9924268070967337,LGBMClassifierAutoGluon,3,0,10,21,0.9941010177157934
400,test_performance_singlemodelFalse,0.9884615384615385,LGBMClassifier1,3,0,10,21,0.9891349415755748
401,test_performance_singlemodelFalse,0.9938279731678265,LGBMClassifier2,3,0,10,21,0.9928246848431546
402,test_performance_singlemodelFalse,0.9597486051031283,LGBMClassifier3,3,0,10,21,0.965217573396993
403,test_performance_singlemodelFalse,0.9912043132092032,LGBMClassifier4,3,0,10,21,0.9915483519705155
404,test_performance_singlemodelFalse,0.9924268070967337,LGBMClassifier5,3,0,10,21,0.9933073669221426
405,test_performance_singlemodelFalse,0.9938279731678265,MLPClassifier,3,0,10,21,0.9864325501528668
406,test_performance_singlemodelFalse,0.9949909096608363,HistGradientBoostingClassifier,3,1,10,21,0.9927817565020731
407,test_performance_singlemodelFalse,0.995050467055357,RandomForestClassifier,3,1,10,21,0.9932644385810613
408,test_performance_singlemodelFalse,0.9938279731678265,DecisionTreeClassifier,3,1,10,21,0.9927817565020731
409,test_performance_singlemodelFalse,0.995050467055357,LinearDiscriminantAnalysis,3,1,10,21,0.9941010177157934
410,test_performance_singlemodelFalse,0.9949909096608363,XGBClassifier,3,1,10,21,0.9928246848431546
411,test_performance_singlemodelFalse,0.995050467055357,GradientBoostingClassifier,3,1,10,21,0.99322151023998
412,test_performance_singlemodelFalse,0.9949909096608363,LGBMClassifierDefault,3,1,10,21,0.9915483519705155
413,test_performance_singlemodelFalse,0.995050467055357,LGBMClassifierAutoGluon,3,1,10,21,0.9928246848431546
414,test_performance_singlemodelFalse,0.9924863644912545,LGBMClassifier1,3,1,10,21,0.9918163923440968
415,test_performance_singlemodelFalse,0.9949909096608363,LGBMClassifier2,3,1,10,21,0.9923849311052477
416,test_performance_singlemodelFalse,0.995050467055357,LGBMClassifier3,3,1,10,21,0.9932644385810613
417,test_performance_singlemodelFalse,0.9938279731678265,LGBMClassifier4,3,1,10,21,0.9928676131842359
418,test_performance_singlemodelFalse,0.995050467055357,LGBMClassifier5,3,1,10,21,0.9928246848431546
419,test_performance_singlemodelFalse,0.9949909096608363,MLPClassifier,3,1,10,21,0.9924707877874105
420,test_performance_singlemodelFalse,0.9961538461538462,HistGradientBoostingClassifier,3,2,10,21,0.9940151610336307
421,test_performance_singlemodelFalse,0.995050467055357,RandomForestClassifier,3,2,10,21,0.9915912803115969
422,test_performance_singlemodelFalse,0.995050467055357,DecisionTreeClassifier,3,2,10,21,0.9911944549147715
423,test_performance_singlemodelFalse,0.9850918437715503,LinearDiscriminantAnalysis,3,2,10,21,0.9824213678435314
424,test_performance_singlemodelFalse,0.9924863644912545,XGBClassifier,3,2,10,21,0.9915483519705155
425,test_performance_singlemodelFalse,0.995050467055357,GradientBoostingClassifier,3,2,10,21,0.9924278594463292
426,test_performance_singlemodelFalse,0.9949909096608363,LGBMClassifierDefault,3,2,10,21,0.9919451773673409
427,test_performance_singlemodelFalse,0.9937684157733058,LGBMClassifierAutoGluon,3,2,10,21,0.9923849311052477
428,test_performance_singlemodelFalse,0.9949909096608363,LGBMClassifier1,3,2,10,21,0.9914624952883528
429,test_performance_singlemodelFalse,0.9949909096608363,LGBMClassifier2,3,2,10,21,0.9915483519705155
430,test_performance_singlemodelFalse,0.9937684157733058,LGBMClassifier3,3,2,10,21,0.9915483519705155
431,test_performance_singlemodelFalse,0.9937684157733058,LGBMClassifier4,3,2,10,21,0.993704192318968
432,test_performance_singlemodelFalse,0.9937684157733058,LGBMClassifier5,3,2,10,21,0.9923849311052477
433,test_performance_singlemodelFalse,0.9925459218857752,MLPClassifier,3,2,10,21,0.9940151610336307
434,test_performance_singlemodelFalse,0.995050467055357,HistGradientBoostingClassifier,3,3,10,21,0.9932644385810613
435,test_performance_singlemodelFalse,0.9924863644912545,RandomForestClassifier,3,3,10,21,0.9928246848431546
436,test_performance_singlemodelFalse,0.9961538461538462,DecisionTreeClassifier,3,3,10,21,0.9919022490262596
437,test_performance_singlemodelFalse,0.9825277412074478,LinearDiscriminantAnalysis,3,3,10,21,0.9805764962097416
438,test_performance_singlemodelFalse,0.9924863644912545,XGBClassifier,3,3,10,21,0.9923849311052477
439,test_performance_singlemodelFalse,0.9937684157733058,GradientBoostingClassifier,3,3,10,21,0.9923849311052477
440,test_performance_singlemodelFalse,0.9937684157733058,LGBMClassifierDefault,3,3,10,21,0.9928246848431546
441,test_performance_singlemodelFalse,0.9949909096608363,LGBMClassifierAutoGluon,3,3,10,21,0.9919451773673409
442,test_performance_singlemodelFalse,0.9936493009842644,LGBMClassifier1,3,3,10,21,0.990540059471458
443,test_performance_singlemodelFalse,0.9937684157733058,LGBMClassifier2,3,3,10,21,0.9932644385810613
444,test_performance_singlemodelFalse,0.9937684157733058,LGBMClassifier3,3,3,10,21,0.9919451773673409
445,test_performance_singlemodelFalse,0.9949909096608363,LGBMClassifier4,3,3,10,21,0.9923420027641663
446,test_performance_singlemodelFalse,0.9949909096608363,LGBMClassifier5,3,3,10,21,0.9919451773673409
447,test_performance_singlemodelFalse,0.9924268070967337,MLPClassifier,3,3,10,21,0.9923849311052477
448,test_performance_singlemodelTrue,0.9938279731678265,HistGradientBoostingClassifier,3,0,20,21,0.9948946685094442
449,test_performance_singlemodelTrue,0.993708858378785,RandomForestClassifier,3,0,20,21,0.9923420027641663
450,test_performance_singlemodelTrue,0.9974358974358974,DecisionTreeClassifier,3,0,20,21,0.9937471206600494
451,test_performance_singlemodelTrue,0.9281142248134913,LinearDiscriminantAnalysis,3,0,20,21,0.9420289399840851
452,test_performance_singlemodelTrue,0.9924268070967337,XGBClassifier,3,0,20,21,0.9933073669221426
453,test_performance_singlemodelTrue,0.976415271769795,GradientBoostingClassifier,3,0,20,21,0.9783243288520334
454,test_performance_singlemodelTrue,0.9938279731678265,LGBMClassifierDefault,3,0,20,21,0.9936183356368053
455,test_performance_singlemodelTrue,0.993708858378785,LGBMClassifierAutoGluon,3,0,20,21,0.99322151023998
456,test_performance_singlemodelTrue,0.9884615384615385,LGBMClassifier1,3,0,20,21,0.9882554340997614
457,test_performance_singlemodelTrue,0.9938279731678265,LGBMClassifier2,3,0,20,21,0.9936183356368053
458,test_performance_singlemodelTrue,0.9610306563851796,LGBMClassifier3,3,0,20,21,0.965217573396993
459,test_performance_singlemodelTrue,0.9912043132092032,LGBMClassifier4,3,0,20,21,0.9919451773673409
460,test_performance_singlemodelTrue,0.9924268070967337,LGBMClassifier5,3,0,20,21,0.9936612639778867
461,test_performance_singlemodelTrue,0.995050467055357,MLPClassifier,3,0,20,21,0.9859069397327973
462,test_performance_singlemodelTrue,0.993708858378785,HistGradientBoostingClassifier,3,1,20,21,0.9924278594463292
463,test_performance_singlemodelTrue,0.9925459218857752,RandomForestClassifier,3,1,20,21,0.9920739623905851
464,test_performance_singlemodelTrue,0.9974358974358974,DecisionTreeClassifier,3,1,20,21,0.9902720190978767
465,test_performance_singlemodelTrue,0.9358660899003197,LinearDiscriminantAnalysis,3,1,20,21,0.94796038028228
466,test_performance_singlemodelTrue,0.9899818193216726,XGBClassifier,3,1,20,21,0.9928676131842359
467,test_performance_singlemodelTrue,0.988759325434142,GradientBoostingClassifier,3,1,20,21,0.9863037651296227
468,test_performance_singlemodelTrue,0.9974358974358974,LGBMClassifierDefault,3,1,20,21,0.9931785818988985
469,test_performance_singlemodelTrue,0.9948717948717949,LGBMClassifierAutoGluon,3,1,20,21,0.9911085982326088
470,test_performance_singlemodelTrue,0.9923672497022131,LGBMClassifier1,3,1,20,21,0.9884700758051681
471,test_performance_singlemodelTrue,0.9949313522663157,LGBMClassifier2,3,1,20,21,0.9919022490262596
472,test_performance_singlemodelTrue,0.9901604915052348,LGBMClassifier3,3,1,20,21,0.9873120576286802
473,test_performance_singlemodelTrue,0.9938279731678265,LGBMClassifier4,3,1,20,21,0.9920739623905851
474,test_performance_singlemodelTrue,0.9949909096608363,LGBMClassifier5,3,1,20,21,0.9915483519705155
475,test_performance_singlemodelTrue,0.9963325183374083,MLPClassifier,3,1,20,21,0.984941575574821
476,test_performance_singlemodelTrue,0.9898031471381105,HistGradientBoostingClassifier,3,2,20,21,0.9911085982326088
477,test_performance_singlemodelTrue,0.9925459218857752,RandomForestClassifier,3,2,20,21,0.9907976295179461
478,test_performance_singlemodelTrue,0.9961538461538462,DecisionTreeClassifier,3,2,20,21,0.9904008041211207
479,test_performance_singlemodelTrue,0.937148141182371,LinearDiscriminantAnalysis,3,2,20,21,0.9502450056539766
480,test_performance_singlemodelTrue,0.9912638706037239,XGBClassifier,3,2,20,21,0.9920310340495038
481,test_performance_singlemodelTrue,0.9912043132092032,GradientBoostingClassifier,3,2,20,21,0.9858210830506345
482,test_performance_singlemodelTrue,0.9948717948717949,LGBMClassifierDefault,3,2,20,21,0.9914624952883528
483,test_performance_singlemodelTrue,0.9948717948717949,LGBMClassifierAutoGluon,3,2,20,21,0.9911085982326088
484,test_performance_singlemodelTrue,0.9898031471381105,LGBMClassifier1,3,2,20,21,0.9886417891694936
485,test_performance_singlemodelTrue,0.9910256410256411,LGBMClassifier2,3,2,20,21,0.9918593206851782
486,test_performance_singlemodelTrue,0.9876559463356529,LGBMClassifier3,3,2,20,21,0.9871403442643548
487,test_performance_singlemodelTrue,0.9925459218857752,LGBMClassifier4,3,2,20,21,0.990314947438958
488,test_performance_singlemodelTrue,0.9948717948717949,LGBMClassifier5,3,2,20,21,0.9911085982326088
489,test_performance_singlemodelTrue,0.9886997680396213,MLPClassifier,3,2,20,21,0.9823459814884618
490,test_performance_singlemodelTrue,0.9898031471381105,HistGradientBoostingClassifier,3,3,20,21,0.9892637265988189
491,test_performance_singlemodelTrue,0.995050467055357,RandomForestClassifier,3,3,20,21,0.9888135025338192
492,test_performance_singlemodelTrue,0.9961538461538462,DecisionTreeClassifier,3,3,20,21,0.9874942413200989
493,test_performance_singlemodelTrue,0.9347031534073099,LinearDiscriminantAnalysis,3,3,20,21,0.9488828160991749
494,test_performance_singlemodelTrue,0.9886997680396213,XGBClassifier,3,3,20,21,0.9903578757800393
495,test_performance_singlemodelTrue,0.9898627045326311,GradientBoostingClassifier,3,3,20,21,0.9827428068852871
496,test_performance_singlemodelTrue,0.993708858378785,LGBMClassifierDefault,3,3,20,21,0.9915483519705155
497,test_performance_singlemodelTrue,0.9948717948717949,LGBMClassifierAutoGluon,3,3,20,21,0.9931356535578171
498,test_performance_singlemodelTrue,0.9911447558146824,LGBMClassifier1,3,3,20,21,0.9855205846630649
499,test_performance_singlemodelTrue,0.9910256410256411,LGBMClassifier2,3,3,20,21,0.9906259161536206
500,test_performance_singlemodelTrue,0.9863738950536016,LGBMClassifier3,3,3,20,21,0.9855101143359719
501,test_performance_singlemodelTrue,0.9925459218857752,LGBMClassifier4,3,3,20,21,0.9904437324622022
502,test_performance_singlemodelTrue,0.9935897435897436,LGBMClassifier5,3,3,20,21,0.9882449637726682
503,test_performance_singlemodelTrue,0.9822895116293648,MLPClassifier,3,3,20,21,0.980629894877916
504,test_performance_singlemodelFalse,0.9938279731678265,HistGradientBoostingClassifier,3,0,20,21,0.9948946685094442
505,test_performance_singlemodelFalse,0.993708858378785,RandomForestClassifier,3,0,20,21,0.9923420027641663
506,test_performance_singlemodelFalse,0.9974358974358974,DecisionTreeClassifier,3,0,20,21,0.9937471206600494
507,test_performance_singlemodelFalse,0.9281142248134913,LinearDiscriminantAnalysis,3,0,20,21,0.9420289399840851
508,test_performance_singlemodelFalse,0.9924268070967337,XGBClassifier,3,0,20,21,0.9933073669221426
509,test_performance_singlemodelFalse,0.976415271769795,GradientBoostingClassifier,3,0,20,21,0.9783243288520334
510,test_performance_singlemodelFalse,0.9938279731678265,LGBMClassifierDefault,3,0,20,21,0.9936183356368053
511,test_performance_singlemodelFalse,0.993708858378785,LGBMClassifierAutoGluon,3,0,20,21,0.99322151023998
512,test_performance_singlemodelFalse,0.9884615384615385,LGBMClassifier1,3,0,20,21,0.9882554340997614
513,test_performance_singlemodelFalse,0.9938279731678265,LGBMClassifier2,3,0,20,21,0.9936183356368053
514,test_performance_singlemodelFalse,0.9610306563851796,LGBMClassifier3,3,0,20,21,0.965217573396993
515,test_performance_singlemodelFalse,0.9912043132092032,LGBMClassifier4,3,0,20,21,0.9919451773673409
516,test_performance_singlemodelFalse,0.9924268070967337,LGBMClassifier5,3,0,20,21,0.9936612639778867
517,test_performance_singlemodelFalse,0.995050467055357,MLPClassifier,3,0,20,21,0.9855101143359719
518,test_performance_singlemodelFalse,0.9924268070967337,HistGradientBoostingClassifier,3,1,20,21,0.9919022490262596
519,test_performance_singlemodelFalse,0.9962729609428875,RandomForestClassifier,3,1,20,21,0.9936612639778867
520,test_performance_singlemodelFalse,0.996213403548367,DecisionTreeClassifier,3,1,20,21,0.9919451773673409
521,test_performance_singlemodelFalse,0.995050467055357,LinearDiscriminantAnalysis,3,1,20,21,0.9902720190978767
522,test_performance_singlemodelFalse,0.9924268070967337,XGBClassifier,3,1,20,21,0.9931785818988985
523,test_performance_singlemodelFalse,0.9937684157733058,GradientBoostingClassifier,3,1,20,21,0.9919881057084223
524,test_performance_singlemodelFalse,0.9924268070967337,LGBMClassifierDefault,3,1,20,21,0.9927817565020731
525,test_performance_singlemodelFalse,0.9937684157733058,LGBMClassifierAutoGluon,3,1,20,21,0.9927817565020731
526,test_performance_singlemodelFalse,0.9936493009842644,LGBMClassifier1,3,1,20,21,0.9917734640030155
527,test_performance_singlemodelFalse,0.9924268070967337,LGBMClassifier2,3,1,20,21,0.9927817565020731
528,test_performance_singlemodelFalse,0.9924268070967337,LGBMClassifier3,3,1,20,21,0.9927817565020731
529,test_performance_singlemodelFalse,0.9949313522663157,LGBMClassifier4,3,1,20,21,0.9939722326925493
530,test_performance_singlemodelFalse,0.9937684157733058,LGBMClassifier5,3,1,20,21,0.9927817565020731
531,test_performance_singlemodelFalse,0.995050467055357,MLPClassifier,3,1,20,21,0.9940580893747121
532,test_performance_singlemodelFalse,0.9949313522663157,HistGradientBoostingClassifier,3,2,20,21,0.9906259161536206
533,test_performance_singlemodelFalse,0.993708858378785,RandomForestClassifier,3,2,20,21,0.9927817565020731
534,test_performance_singlemodelFalse,0.993708858378785,DecisionTreeClassifier,3,2,20,21,0.9915483519705155
535,test_performance_singlemodelFalse,0.9839289072785405,LinearDiscriminantAnalysis,3,2,20,21,0.9754177660510115
536,test_performance_singlemodelFalse,0.993708858378785,XGBClassifier,3,2,20,21,0.9905829878125393
537,test_performance_singlemodelFalse,0.9962729609428875,GradientBoostingClassifier,3,2,20,21,0.9915054236294342
538,test_performance_singlemodelFalse,0.993708858378785,LGBMClassifierDefault,3,2,20,21,0.9914624952883528
539,test_performance_singlemodelFalse,0.9949313522663157,LGBMClassifierAutoGluon,3,2,20,21,0.9927817565020731
540,test_performance_singlemodelFalse,0.9949313522663157,LGBMClassifier1,3,2,20,21,0.9918163923440968
541,test_performance_singlemodelFalse,0.993708858378785,LGBMClassifier2,3,2,20,21,0.9906259161536206
542,test_performance_singlemodelFalse,0.993708858378785,LGBMClassifier3,3,2,20,21,0.9923849311052477
543,test_performance_singlemodelFalse,0.9949313522663157,LGBMClassifier4,3,2,20,21,0.9919022490262596
544,test_performance_singlemodelFalse,0.9949313522663157,LGBMClassifier5,3,2,20,21,0.9927817565020731
545,test_performance_singlemodelFalse,0.9937684157733058,MLPClassifier,3,2,20,21,0.9911085982326088
546,test_performance_singlemodelFalse,0.9949313522663157,HistGradientBoostingClassifier,3,3,20,21,0.990668844494702
547,test_performance_singlemodelFalse,0.993708858378785,RandomForestClassifier,3,3,20,21,0.9915483519705155
548,test_performance_singlemodelFalse,0.9949313522663157,DecisionTreeClassifier,3,3,20,21,0.9903578757800393
549,test_performance_singlemodelFalse,0.9863143376590809,LinearDiscriminantAnalysis,3,3,20,21,0.9794289483603468
550,test_performance_singlemodelFalse,0.9949313522663157,XGBClassifier,3,3,20,21,0.9911515265736901
551,test_performance_singlemodelFalse,0.993708858378785,GradientBoostingClassifier,3,3,20,21,0.9911085982326088
552,test_performance_singlemodelFalse,0.9949313522663157,LGBMClassifierDefault,3,3,20,21,0.9907117728357834
553,test_performance_singlemodelFalse,0.993708858378785,LGBMClassifierAutoGluon,3,3,20,21,0.9911085982326088
554,test_performance_singlemodelFalse,0.9923672497022131,LGBMClassifier1,3,3,20,21,0.9919022490262596
555,test_performance_singlemodelFalse,0.9949313522663157,LGBMClassifier2,3,3,20,21,0.9910656698915274
556,test_performance_singlemodelFalse,0.9949313522663157,LGBMClassifier3,3,3,20,21,0.9919022490262596
557,test_performance_singlemodelFalse,0.993708858378785,LGBMClassifier4,3,3,20,21,0.9915054236294342
558,test_performance_singlemodelFalse,0.993708858378785,LGBMClassifier5,3,3,20,21,0.9911085982326088
559,test_performance_singlemodelFalse,0.9949313522663157,MLPClassifier,3,3,20,21,0.9902720190978767
