,hue,repeated_ensemble,performance,model,dataset_name,level,repeat,seed,val_score
0,test_performance_singlemodelFalse,False,0.7912296037296037,HistGradientBoostingClassifier,53,0,1,77,0.7617960525235208
1,test_performance_singlemodelFalse,False,0.7800917832167832,RandomForestClassifier,53,0,1,77,0.7394422095306805
2,test_performance_singlemodelFalse,False,0.7704108391608392,DecisionTreeClassifier,53,0,1,77,0.68224448522285
3,test_performance_singlemodelFalse,False,0.7712995337995338,LinearDiscriminantAnalysis,53,0,1,77,0.7888861255913069
4,test_performance_singlemodelFalse,False,0.7937281468531469,GradientBoostingClassifier,53,0,1,77,0.734766129153438
5,test_performance_singlemodelFalse,False,0.6748397435897436,MLPClassifier,53,0,1,77,0.5812205700364665
6,test_performance_singlemodelFalse,False,0.7712995337995338,EnsembleSelection,53,0,1,77,0.7888861255913069
7,test_performance_singlemodelFalse,True,,EnsembleSelection,53,0,1,77,
8,test_performance_singlemodelFalse,False,0.7673076923076922,HistGradientBoostingClassifier,53,1,1,77,0.795863215983018
9,test_performance_singlemodelFalse,False,0.7841637529137528,RandomForestClassifier,53,1,1,77,0.788907209293605
10,test_performance_singlemodelFalse,False,0.7292759324009324,DecisionTreeClassifier,53,1,1,77,0.742822044295259
11,test_performance_singlemodelFalse,False,0.812536421911422,LinearDiscriminantAnalysis,53,1,1,77,0.7784596594986448
12,test_performance_singlemodelFalse,False,0.7705638111888111,GradientBoostingClassifier,53,1,1,77,0.8023549692104285
13,test_performance_singlemodelFalse,False,0.8000145687645688,MLPClassifier,53,1,1,77,0.7320523647235913
14,test_performance_singlemodelFalse,False,0.7841637529137528,EnsembleSelection,53,1,1,77,0.816203568982186
15,test_performance_singlemodelFalse,True,,EnsembleSelection,53,1,1,77,
16,test_performance_singlemodelFalse,False,0.7925335081585082,HistGradientBoostingClassifier,53,2,1,77,0.7541642095964911
17,test_performance_singlemodelFalse,False,0.783442599067599,RandomForestClassifier,53,2,1,77,0.777823426420823
18,test_performance_singlemodelFalse,False,0.7581585081585083,DecisionTreeClassifier,53,2,1,77,0.7310499015467466
19,test_performance_singlemodelFalse,False,0.7789554195804196,LinearDiscriminantAnalysis,53,2,1,77,0.8101738796361925
20,test_performance_singlemodelFalse,False,0.8224577505827506,GradientBoostingClassifier,53,2,1,77,0.7717006797012784
21,test_performance_singlemodelFalse,False,0.8016608391608392,MLPClassifier,53,2,1,77,0.7577477357468098
22,test_performance_singlemodelFalse,False,0.7796182983682983,EnsembleSelection,53,2,1,77,0.8101738796361925
23,test_performance_singlemodelFalse,True,,EnsembleSelection,53,2,1,77,
24,test_performance_singlemodelFalse,False,0.7820804195804195,HistGradientBoostingClassifier,53,3,1,77,0.7749273979814967
25,test_performance_singlemodelFalse,False,0.7814539627039627,RandomForestClassifier,53,3,1,77,0.8020274304425952
26,test_performance_singlemodelFalse,False,0.7697115384615385,DecisionTreeClassifier,53,3,1,77,0.7483349787171257
27,test_performance_singlemodelFalse,False,0.7821386946386946,LinearDiscriminantAnalysis,53,3,1,77,0.7736432258536521
28,test_performance_singlemodelFalse,False,0.7848266317016316,GradientBoostingClassifier,53,3,1,77,0.7698074891030124
29,test_performance_singlemodelFalse,False,0.7773819930069931,MLPClassifier,53,3,1,77,0.7129166080335049
30,test_performance_singlemodelFalse,False,0.7859994172494172,EnsembleSelection,53,3,1,77,0.8050990770713216
31,test_performance_singlemodelFalse,True,,EnsembleSelection,53,3,1,77,
32,test_performance_singlemodelFalse,False,0.8204326923076923,HistGradientBoostingClassifier,53,4,1,77,0.7707250838820735
33,test_performance_singlemodelFalse,False,0.7612470862470863,RandomForestClassifier,53,4,1,77,0.7896277771806194
34,test_performance_singlemodelFalse,False,0.771190268065268,DecisionTreeClassifier,53,4,1,77,0.7316347074912237
35,test_performance_singlemodelFalse,False,0.7783289627039627,LinearDiscriminantAnalysis,53,4,1,77,0.7622500490063178
36,test_performance_singlemodelFalse,False,0.7866258741258741,GradientBoostingClassifier,53,4,1,77,0.7892269373256853
37,test_performance_singlemodelFalse,False,0.7620410839160839,MLPClassifier,53,4,1,77,0.7154789667998953
38,test_performance_singlemodelFalse,False,0.7657925407925408,EnsembleSelection,53,4,1,77,0.8032394938134675
39,test_performance_singlemodelFalse,True,,EnsembleSelection,53,4,1,77,
40,test_performance_singlemodelFalse,False,0.796379662004662,HistGradientBoostingClassifier,53,5,1,77,0.7654546537542836
41,test_performance_singlemodelFalse,False,0.8002622377622378,RandomForestClassifier,53,5,1,77,0.7858571835315665
42,test_performance_singlemodelFalse,False,0.790034965034965,DecisionTreeClassifier,53,5,1,77,0.7130513230617173
43,test_performance_singlemodelFalse,False,0.7730842074592075,LinearDiscriminantAnalysis,53,5,1,77,0.7630620627737139
44,test_performance_singlemodelFalse,False,0.8170236013986014,GradientBoostingClassifier,53,5,1,77,0.7545342904331364
45,test_performance_singlemodelFalse,False,0.761414627039627,MLPClassifier,53,5,1,77,0.7142083652244892
46,test_performance_singlemodelFalse,False,0.7905084498834498,EnsembleSelection,53,5,1,77,0.7949796032085846
47,test_performance_singlemodelFalse,True,,EnsembleSelection,53,5,1,77,
48,test_performance_singlemodelFalse,False,0.7908872377622378,HistGradientBoostingClassifier,53,6,1,77,0.7704573201477275
49,test_performance_singlemodelFalse,False,0.8021561771561772,RandomForestClassifier,53,6,1,77,0.7845629340090606
50,test_performance_singlemodelFalse,False,0.7718531468531469,DecisionTreeClassifier,53,6,1,77,0.7451731230369711
51,test_performance_singlemodelFalse,False,0.7906031468531468,LinearDiscriminantAnalysis,53,6,1,77,0.758038312677972
52,test_performance_singlemodelFalse,False,0.7943910256410257,GradientBoostingClassifier,53,6,1,77,0.7638828436042939
53,test_performance_singlemodelFalse,False,0.780659965034965,MLPClassifier,53,6,1,77,0.7420835847020317
54,test_performance_singlemodelFalse,False,0.7906031468531468,EnsembleSelection,53,6,1,77,0.8052935397185668
55,test_performance_singlemodelFalse,True,,EnsembleSelection,53,6,1,77,
56,test_performance_singlemodelTrue,False,0.7912296037296037,HistGradientBoostingClassifier,53,0,1,77,0.7617960525235208
57,test_performance_singlemodelTrue,False,0.7800917832167832,RandomForestClassifier,53,0,1,77,0.7394422095306805
58,test_performance_singlemodelTrue,False,0.7704108391608392,DecisionTreeClassifier,53,0,1,77,0.68224448522285
59,test_performance_singlemodelTrue,False,0.7712995337995338,LinearDiscriminantAnalysis,53,0,1,77,0.7888861255913069
60,test_performance_singlemodelTrue,False,0.7937281468531469,GradientBoostingClassifier,53,0,1,77,0.7361118058092881
61,test_performance_singlemodelTrue,False,0.7086028554778554,MLPClassifier,53,0,1,77,0.6629488533920171
62,test_performance_singlemodelTrue,False,0.7762820512820513,EnsembleSelection,53,0,1,77,0.8010298390924866
63,test_performance_singlemodelTrue,True,,EnsembleSelection,53,0,1,77,
64,test_performance_singlemodelTrue,False,0.7971008158508158,HistGradientBoostingClassifier,53,1,1,77,0.7658658276667456
65,test_performance_singlemodelTrue,False,0.8315705128205128,RandomForestClassifier,53,1,1,77,0.7836558357877018
66,test_performance_singlemodelTrue,False,0.7211465617715618,DecisionTreeClassifier,53,1,1,77,0.6568783550475283
67,test_performance_singlemodelTrue,False,0.7604093822843824,LinearDiscriminantAnalysis,53,1,1,77,0.788556722243236
68,test_performance_singlemodelTrue,False,0.7768720862470863,GradientBoostingClassifier,53,1,1,77,0.7612086823342421
69,test_performance_singlemodelTrue,False,0.6789772727272727,MLPClassifier,53,1,1,77,0.6001677569951578
70,test_performance_singlemodelTrue,False,0.805944055944056,EnsembleSelection,53,1,1,77,0.8099980989466182
71,test_performance_singlemodelTrue,True,,EnsembleSelection,53,1,1,77,
72,test_performance_singlemodelTrue,False,0.7335591491841492,HistGradientBoostingClassifier,53,2,1,77,0.7239704940527361
73,test_performance_singlemodelTrue,False,0.8197333916083916,RandomForestClassifier,53,2,1,77,0.7331314425607695
74,test_performance_singlemodelTrue,False,0.7225305944055944,DecisionTreeClassifier,53,2,1,77,0.6654879424513221
75,test_performance_singlemodelTrue,False,0.7604093822843824,LinearDiscriminantAnalysis,53,2,1,77,0.7886697889903057
76,test_performance_singlemodelTrue,False,0.7923076923076924,GradientBoostingClassifier,53,2,1,77,0.7193853223914854
77,test_performance_singlemodelTrue,False,0.7353875291375291,MLPClassifier,53,2,1,77,0.619778236290494
78,test_performance_singlemodelTrue,False,0.7604093822843824,EnsembleSelection,53,2,1,77,0.7901490789311341
79,test_performance_singlemodelTrue,True,,EnsembleSelection,53,2,1,77,
80,test_performance_singlemodelTrue,False,0.8074810606060606,HistGradientBoostingClassifier,53,3,1,77,0.7627306768440566
81,test_performance_singlemodelTrue,False,0.8073280885780886,RandomForestClassifier,53,3,1,77,0.7314373059349617
82,test_performance_singlemodelTrue,False,0.7387820512820512,DecisionTreeClassifier,53,3,1,77,0.6859937420825366
83,test_performance_singlemodelTrue,False,0.7604093822843824,LinearDiscriminantAnalysis,53,3,1,77,0.7870774323024076
84,test_performance_singlemodelTrue,False,0.7736669580419581,GradientBoostingClassifier,53,3,1,77,0.7266985116152145
85,test_performance_singlemodelTrue,False,0.6619026806526807,MLPClassifier,53,3,1,77,0.6020960758401106
86,test_performance_singlemodelTrue,False,0.8266098484848485,EnsembleSelection,53,3,1,77,0.8098130585282955
87,test_performance_singlemodelTrue,True,,EnsembleSelection,53,3,1,77,
88,test_performance_singlemodelTrue,False,0.793844696969697,HistGradientBoostingClassifier,53,4,1,77,0.7308114069146677
89,test_performance_singlemodelTrue,False,0.812536421911422,RandomForestClassifier,53,4,1,77,0.7132531534430183
90,test_performance_singlemodelTrue,False,0.7281395687645688,DecisionTreeClassifier,53,4,1,77,0.6886257359479921
91,test_performance_singlemodelTrue,False,0.7604093822843824,LinearDiscriminantAnalysis,53,4,1,77,0.7855981423615792
92,test_performance_singlemodelTrue,False,0.8050917832167832,GradientBoostingClassifier,53,4,1,77,0.704583163254453
93,test_performance_singlemodelTrue,False,0.7420745920745921,MLPClassifier,53,4,1,77,0.6386785278444127
94,test_performance_singlemodelTrue,False,0.7604093822843824,EnsembleSelection,53,4,1,77,0.7900360121840644
95,test_performance_singlemodelTrue,True,,EnsembleSelection,53,4,1,77,
96,test_performance_singlemodelTrue,False,0.7696022727272728,HistGradientBoostingClassifier,53,5,1,77,0.7325677203185903
97,test_performance_singlemodelTrue,False,0.8041083916083916,RandomForestClassifier,53,5,1,77,0.7275639795963669
98,test_performance_singlemodelTrue,False,0.7640078671328672,DecisionTreeClassifier,53,5,1,77,0.6692471277140678
99,test_performance_singlemodelTrue,False,0.7604093822843824,LinearDiscriminantAnalysis,53,5,1,77,0.7855981423615792
100,test_performance_singlemodelTrue,False,0.7757357226107225,GradientBoostingClassifier,53,5,1,77,0.7085251087680413
101,test_performance_singlemodelTrue,False,0.7598193473193473,MLPClassifier,53,5,1,77,0.6292124516866918
102,test_performance_singlemodelTrue,False,0.7925917832167831,EnsembleSelection,53,5,1,77,0.7932941891471355
103,test_performance_singlemodelTrue,True,,EnsembleSelection,53,5,1,77,
104,test_performance_singlemodelTrue,False,0.7913825757575758,HistGradientBoostingClassifier,53,6,1,77,0.7522204131065917
105,test_performance_singlemodelTrue,False,0.8096955128205128,RandomForestClassifier,53,6,1,77,0.7281298504961051
106,test_performance_singlemodelTrue,False,0.7625874125874126,DecisionTreeClassifier,53,6,1,77,0.689454120515326
107,test_performance_singlemodelTrue,False,0.7604093822843824,LinearDiscriminantAnalysis,53,6,1,77,0.7840057856736811
108,test_performance_singlemodelTrue,False,0.7695804195804196,GradientBoostingClassifier,53,6,1,77,0.6658407096691712
109,test_performance_singlemodelTrue,False,0.676333041958042,MLPClassifier,53,6,1,77,0.5967967202840163
110,test_performance_singlemodelTrue,False,0.7937864219114219,EnsembleSelection,53,6,1,77,0.795791079811591
111,test_performance_singlemodelTrue,True,,EnsembleSelection,53,6,1,77,
112,test_performance_singlemodelFalse,False,0.7918924825174825,HistGradientBoostingClassifier,53,0,2,77,0.7767860694107455
113,test_performance_singlemodelFalse,False,0.7800917832167832,RandomForestClassifier,53,0,2,77,0.7340998057316378
114,test_performance_singlemodelFalse,False,0.7574373543123544,DecisionTreeClassifier,53,0,2,77,0.6693969528746079
115,test_performance_singlemodelFalse,False,0.7660912004662005,LinearDiscriminantAnalysis,53,0,2,77,0.7733942791626964
116,test_performance_singlemodelFalse,False,0.7939175407925407,GradientBoostingClassifier,53,0,2,77,0.7468181126969141
117,test_performance_singlemodelFalse,False,0.6682837995337995,MLPClassifier,53,0,2,77,0.6280385424826191
118,test_performance_singlemodelFalse,False,0.8035183566433567,EnsembleSelection,53,0,2,77,0.7961504519264928
119,test_performance_singlemodelFalse,True,,EnsembleSelection,53,0,2,77,
120,test_performance_singlemodelFalse,False,0.8018720862470863,HistGradientBoostingClassifier,53,1,2,77,0.7935614157170916
121,test_performance_singlemodelFalse,False,0.8250728438228438,RandomForestClassifier,53,1,2,77,0.8003003861409395
122,test_performance_singlemodelFalse,False,0.799657634032634,DecisionTreeClassifier,53,1,2,77,0.7560041172220155
123,test_performance_singlemodelFalse,False,0.8080273892773893,LinearDiscriminantAnalysis,53,1,2,77,0.79649944906084
124,test_performance_singlemodelFalse,False,0.8250728438228438,GradientBoostingClassifier,53,1,2,77,0.8085182718414001
125,test_performance_singlemodelFalse,False,0.7692744755244755,MLPClassifier,53,1,2,77,0.7571100536759927
126,test_performance_singlemodelFalse,False,0.8068910256410257,EnsembleSelection,53,1,2,77,0.8278017956213617
127,test_performance_singlemodelFalse,True,,EnsembleSelection,53,1,2,77,
128,test_performance_singlemodelFalse,False,0.8184440559440559,HistGradientBoostingClassifier,53,2,2,77,0.7698722301259288
129,test_performance_singlemodelFalse,False,0.817875874125874,RandomForestClassifier,53,2,2,77,0.7784596594986448
130,test_performance_singlemodelFalse,False,0.809222027972028,DecisionTreeClassifier,53,2,2,77,0.7343072163450796
131,test_performance_singlemodelFalse,False,0.8114364801864802,LinearDiscriminantAnalysis,53,2,2,77,0.8018002226196762
132,test_performance_singlemodelFalse,False,0.8157925407925408,GradientBoostingClassifier,53,2,2,77,0.7778340135654193
133,test_performance_singlemodelFalse,False,0.7906031468531468,MLPClassifier,53,2,2,77,0.7671169979560498
134,test_performance_singlemodelFalse,False,0.815319055944056,EnsembleSelection,53,2,2,77,0.8035981662638052
135,test_performance_singlemodelFalse,True,,EnsembleSelection,53,2,2,77,
136,test_performance_singlemodelFalse,False,0.7737835081585082,HistGradientBoostingClassifier,53,3,2,77,0.7453288633627736
137,test_performance_singlemodelFalse,False,0.8010198135198134,RandomForestClassifier,53,3,2,77,0.7799594959773817
138,test_performance_singlemodelFalse,False,0.75247668997669,DecisionTreeClassifier,53,3,2,77,0.7296833533526396
139,test_performance_singlemodelFalse,False,0.8114729020979021,LinearDiscriminantAnalysis,53,3,2,77,0.7984613494209936
140,test_performance_singlemodelFalse,False,0.7978001165501165,GradientBoostingClassifier,53,3,2,77,0.7663272328066254
141,test_performance_singlemodelFalse,False,0.7785766317016317,MLPClassifier,53,3,2,77,0.7426482187728163
142,test_performance_singlemodelFalse,False,0.7951486013986013,EnsembleSelection,53,3,2,77,0.7972081929743046
143,test_performance_singlemodelFalse,True,,EnsembleSelection,53,3,2,77,
144,test_performance_singlemodelFalse,False,0.7717584498834498,HistGradientBoostingClassifier,53,4,2,77,0.7781502655240926
145,test_performance_singlemodelFalse,False,0.7873834498834498,RandomForestClassifier,53,4,2,77,0.7870265423334527
146,test_performance_singlemodelFalse,False,0.7956220862470862,DecisionTreeClassifier,53,4,2,77,0.7503106892082141
147,test_performance_singlemodelFalse,False,0.8160183566433566,LinearDiscriminantAnalysis,53,4,2,77,0.7920292087268967
148,test_performance_singlemodelFalse,False,0.8266826923076924,GradientBoostingClassifier,53,4,2,77,0.7793319854639185
149,test_performance_singlemodelFalse,False,0.7985941142191142,MLPClassifier,53,4,2,77,0.7525185611950108
150,test_performance_singlemodelFalse,False,0.8001675407925408,EnsembleSelection,53,4,2,77,0.8133971218430041
151,test_performance_singlemodelFalse,True,,EnsembleSelection,53,4,2,77,
152,test_performance_singlemodelFalse,False,0.7914554195804195,HistGradientBoostingClassifier,53,5,2,77,0.7519847358063825
153,test_performance_singlemodelFalse,False,0.8228001165501166,RandomForestClassifier,53,5,2,77,0.7480599823344432
154,test_performance_singlemodelFalse,False,0.7858682983682984,DecisionTreeClassifier,53,5,2,77,0.7110284144149208
155,test_performance_singlemodelFalse,False,0.7990311771561771,LinearDiscriminantAnalysis,53,5,2,77,0.7888959224844451
156,test_performance_singlemodelFalse,False,0.8395614801864802,GradientBoostingClassifier,53,5,2,77,0.762864006051713
157,test_performance_singlemodelFalse,False,0.7824956293706293,MLPClassifier,53,5,2,77,0.7602148201446086
158,test_performance_singlemodelFalse,False,0.7990311771561771,EnsembleSelection,53,5,2,77,0.7981725019843495
159,test_performance_singlemodelFalse,True,,EnsembleSelection,53,5,2,77,
160,test_performance_singlemodelFalse,False,0.802440268065268,HistGradientBoostingClassifier,53,6,2,77,0.7837090059241365
161,test_performance_singlemodelFalse,False,0.8128569347319348,RandomForestClassifier,53,6,2,77,0.7883935557786694
162,test_performance_singlemodelFalse,False,0.787004662004662,DecisionTreeClassifier,53,6,2,77,0.7252665672324525
163,test_performance_singlemodelFalse,False,0.8141826923076922,LinearDiscriminantAnalysis,53,6,2,77,0.7997854052101561
164,test_performance_singlemodelFalse,False,0.8148455710955711,GradientBoostingClassifier,53,6,2,77,0.7787468954421197
165,test_performance_singlemodelFalse,False,0.8323645104895105,MLPClassifier,53,6,2,77,0.7559311101450099
166,test_performance_singlemodelFalse,False,0.8128569347319348,EnsembleSelection,53,6,2,77,0.801912752202356
167,test_performance_singlemodelFalse,True,,EnsembleSelection,53,6,2,77,
168,test_performance_singlemodelTrue,False,0.7918924825174825,HistGradientBoostingClassifier,53,0,2,77,0.7767860694107455
169,test_performance_singlemodelTrue,False,0.7800917832167832,RandomForestClassifier,53,0,2,77,0.7340998057316378
170,test_performance_singlemodelTrue,False,0.7574373543123544,DecisionTreeClassifier,53,0,2,77,0.6693969528746079
171,test_performance_singlemodelTrue,False,0.7660912004662005,LinearDiscriminantAnalysis,53,0,2,77,0.7733942791626964
172,test_performance_singlemodelTrue,False,0.799599358974359,GradientBoostingClassifier,53,0,2,77,0.751369049266469
173,test_performance_singlemodelTrue,False,0.6561917249417248,MLPClassifier,53,0,2,77,0.624335462689527
174,test_performance_singlemodelTrue,False,0.8139350233100233,EnsembleSelection,53,0,2,77,0.7902332921631792
175,test_performance_singlemodelTrue,True,,EnsembleSelection,53,0,2,77,
176,test_performance_singlemodelTrue,False,0.8250364219114219,HistGradientBoostingClassifier,53,1,2,77,0.8041431159614194
177,test_performance_singlemodelTrue,False,0.830907634032634,RandomForestClassifier,53,1,2,77,0.7663262800549933
178,test_performance_singlemodelTrue,False,0.7708624708624708,DecisionTreeClassifier,53,1,2,77,0.7019524558818185
179,test_performance_singlemodelTrue,False,0.7604093822843824,LinearDiscriminantAnalysis,53,1,2,77,0.7810677523299326
180,test_performance_singlemodelTrue,False,0.7927811771561771,GradientBoostingClassifier,53,1,2,77,0.7535658056851207
181,test_performance_singlemodelTrue,False,0.7020906177156176,MLPClassifier,53,1,2,77,0.6416375233133119
182,test_performance_singlemodelTrue,False,0.8261727855477855,EnsembleSelection,53,1,2,77,0.8284690717947939
183,test_performance_singlemodelTrue,True,,EnsembleSelection,53,1,2,77,
184,test_performance_singlemodelTrue,False,0.8102636946386946,HistGradientBoostingClassifier,53,2,2,77,0.7707029258509958
185,test_performance_singlemodelTrue,False,0.8209644522144522,RandomForestClassifier,53,2,2,77,0.7444233766345838
186,test_performance_singlemodelTrue,False,0.7635926573426574,DecisionTreeClassifier,53,2,2,77,0.6741118461601873
187,test_performance_singlemodelTrue,False,0.755201048951049,LinearDiscriminantAnalysis,53,2,2,77,0.780954685582863
188,test_performance_singlemodelTrue,False,0.7823790792540792,GradientBoostingClassifier,53,2,2,77,0.7337174853342003
189,test_performance_singlemodelTrue,False,0.7147945804195804,MLPClassifier,53,2,2,77,0.6390065727863827
190,test_performance_singlemodelTrue,False,0.8168924825174826,EnsembleSelection,53,2,2,77,0.792801619334498
191,test_performance_singlemodelTrue,True,,EnsembleSelection,53,2,2,77,
192,test_performance_singlemodelTrue,False,0.8055288461538461,HistGradientBoostingClassifier,53,3,2,77,0.76940867632849
193,test_performance_singlemodelTrue,False,0.7692599067599069,RandomForestClassifier,53,3,2,77,0.7242469803514404
194,test_performance_singlemodelTrue,False,0.7379662004662005,DecisionTreeClassifier,53,3,2,77,0.6690978929575834
195,test_performance_singlemodelTrue,False,0.755201048951049,LinearDiscriminantAnalysis,53,3,2,77,0.780954685582863
196,test_performance_singlemodelTrue,False,0.7832532051282051,GradientBoostingClassifier,53,3,2,77,0.7282227862925088
197,test_performance_singlemodelTrue,False,0.7318618881118881,MLPClassifier,53,3,2,77,0.6683477186513146
198,test_performance_singlemodelTrue,False,0.7969478438228439,EnsembleSelection,53,3,2,77,0.7917634720729625
199,test_performance_singlemodelTrue,True,,EnsembleSelection,53,3,2,77,
200,test_performance_singlemodelTrue,False,0.7912296037296037,HistGradientBoostingClassifier,53,4,2,77,0.7703946062052229
201,test_performance_singlemodelTrue,False,0.7667030885780887,RandomForestClassifier,53,4,2,77,0.7318808503588818
202,test_performance_singlemodelTrue,False,0.7722100815850815,DecisionTreeClassifier,53,4,2,77,0.6841271383403872
203,test_performance_singlemodelTrue,False,0.755201048951049,LinearDiscriminantAnalysis,53,4,2,77,0.780954685582863
204,test_performance_singlemodelTrue,False,0.7812645687645687,GradientBoostingClassifier,53,4,2,77,0.7385752516335061
205,test_performance_singlemodelTrue,False,0.7162951631701632,MLPClassifier,53,4,2,77,0.650887326042471
206,test_performance_singlemodelTrue,False,0.8214015151515153,EnsembleSelection,53,4,2,77,0.796900288915774
207,test_performance_singlemodelTrue,True,,EnsembleSelection,53,4,2,77,
208,test_performance_singlemodelTrue,False,0.759316724941725,HistGradientBoostingClassifier,53,5,2,77,0.7488103564881143
209,test_performance_singlemodelTrue,False,0.759127331002331,RandomForestClassifier,53,5,2,77,0.7419797776837104
210,test_performance_singlemodelTrue,False,0.723666958041958,DecisionTreeClassifier,53,5,2,77,0.6629551368645201
211,test_performance_singlemodelTrue,False,0.755201048951049,LinearDiscriminantAnalysis,53,5,2,77,0.780954685582863
212,test_performance_singlemodelTrue,False,0.8034819347319347,GradientBoostingClassifier,53,5,2,77,0.7403942789799334
213,test_performance_singlemodelTrue,False,0.7255390442890444,MLPClassifier,53,5,2,77,0.6608215063998171
214,test_performance_singlemodelTrue,False,0.7962485431235432,EnsembleSelection,53,5,2,77,0.7990579793390206
215,test_performance_singlemodelTrue,True,,EnsembleSelection,53,5,2,77,
216,test_performance_singlemodelTrue,False,0.8190705128205128,HistGradientBoostingClassifier,53,6,2,77,0.7438066157658909
217,test_performance_singlemodelTrue,False,0.7876311188811189,RandomForestClassifier,53,6,2,77,0.7165642474554559
218,test_performance_singlemodelTrue,False,0.7498178904428905,DecisionTreeClassifier,53,6,2,77,0.6475552734806811
219,test_performance_singlemodelTrue,False,0.755201048951049,LinearDiscriminantAnalysis,53,6,2,77,0.7824339755236914
220,test_performance_singlemodelTrue,False,0.7827432983682984,GradientBoostingClassifier,53,6,2,77,0.7152557722147731
221,test_performance_singlemodelTrue,False,0.7188884032634032,MLPClassifier,53,6,2,77,0.65985798764123
222,test_performance_singlemodelTrue,False,0.7667759324009324,EnsembleSelection,53,6,2,77,0.7958116263494994
223,test_performance_singlemodelTrue,True,,EnsembleSelection,53,6,2,77,
224,test_performance_singlemodelFalse,False,0.7971008158508158,HistGradientBoostingClassifier,53,0,5,77,0.7563413722288664
225,test_performance_singlemodelFalse,False,0.7742205710955711,RandomForestClassifier,53,0,5,77,0.7193685459370789
226,test_performance_singlemodelFalse,False,0.7438009906759907,DecisionTreeClassifier,53,0,5,77,0.7061929650710683
227,test_performance_singlemodelFalse,False,0.7660912004662005,LinearDiscriminantAnalysis,53,0,5,77,0.7765995390764009
228,test_performance_singlemodelFalse,False,0.7950539044289044,GradientBoostingClassifier,53,0,5,77,0.7498892221612509
229,test_performance_singlemodelFalse,False,0.6991914335664335,MLPClassifier,53,0,5,77,0.6691145081037486
230,test_performance_singlemodelFalse,False,0.8048441142191142,EnsembleSelection,53,0,5,77,0.7931918720448359
231,test_performance_singlemodelFalse,True,,EnsembleSelection,53,0,5,77,
232,test_performance_singlemodelFalse,False,0.7996357808857809,HistGradientBoostingClassifier,53,1,5,77,0.8178257319367408
233,test_performance_singlemodelFalse,False,0.8114364801864802,RandomForestClassifier,53,1,5,77,0.8015026526186737
234,test_performance_singlemodelFalse,False,0.817970571095571,DecisionTreeClassifier,53,1,5,77,0.7691704657737326
235,test_performance_singlemodelFalse,False,0.8222902097902098,LinearDiscriminantAnalysis,53,1,5,77,0.8017493326507213
236,test_performance_singlemodelFalse,False,0.8046547202797203,GradientBoostingClassifier,53,1,5,77,0.8036790249995909
237,test_performance_singlemodelFalse,False,0.7969842657342657,MLPClassifier,53,1,5,77,0.7583046000048679
238,test_performance_singlemodelFalse,False,0.8041812354312354,EnsembleSelection,53,1,5,77,0.8241442687193784
239,test_performance_singlemodelFalse,True,,EnsembleSelection,53,1,5,77,
240,test_performance_singlemodelFalse,False,0.8223266317016317,HistGradientBoostingClassifier,53,2,5,77,0.8021296259677472
241,test_performance_singlemodelFalse,False,0.8230842074592074,RandomForestClassifier,53,2,5,77,0.8142004130460416
242,test_performance_singlemodelFalse,False,0.8114729020979021,DecisionTreeClassifier,53,2,5,77,0.7874793464861213
243,test_performance_singlemodelFalse,False,0.8216637529137529,LinearDiscriminantAnalysis,53,2,5,77,0.8090841427411383
244,test_performance_singlemodelFalse,False,0.8309804778554778,GradientBoostingClassifier,53,2,5,77,0.8154324857904325
245,test_performance_singlemodelFalse,False,0.780659965034965,MLPClassifier,53,2,5,77,0.7798858202260653
246,test_performance_singlemodelFalse,False,0.8328379953379953,EnsembleSelection,53,2,5,77,0.8277812490834534
247,test_performance_singlemodelFalse,True,,EnsembleSelection,53,2,5,77,
248,test_performance_singlemodelFalse,False,0.8201486013986015,HistGradientBoostingClassifier,53,3,5,77,0.7799594959773817
249,test_performance_singlemodelFalse,False,0.8281031468531469,RandomForestClassifier,53,3,5,77,0.8004345365903073
250,test_performance_singlemodelFalse,False,0.8135198135198135,DecisionTreeClassifier,53,3,5,77,0.7689158534287843
251,test_performance_singlemodelFalse,False,0.8294289044289044,LinearDiscriminantAnalysis,53,3,5,77,0.7972287395122128
252,test_performance_singlemodelFalse,False,0.8248834498834499,GradientBoostingClassifier,53,3,5,77,0.7938687826112322
253,test_performance_singlemodelFalse,False,0.8308275058275059,MLPClassifier,53,3,5,77,0.7866681229701832
254,test_performance_singlemodelFalse,False,0.8389932983682984,EnsembleSelection,53,3,5,77,0.8162655832601269
255,test_performance_singlemodelFalse,True,,EnsembleSelection,53,3,5,77,
256,test_performance_singlemodelFalse,False,0.796284965034965,HistGradientBoostingClassifier,53,4,5,77,0.7596798298403067
257,test_performance_singlemodelFalse,False,0.8099213286713287,RandomForestClassifier,53,4,5,77,0.7742577200634372
258,test_performance_singlemodelFalse,False,0.7852054195804196,DecisionTreeClassifier,53,4,5,77,0.7734765868914772
259,test_performance_singlemodelFalse,False,0.8351471445221446,LinearDiscriminantAnalysis,53,4,5,77,0.7953480725520605
260,test_performance_singlemodelFalse,False,0.8105842074592075,GradientBoostingClassifier,53,4,5,77,0.7749553396679159
261,test_performance_singlemodelFalse,False,0.8292759324009324,MLPClassifier,53,4,5,77,0.7779979702814437
262,test_performance_singlemodelFalse,False,0.8351471445221446,EnsembleSelection,53,4,5,77,0.8002798396030311
263,test_performance_singlemodelFalse,True,,EnsembleSelection,53,4,5,77,
264,test_performance_singlemodelFalse,False,0.8110576923076924,HistGradientBoostingClassifier,53,5,5,77,0.7449485700457477
265,test_performance_singlemodelFalse,False,0.8033289627039628,RandomForestClassifier,53,5,5,77,0.7756650363330126
266,test_performance_singlemodelFalse,False,0.827381993006993,DecisionTreeClassifier,53,5,5,77,0.7258387998749488
267,test_performance_singlemodelFalse,False,0.8074009324009324,LinearDiscriminantAnalysis,53,5,5,77,0.7893481894727238
268,test_performance_singlemodelFalse,False,0.8389350233100233,GradientBoostingClassifier,53,5,5,77,0.7629976193366911
269,test_performance_singlemodelFalse,False,0.7851471445221445,MLPClassifier,53,5,5,77,0.7608815591536511
270,test_performance_singlemodelFalse,False,0.8074009324009324,EnsembleSelection,53,5,5,77,0.7923067693543806
271,test_performance_singlemodelFalse,True,,EnsembleSelection,53,5,5,77,
272,test_performance_singlemodelFalse,False,0.8371357808857809,HistGradientBoostingClassifier,53,6,5,77,0.7644563627396112
273,test_performance_singlemodelFalse,False,0.8351107226107226,RandomForestClassifier,53,6,5,77,0.7711649897324125
274,test_performance_singlemodelFalse,False,0.8398091491841492,DecisionTreeClassifier,53,6,5,77,0.7359887796689063
275,test_performance_singlemodelFalse,False,0.7696751165501166,LinearDiscriminantAnalysis,53,6,5,77,0.7918755860684
276,test_performance_singlemodelFalse,False,0.8513986013986015,GradientBoostingClassifier,53,6,5,77,0.7568754097815362
277,test_performance_singlemodelFalse,False,0.802666083916084,MLPClassifier,53,6,5,77,0.7396663159444082
278,test_performance_singlemodelFalse,False,0.7974213286713288,EnsembleSelection,53,6,5,77,0.8077066327382195
279,test_performance_singlemodelFalse,True,,EnsembleSelection,53,6,5,77,
280,test_performance_singlemodelTrue,False,0.7971008158508158,HistGradientBoostingClassifier,53,0,5,77,0.7563413722288664
281,test_performance_singlemodelTrue,False,0.7742205710955711,RandomForestClassifier,53,0,5,77,0.7193685459370789
282,test_performance_singlemodelTrue,False,0.7438009906759907,DecisionTreeClassifier,53,0,5,77,0.7061929650710683
283,test_performance_singlemodelTrue,False,0.7660912004662005,LinearDiscriminantAnalysis,53,0,5,77,0.7765995390764009
284,test_performance_singlemodelTrue,False,0.7893720862470862,GradientBoostingClassifier,53,0,5,77,0.7484099322204225
285,test_performance_singlemodelTrue,False,0.7144230769230769,MLPClassifier,53,0,5,77,0.6858260661388105
286,test_performance_singlemodelTrue,False,0.8184804778554778,EnsembleSelection,53,0,5,77,0.7977633551522993
287,test_performance_singlemodelTrue,True,,EnsembleSelection,53,0,5,77,
288,test_performance_singlemodelTrue,False,0.8146197552447552,HistGradientBoostingClassifier,53,1,5,77,0.8038851491202117
289,test_performance_singlemodelTrue,False,0.8021197552447553,RandomForestClassifier,53,1,5,77,0.8099955347018168
290,test_performance_singlemodelTrue,False,0.7741404428904429,DecisionTreeClassifier,53,1,5,77,0.7139178653716491
291,test_performance_singlemodelTrue,False,0.7604093822843824,LinearDiscriminantAnalysis,53,1,5,77,0.7793828754328732
292,test_performance_singlemodelTrue,False,0.737099358974359,GradientBoostingClassifier,53,1,5,77,0.7498363051118844
293,test_performance_singlemodelTrue,False,0.7208624708624709,MLPClassifier,53,1,5,77,0.6907330425764203
294,test_performance_singlemodelTrue,False,0.8411713286713287,EnsembleSelection,53,1,5,77,0.8370167355075412
295,test_performance_singlemodelTrue,True,,EnsembleSelection,53,1,5,77,
296,test_performance_singlemodelTrue,False,0.802345571095571,HistGradientBoostingClassifier,53,2,5,77,0.7491608435384833
297,test_performance_singlemodelTrue,False,0.8204909673659673,RandomForestClassifier,53,2,5,77,0.8004922845433831
298,test_performance_singlemodelTrue,False,0.7774548368298368,DecisionTreeClassifier,53,2,5,77,0.7033787481191598
299,test_performance_singlemodelTrue,False,0.755201048951049,LinearDiscriminantAnalysis,53,2,5,77,0.7793828754328732
300,test_performance_singlemodelTrue,False,0.7662660256410256,GradientBoostingClassifier,53,2,5,77,0.7188104448500671
301,test_performance_singlemodelTrue,False,0.7056526806526806,MLPClassifier,53,2,5,77,0.6786287200709941
302,test_performance_singlemodelTrue,False,0.8255463286713287,EnsembleSelection,53,2,5,77,0.8043892588290774
303,test_performance_singlemodelTrue,True,,EnsembleSelection,53,2,5,77,
304,test_performance_singlemodelTrue,False,0.7982736013986014,HistGradientBoostingClassifier,53,3,5,77,0.7359589734022496
305,test_performance_singlemodelTrue,False,0.8094114219114219,RandomForestClassifier,53,3,5,77,0.7929616843898734
306,test_performance_singlemodelTrue,False,0.7530958624708625,DecisionTreeClassifier,53,3,5,77,0.7115134949163548
307,test_performance_singlemodelTrue,False,0.755201048951049,LinearDiscriminantAnalysis,53,3,5,77,0.7777905187449752
308,test_performance_singlemodelTrue,False,0.7513184731934732,GradientBoostingClassifier,53,3,5,77,0.743250004594901
309,test_performance_singlemodelTrue,False,0.7270323426573426,MLPClassifier,53,3,5,77,0.6891026000592041
310,test_performance_singlemodelTrue,False,0.8534455128205128,EnsembleSelection,53,3,5,77,0.8151040351939937
311,test_performance_singlemodelTrue,True,,EnsembleSelection,53,3,5,77,
312,test_performance_singlemodelTrue,False,0.8016826923076923,HistGradientBoostingClassifier,53,4,5,77,0.7488725332662292
313,test_performance_singlemodelTrue,False,0.7918924825174825,RandomForestClassifier,53,4,5,77,0.7901881449265392
314,test_performance_singlemodelTrue,False,0.7610868298368298,DecisionTreeClassifier,53,4,5,77,0.7269755350783087
315,test_performance_singlemodelTrue,False,0.755201048951049,LinearDiscriminantAnalysis,53,4,5,77,0.7763112288041467
316,test_performance_singlemodelTrue,False,0.7925917832167831,GradientBoostingClassifier,53,4,5,77,0.7305918473273278
317,test_performance_singlemodelTrue,False,0.7684367715617715,MLPClassifier,53,4,5,77,0.6937390363536251
318,test_performance_singlemodelTrue,False,0.8370993589743589,EnsembleSelection,53,4,5,77,0.8107792321185782
319,test_performance_singlemodelTrue,True,,EnsembleSelection,53,4,5,77,
320,test_performance_singlemodelTrue,False,0.8164189976689977,HistGradientBoostingClassifier,53,5,5,77,0.7444141169058356
321,test_performance_singlemodelTrue,False,0.7846008158508159,RandomForestClassifier,53,5,5,77,0.7721385584712059
322,test_performance_singlemodelTrue,False,0.7141025641025641,DecisionTreeClassifier,53,5,5,77,0.6947885014145739
323,test_performance_singlemodelTrue,False,0.755201048951049,LinearDiscriminantAnalysis,53,5,5,77,0.7748319388633184
324,test_performance_singlemodelTrue,False,0.7521488927738929,GradientBoostingClassifier,53,5,5,77,0.6955012994888619
325,test_performance_singlemodelTrue,False,0.7390078671328671,MLPClassifier,53,5,5,77,0.6911619866179478
326,test_performance_singlemodelTrue,False,0.8565705128205128,EnsembleSelection,53,5,5,77,0.8046359388611252
327,test_performance_singlemodelTrue,True,,EnsembleSelection,53,5,5,77,
328,test_performance_singlemodelTrue,False,0.8291083916083917,HistGradientBoostingClassifier,53,6,5,77,0.7558475965775286
329,test_performance_singlemodelTrue,False,0.7741841491841492,RandomForestClassifier,53,6,5,77,0.7664667513240924
330,test_performance_singlemodelTrue,False,0.7284746503496503,DecisionTreeClassifier,53,6,5,77,0.6617384015143142
331,test_performance_singlemodelTrue,False,0.755201048951049,LinearDiscriminantAnalysis,53,6,5,77,0.7748319388633184
332,test_performance_singlemodelTrue,False,0.7717147435897436,GradientBoostingClassifier,53,6,5,77,0.7505020913692947
333,test_performance_singlemodelTrue,False,0.752076048951049,MLPClassifier,53,6,5,77,0.6680239090439564
334,test_performance_singlemodelTrue,False,0.7938009906759907,EnsembleSelection,53,6,5,77,0.816973415344986
335,test_performance_singlemodelTrue,True,,EnsembleSelection,53,6,5,77,
336,test_performance_singlemodelFalse,False,0.7925553613053613,HistGradientBoostingClassifier,53,0,10,77,0.7483795887893759
337,test_performance_singlemodelFalse,False,0.7742205710955711,RandomForestClassifier,53,0,10,77,0.7282232018797511
338,test_performance_singlemodelFalse,False,0.7734994172494173,DecisionTreeClassifier,53,0,10,77,0.6948438202085677
339,test_performance_singlemodelFalse,False,0.7660912004662005,LinearDiscriminantAnalysis,53,0,10,77,0.778191895764299
340,test_performance_singlemodelFalse,False,0.7887092074592075,GradientBoostingClassifier,53,0,10,77,0.7533509590001413
341,test_performance_singlemodelFalse,False,0.7185096153846153,MLPClassifier,53,0,10,77,0.6813049358359122
342,test_performance_singlemodelFalse,False,0.7835372960372959,EnsembleSelection,53,0,10,77,0.7964578188206335
343,test_performance_singlemodelFalse,True,,EnsembleSelection,53,0,10,77,
344,test_performance_singlemodelFalse,False,0.8191433566433567,HistGradientBoostingClassifier,53,1,10,77,0.8256651889004133
345,test_performance_singlemodelFalse,False,0.8009833916083916,RandomForestClassifier,53,1,10,77,0.8211856888377217
346,test_performance_singlemodelFalse,False,0.7907925407925408,DecisionTreeClassifier,53,1,10,77,0.8050877902621616
347,test_performance_singlemodelFalse,False,0.8170818764568765,LinearDiscriminantAnalysis,53,1,10,77,0.8000439092157535
348,test_performance_singlemodelFalse,False,0.8089160839160838,GradientBoostingClassifier,53,1,10,77,0.8244840061249772
349,test_performance_singlemodelFalse,False,0.8039918414918414,MLPClassifier,53,1,10,77,0.7457302403820975
350,test_performance_singlemodelFalse,False,0.8132721445221446,EnsembleSelection,53,1,10,77,0.8272364618860133
351,test_performance_singlemodelFalse,True,,EnsembleSelection,53,1,10,77,
352,test_performance_singlemodelFalse,False,0.805565268065268,HistGradientBoostingClassifier,53,2,10,77,0.811509059734341
353,test_performance_singlemodelFalse,False,0.8548076923076923,RandomForestClassifier,53,2,10,77,0.8142320838929359
354,test_performance_singlemodelFalse,False,0.7964743589743589,DecisionTreeClassifier,53,2,10,77,0.7948565770682026
355,test_performance_singlemodelFalse,False,0.8037077505827506,LinearDiscriminantAnalysis,53,2,10,77,0.8194597188648454
356,test_performance_singlemodelFalse,False,0.805565268065268,GradientBoostingClassifier,53,2,10,77,0.8080571197885886
357,test_performance_singlemodelFalse,False,0.8060751748251749,MLPClassifier,53,2,10,77,0.7976295793671471
358,test_performance_singlemodelFalse,False,0.8082532051282051,EnsembleSelection,53,2,10,77,0.8196858523589847
359,test_performance_singlemodelFalse,True,,EnsembleSelection,53,2,10,77,
360,test_performance_singlemodelFalse,False,0.8010198135198134,HistGradientBoostingClassifier,53,3,10,77,0.8238161927871552
361,test_performance_singlemodelFalse,False,0.8094478438228438,RandomForestClassifier,53,3,10,77,0.829158596586198
362,test_performance_singlemodelFalse,False,0.8017191142191141,DecisionTreeClassifier,53,3,10,77,0.8260458568816547
363,test_performance_singlemodelFalse,False,0.811946386946387,LinearDiscriminantAnalysis,53,3,10,77,0.8180531928467281
364,test_performance_singlemodelFalse,False,0.8178175990675991,GradientBoostingClassifier,53,3,10,77,0.8218224590799332
365,test_performance_singlemodelFalse,False,0.8320804195804196,MLPClassifier,53,3,10,77,0.805939985276769
366,test_performance_singlemodelFalse,False,0.8042395104895105,EnsembleSelection,53,3,10,77,0.8385071497573554
367,test_performance_singlemodelFalse,True,,EnsembleSelection,53,3,10,77,
368,test_performance_singlemodelFalse,False,0.8112470862470862,HistGradientBoostingClassifier,53,4,10,77,0.8144876489895163
369,test_performance_singlemodelFalse,False,0.8151660839160839,RandomForestClassifier,53,4,10,77,0.8120229663363446
370,test_performance_singlemodelFalse,False,0.8008668414918415,DecisionTreeClassifier,53,4,10,77,0.7915166295407406
371,test_performance_singlemodelFalse,False,0.7976471445221446,LinearDiscriminantAnalysis,53,4,10,77,0.8330722257491514
372,test_performance_singlemodelFalse,False,0.7904501748251749,GradientBoostingClassifier,53,4,10,77,0.8100595760601692
373,test_performance_singlemodelFalse,False,0.8033289627039628,MLPClassifier,53,4,10,77,0.8079846089529459
374,test_performance_singlemodelFalse,False,0.8060751748251749,EnsembleSelection,53,4,10,77,0.8350037826782586
375,test_performance_singlemodelFalse,True,,EnsembleSelection,53,4,10,77,
376,test_performance_singlemodelFalse,False,0.8008304195804196,HistGradientBoostingClassifier,53,5,10,77,0.8291580594218082
377,test_performance_singlemodelFalse,False,0.8002039627039628,RandomForestClassifier,53,5,10,77,0.8174578903445487
378,test_performance_singlemodelFalse,False,0.7788024475524475,DecisionTreeClassifier,53,5,10,77,0.8131106761509874
379,test_performance_singlemodelFalse,False,0.8197115384615384,LinearDiscriminantAnalysis,53,5,10,77,0.8195324827875564
380,test_performance_singlemodelFalse,False,0.8314539627039628,GradientBoostingClassifier,53,5,10,77,0.8107379765425874
381,test_performance_singlemodelFalse,False,0.8092948717948718,MLPClassifier,53,5,10,77,0.8131214257957575
382,test_performance_singlemodelFalse,False,0.8015297202797204,EnsembleSelection,53,5,10,77,0.8251010200807385
383,test_performance_singlemodelFalse,True,,EnsembleSelection,53,5,10,77,
384,test_performance_singlemodelFalse,False,0.8028554778554778,HistGradientBoostingClassifier,53,6,10,77,0.8041120728658091
385,test_performance_singlemodelFalse,False,0.8197115384615384,RandomForestClassifier,53,6,10,77,0.8314704468323308
386,test_performance_singlemodelFalse,False,0.8067380536130536,DecisionTreeClassifier,53,6,10,77,0.8260036894770585
387,test_performance_singlemodelFalse,False,0.8060751748251749,LinearDiscriminantAnalysis,53,6,10,77,0.822029373452012
388,test_performance_singlemodelFalse,False,0.8035183566433567,GradientBoostingClassifier,53,6,10,77,0.8243095528512506
389,test_performance_singlemodelFalse,False,0.8047494172494173,MLPClassifier,53,6,10,77,0.800352603525742
390,test_performance_singlemodelFalse,False,0.8106206293706294,EnsembleSelection,53,6,10,77,0.8351882859321914
391,test_performance_singlemodelFalse,True,,EnsembleSelection,53,6,10,77,
392,test_performance_singlemodelTrue,False,0.7925553613053613,HistGradientBoostingClassifier,53,0,10,77,0.7483795887893759
393,test_performance_singlemodelTrue,False,0.7742205710955711,RandomForestClassifier,53,0,10,77,0.7282232018797511
394,test_performance_singlemodelTrue,False,0.7734994172494173,DecisionTreeClassifier,53,0,10,77,0.6948438202085677
395,test_performance_singlemodelTrue,False,0.7660912004662005,LinearDiscriminantAnalysis,53,0,10,77,0.778191895764299
396,test_performance_singlemodelTrue,False,0.7984629953379953,GradientBoostingClassifier,53,0,10,77,0.7532378922530716
397,test_performance_singlemodelTrue,False,0.7391389860139861,MLPClassifier,53,0,10,77,0.6934902795772984
398,test_performance_singlemodelTrue,False,0.7835372960372959,EnsembleSelection,53,0,10,77,0.7964578188206335
399,test_performance_singlemodelTrue,True,,EnsembleSelection,53,0,10,77,
400,test_performance_singlemodelTrue,False,0.8341273310023309,HistGradientBoostingClassifier,53,1,10,77,0.7962733155667007
401,test_performance_singlemodelTrue,False,0.8112106643356644,RandomForestClassifier,53,1,10,77,0.8102329550051162
402,test_performance_singlemodelTrue,False,0.7942963286713286,DecisionTreeClassifier,53,1,10,77,0.7386045207357731
403,test_performance_singlemodelTrue,False,0.7604093822843824,LinearDiscriminantAnalysis,53,1,10,77,0.7782222391953455
404,test_performance_singlemodelTrue,False,0.8097319347319347,GradientBoostingClassifier,53,1,10,77,0.7827825979938229
405,test_performance_singlemodelTrue,False,0.7286276223776225,MLPClassifier,53,1,10,77,0.6734925309794663
406,test_performance_singlemodelTrue,False,0.8470425407925408,EnsembleSelection,53,1,10,77,0.8331741681872352
407,test_performance_singlemodelTrue,True,,EnsembleSelection,53,1,10,77,
408,test_performance_singlemodelTrue,False,0.8048659673659673,HistGradientBoostingClassifier,53,2,10,77,0.7752245933182836
409,test_performance_singlemodelTrue,False,0.8261727855477855,RandomForestClassifier,53,2,10,77,0.7947200248742077
410,test_performance_singlemodelTrue,False,0.7817380536130537,DecisionTreeClassifier,53,2,10,77,0.7308684552031797
411,test_performance_singlemodelTrue,False,0.755201048951049,LinearDiscriminantAnalysis,53,2,10,77,0.7736713026257906
412,test_performance_singlemodelTrue,False,0.8150495337995338,GradientBoostingClassifier,53,2,10,77,0.7545003084285089
413,test_performance_singlemodelTrue,False,0.7152170745920747,MLPClassifier,53,2,10,77,0.6776229433209167
414,test_performance_singlemodelTrue,False,0.828219696969697,EnsembleSelection,53,2,10,77,0.814857355161946
415,test_performance_singlemodelTrue,True,,EnsembleSelection,53,2,10,77,
416,test_performance_singlemodelTrue,False,0.8261727855477855,HistGradientBoostingClassifier,53,3,10,77,0.7404286765718032
417,test_performance_singlemodelTrue,False,0.815282634032634,RandomForestClassifier,53,3,10,77,0.768462512111726
418,test_performance_singlemodelTrue,False,0.7323208041958041,DecisionTreeClassifier,53,3,10,77,0.7401176301810548
419,test_performance_singlemodelTrue,False,0.755201048951049,LinearDiscriminantAnalysis,53,3,10,77,0.773558235878721
420,test_performance_singlemodelTrue,False,0.7494609557109557,GradientBoostingClassifier,53,3,10,77,0.7433010570640299
421,test_performance_singlemodelTrue,False,0.7457823426573427,MLPClassifier,53,3,10,77,0.675934802514492
422,test_performance_singlemodelTrue,False,0.8075539044289044,EnsembleSelection,53,3,10,77,0.8026422051539032
423,test_performance_singlemodelTrue,True,,EnsembleSelection,53,3,10,77,
424,test_performance_singlemodelTrue,False,0.7533508158508159,HistGradientBoostingClassifier,53,4,10,77,0.7776985357002036
425,test_performance_singlemodelTrue,False,0.815282634032634,RandomForestClassifier,53,4,10,77,0.7586522697233672
426,test_performance_singlemodelTrue,False,0.767416958041958,DecisionTreeClassifier,53,4,10,77,0.735534485600216
427,test_performance_singlemodelTrue,False,0.755201048951049,LinearDiscriminantAnalysis,53,4,10,77,0.773558235878721
428,test_performance_singlemodelTrue,False,0.7741404428904429,GradientBoostingClassifier,53,4,10,77,0.7386270943540931
429,test_performance_singlemodelTrue,False,0.7444784382284382,MLPClassifier,53,4,10,77,0.7001376416205902
430,test_performance_singlemodelTrue,False,0.7846008158508159,EnsembleSelection,53,4,10,77,0.7914957083386166
431,test_performance_singlemodelTrue,True,,EnsembleSelection,53,4,10,77,
432,test_performance_singlemodelTrue,False,0.8041666666666666,HistGradientBoostingClassifier,53,5,10,77,0.7301954362974327
433,test_performance_singlemodelTrue,False,0.8144303613053614,RandomForestClassifier,53,5,10,77,0.7475263194459889
434,test_performance_singlemodelTrue,False,0.7729093822843823,DecisionTreeClassifier,53,5,10,77,0.7157574392559847
435,test_performance_singlemodelTrue,False,0.755201048951049,LinearDiscriminantAnalysis,53,5,10,77,0.773558235878721
436,test_performance_singlemodelTrue,False,0.7669798951048952,GradientBoostingClassifier,53,5,10,77,0.7165813179199574
437,test_performance_singlemodelTrue,False,0.7329035547785547,MLPClassifier,53,5,10,77,0.6855312725466508
438,test_performance_singlemodelTrue,False,0.7845206876456876,EnsembleSelection,53,5,10,77,0.7954004524370374
439,test_performance_singlemodelTrue,True,,EnsembleSelection,53,5,10,77,
440,test_performance_singlemodelTrue,False,0.7774038461538462,HistGradientBoostingClassifier,53,6,10,77,0.7835031658808372
441,test_performance_singlemodelTrue,False,0.8034455128205128,RandomForestClassifier,53,6,10,77,0.7369849220260198
442,test_performance_singlemodelTrue,False,0.7461611305361305,DecisionTreeClassifier,53,6,10,77,0.70368718934208
443,test_performance_singlemodelTrue,False,0.755201048951049,LinearDiscriminantAnalysis,53,6,10,77,0.773558235878721
444,test_performance_singlemodelTrue,False,0.7585518648018649,GradientBoostingClassifier,53,6,10,77,0.7815685075425389
445,test_performance_singlemodelTrue,False,0.7092293123543124,MLPClassifier,53,6,10,77,0.6831672955026095
446,test_performance_singlemodelTrue,False,0.8350378787878787,EnsembleSelection,53,6,10,77,0.819881105257688
447,test_performance_singlemodelTrue,True,,EnsembleSelection,53,6,10,77,
448,test_performance_singlemodelFalse,False,0.7925553613053613,HistGradientBoostingClassifier,53,0,20,77,0.7452873956227412
449,test_performance_singlemodelFalse,False,0.7846372377622378,RandomForestClassifier,53,0,20,77,0.7298155585676492
450,test_performance_singlemodelFalse,False,0.7759615384615385,DecisionTreeClassifier,53,0,20,77,0.7108384489301962
451,test_performance_singlemodelFalse,False,0.7660912004662005,LinearDiscriminantAnalysis,53,0,20,77,0.7845613225158914
452,test_performance_singlemodelFalse,False,0.799599358974359,GradientBoostingClassifier,53,0,20,77,0.7591755985542936
453,test_performance_singlemodelFalse,False,0.7123397435897436,MLPClassifier,53,0,20,77,0.6863843793898636
454,test_performance_singlemodelFalse,False,0.7835372960372959,EnsembleSelection,53,0,20,77,0.8014928557255354
455,test_performance_singlemodelFalse,True,,EnsembleSelection,53,0,20,77,
456,test_performance_singlemodelFalse,False,0.8424970862470862,HistGradientBoostingClassifier,53,1,20,77,0.8298763880643694
457,test_performance_singlemodelFalse,False,0.8118735431235432,RandomForestClassifier,53,1,20,77,0.8146106751298983
458,test_performance_singlemodelFalse,False,0.8409455128205128,DecisionTreeClassifier,53,1,20,77,0.8074810364084699
459,test_performance_singlemodelFalse,False,0.8132357226107226,LinearDiscriminantAnalysis,53,1,20,77,0.7861649660129496
460,test_performance_singlemodelFalse,False,0.8112470862470862,GradientBoostingClassifier,53,1,20,77,0.8130697455753447
461,test_performance_singlemodelFalse,False,0.8061698717948719,MLPClassifier,53,1,20,77,0.7478445984850741
462,test_performance_singlemodelFalse,False,0.8320804195804196,EnsembleSelection,53,1,20,77,0.8331741681872352
463,test_performance_singlemodelFalse,True,,EnsembleSelection,53,1,20,77,
464,test_performance_singlemodelFalse,False,0.8377622377622378,HistGradientBoostingClassifier,53,2,20,77,0.7913017828557611
465,test_performance_singlemodelFalse,False,0.865224358974359,RandomForestClassifier,53,2,20,77,0.800270042709893
466,test_performance_singlemodelFalse,False,0.8012092074592075,DecisionTreeClassifier,53,2,20,77,0.7913840905845421
467,test_performance_singlemodelFalse,False,0.8257357226107226,LinearDiscriminantAnalysis,53,2,20,77,0.8222127117902713
468,test_performance_singlemodelFalse,False,0.8522508741258742,GradientBoostingClassifier,53,2,20,77,0.7973114628282362
469,test_performance_singlemodelFalse,False,0.8157925407925408,MLPClassifier,53,2,20,77,0.7925133090622437
470,test_performance_singlemodelFalse,False,0.8457167832167832,EnsembleSelection,53,2,20,77,0.8184737889881125
471,test_performance_singlemodelFalse,True,,EnsembleSelection,53,2,20,77,
472,test_performance_singlemodelFalse,False,0.8325174825174826,HistGradientBoostingClassifier,53,3,20,77,0.8157207960626868
473,test_performance_singlemodelFalse,False,0.8162296037296037,RandomForestClassifier,53,3,20,77,0.8142620526597667
474,test_performance_singlemodelFalse,False,0.7876311188811189,DecisionTreeClassifier,53,3,20,77,0.8017596667082492
475,test_performance_singlemodelFalse,False,0.8164189976689977,LinearDiscriminantAnalysis,53,3,20,77,0.8086524222907678
476,test_performance_singlemodelFalse,False,0.8357371794871795,GradientBoostingClassifier,53,3,20,77,0.8247506955305436
477,test_performance_singlemodelFalse,False,0.842970571095571,MLPClassifier,53,3,20,77,0.809565841331858
478,test_performance_singlemodelFalse,False,0.8253205128205128,EnsembleSelection,53,3,20,77,0.8305136954709708
479,test_performance_singlemodelFalse,True,,EnsembleSelection,53,3,20,77,
480,test_performance_singlemodelFalse,False,0.8273091491841491,HistGradientBoostingClassifier,53,4,20,77,0.8035678228327588
481,test_performance_singlemodelFalse,False,0.8287077505827505,RandomForestClassifier,53,4,20,77,0.7969306323468206
482,test_performance_singlemodelFalse,False,0.8198062354312354,DecisionTreeClassifier,53,4,20,77,0.7666973136432707
483,test_performance_singlemodelFalse,False,0.8150932400932401,LinearDiscriminantAnalysis,53,4,20,77,0.8109437259989924
484,test_performance_singlemodelFalse,False,0.8352418414918414,GradientBoostingClassifier,53,4,20,77,0.8172715225103784
485,test_performance_singlemodelFalse,False,0.8416083916083916,MLPClassifier,53,4,20,77,0.8050980027425421
486,test_performance_singlemodelFalse,False,0.8359047202797203,EnsembleSelection,53,4,20,77,0.8174256823332647
487,test_performance_singlemodelFalse,True,,EnsembleSelection,53,4,20,77,
488,test_performance_singlemodelFalse,False,0.8098266317016316,HistGradientBoostingClassifier,53,5,20,77,0.7935917591481381
489,test_performance_singlemodelFalse,False,0.8123834498834499,RandomForestClassifier,53,5,20,77,0.8007526531292182
490,test_performance_singlemodelFalse,False,0.8073645104895105,DecisionTreeClassifier,53,5,20,77,0.7741657370186656
491,test_performance_singlemodelFalse,False,0.812347027972028,LinearDiscriminantAnalysis,53,5,20,77,0.7903870363988232
492,test_performance_singlemodelFalse,False,0.7860576923076923,GradientBoostingClassifier,53,5,20,77,0.7920919226694012
493,test_performance_singlemodelFalse,False,0.8189539627039628,MLPClassifier,53,5,20,77,0.7938384391801857
494,test_performance_singlemodelFalse,False,0.8207750582750584,EnsembleSelection,53,5,20,77,0.8032384194846878
495,test_performance_singlemodelFalse,True,,EnsembleSelection,53,5,20,77,
496,test_performance_singlemodelFalse,False,0.8541083916083917,HistGradientBoostingClassifier,53,6,20,77,0.7872334567055316
497,test_performance_singlemodelFalse,False,0.8223849067599067,RandomForestClassifier,53,6,20,77,0.7891444670967303
498,test_performance_singlemodelFalse,False,0.7962485431235432,DecisionTreeClassifier,53,6,20,77,0.7700876139752979
499,test_performance_singlemodelFalse,False,0.7983318764568764,LinearDiscriminantAnalysis,53,6,20,77,0.795657466526613
500,test_performance_singlemodelFalse,False,0.8259833916083916,GradientBoostingClassifier,53,6,20,77,0.7700361868419532
501,test_performance_singlemodelFalse,False,0.8130463286713288,MLPClassifier,53,6,20,77,0.7746474356093854
502,test_performance_singlemodelFalse,False,0.8228583916083917,EnsembleSelection,53,6,20,77,0.8042765667462235
503,test_performance_singlemodelFalse,True,,EnsembleSelection,53,6,20,77,
504,test_performance_singlemodelTrue,False,0.7925553613053613,HistGradientBoostingClassifier,53,0,20,77,0.7452873956227412
505,test_performance_singlemodelTrue,False,0.7846372377622378,RandomForestClassifier,53,0,20,77,0.7298155585676492
506,test_performance_singlemodelTrue,False,0.7759615384615385,DecisionTreeClassifier,53,0,20,77,0.7108384489301962
507,test_performance_singlemodelTrue,False,0.7660912004662005,LinearDiscriminantAnalysis,53,0,20,77,0.7845613225158914
508,test_performance_singlemodelTrue,False,0.799599358974359,GradientBoostingClassifier,53,0,20,77,0.7561039519255671
509,test_performance_singlemodelTrue,False,0.7293851981351981,MLPClassifier,53,0,20,77,0.6754088597748968
510,test_performance_singlemodelTrue,False,0.780317599067599,EnsembleSelection,53,0,20,77,0.7978558753614605
511,test_performance_singlemodelTrue,True,,EnsembleSelection,53,0,20,77,
512,test_performance_singlemodelTrue,False,0.8009833916083916,HistGradientBoostingClassifier,53,1,20,77,0.8145993883207383
513,test_performance_singlemodelTrue,False,0.8009833916083916,RandomForestClassifier,53,1,20,77,0.7988397781577818
514,test_performance_singlemodelTrue,False,0.7690268065268064,DecisionTreeClassifier,53,1,20,77,0.7240580482724686
515,test_performance_singlemodelTrue,False,0.7604093822843824,LinearDiscriminantAnalysis,53,1,20,77,0.7813349788998887
516,test_performance_singlemodelTrue,False,0.78372668997669,GradientBoostingClassifier,53,1,20,77,0.7734956844363905
517,test_performance_singlemodelTrue,False,0.7455201048951049,MLPClassifier,53,1,20,77,0.6728538961570171
518,test_performance_singlemodelTrue,False,0.8545818764568764,EnsembleSelection,53,1,20,77,0.8290035249347061
519,test_performance_singlemodelTrue,True,,EnsembleSelection,53,1,20,77,
520,test_performance_singlemodelTrue,False,0.815472027972028,HistGradientBoostingClassifier,53,2,20,77,0.7851166062710335
521,test_performance_singlemodelTrue,False,0.8148091491841492,RandomForestClassifier,53,2,20,77,0.791297891195112
522,test_performance_singlemodelTrue,False,0.7593458624708624,DecisionTreeClassifier,53,2,20,77,0.7096659887191187
523,test_performance_singlemodelTrue,False,0.755201048951049,LinearDiscriminantAnalysis,53,2,20,77,0.7813349788998887
524,test_performance_singlemodelTrue,False,0.7986888111888112,GradientBoostingClassifier,53,2,20,77,0.7593376906900805
525,test_performance_singlemodelTrue,False,0.7372231934731935,MLPClassifier,53,2,20,77,0.689876084995585
526,test_performance_singlemodelTrue,False,0.8261727855477855,EnsembleSelection,53,2,20,77,0.819675518301457
527,test_performance_singlemodelTrue,True,,EnsembleSelection,53,2,20,77,
528,test_performance_singlemodelTrue,False,0.7885780885780885,HistGradientBoostingClassifier,53,3,20,77,0.783749845912885
529,test_performance_singlemodelTrue,False,0.815282634032634,RandomForestClassifier,53,3,20,77,0.786346114770623
530,test_performance_singlemodelTrue,False,0.7227564102564104,DecisionTreeClassifier,53,3,20,77,0.6972972160525793
531,test_performance_singlemodelTrue,False,0.755201048951049,LinearDiscriminantAnalysis,53,3,20,77,0.7782427857332539
532,test_performance_singlemodelTrue,False,0.7766244172494173,GradientBoostingClassifier,53,3,20,77,0.7521462907777798
533,test_performance_singlemodelTrue,False,0.7099140442890443,MLPClassifier,53,3,20,77,0.6900309444830353
534,test_performance_singlemodelTrue,False,0.8365894522144522,EnsembleSelection,53,3,20,77,0.8179700948664892
535,test_performance_singlemodelTrue,True,,EnsembleSelection,53,3,20,77,
536,test_performance_singlemodelTrue,False,0.7905303030303029,HistGradientBoostingClassifier,53,4,20,77,0.7647130021649712
537,test_performance_singlemodelTrue,False,0.815282634032634,RandomForestClassifier,53,4,20,77,0.7685226618094292
538,test_performance_singlemodelTrue,False,0.7036640442890443,DecisionTreeClassifier,53,4,20,77,0.7090803615329302
539,test_performance_singlemodelTrue,False,0.7656177156177156,LinearDiscriminantAnalysis,53,4,20,77,0.7766504290453558
540,test_performance_singlemodelTrue,False,0.8188592657342657,GradientBoostingClassifier,53,4,20,77,0.7475953542082249
541,test_performance_singlemodelTrue,False,0.7476617132867134,MLPClassifier,53,4,20,77,0.6828512060441101
542,test_performance_singlemodelTrue,False,0.8359265734265734,EnsembleSelection,53,4,20,77,0.7995196685562218
543,test_performance_singlemodelTrue,True,,EnsembleSelection,53,4,20,77,
544,test_performance_singlemodelTrue,False,0.8193546037296038,HistGradientBoostingClassifier,53,5,20,77,0.7614250189352434
545,test_performance_singlemodelTrue,False,0.8273091491841491,RandomForestClassifier,53,5,20,77,0.7617631448476729
546,test_performance_singlemodelTrue,False,0.7574155011655012,DecisionTreeClassifier,53,5,20,77,0.6757853555939659
547,test_performance_singlemodelTrue,False,0.7656177156177156,LinearDiscriminantAnalysis,53,5,20,77,0.7766504290453558
548,test_performance_singlemodelTrue,False,0.7759615384615385,GradientBoostingClassifier,53,5,20,77,0.7200019616830311
549,test_performance_singlemodelTrue,False,0.7301209207459207,MLPClassifier,53,5,20,77,0.6842150274932415
550,test_performance_singlemodelTrue,False,0.8384469696969697,EnsembleSelection,53,5,20,77,0.8016773589794683
551,test_performance_singlemodelTrue,True,,EnsembleSelection,53,5,20,77,
552,test_performance_singlemodelTrue,False,0.7977636946386946,HistGradientBoostingClassifier,53,6,20,77,0.7321878425888069
553,test_performance_singlemodelTrue,False,0.8305288461538463,RandomForestClassifier,53,6,20,77,0.7389873782976003
554,test_performance_singlemodelTrue,False,0.7222829254079254,DecisionTreeClassifier,53,6,20,77,0.7485903813135322
555,test_performance_singlemodelTrue,False,0.7656177156177156,LinearDiscriminantAnalysis,53,6,20,77,0.7766504290453558
556,test_performance_singlemodelTrue,False,0.77122668997669,GradientBoostingClassifier,53,6,20,77,0.7706892372972084
557,test_performance_singlemodelTrue,False,0.7159163752913753,MLPClassifier,53,6,20,77,0.7074934138361579
558,test_performance_singlemodelTrue,False,0.7982736013986014,EnsembleSelection,53,6,20,77,0.8014095952451225
559,test_performance_singlemodelTrue,True,,EnsembleSelection,53,6,20,77,
