,single_model,repeated_ensemble,dataset_name,model,level,repeat,splits,iteration,seed,performance
0,False,False,146818,HistGradientBoostingClassifier,0,5,2,0,8,0.8605756358768407
1,False,False,146818,HistGradientBoostingClassifier,0,5,2,1,8,0.848995983935743
2,False,False,146818,HistGradientBoostingClassifier,0,5,2,2,8,0.8545515394912986
3,False,False,146818,HistGradientBoostingClassifier,0,5,2,3,8,0.8485274431057563
4,False,False,146818,HistGradientBoostingClassifier,0,5,2,4,8,0.8716867469879519
5,False,False,146818,HistGradientBoostingClassifier,0,5,2,5,8,0.848995983935743
6,False,False,146818,HistGradientBoostingClassifier,0,5,2,6,8,0.8545515394912986
7,False,False,146818,HistGradientBoostingClassifier,0,5,2,7,8,0.8550200803212852
8,False,False,146818,HistGradientBoostingClassifier,0,5,2,8,8,0.848995983935743
9,False,False,146818,HistGradientBoostingClassifier,0,5,2,9,8,0.8545515394912986
10,False,False,146818,RandomForestClassifier,0,5,2,0,8,0.8772423025435074
11,False,False,146818,RandomForestClassifier,0,5,2,1,8,0.8665997322623828
12,False,False,146818,RandomForestClassifier,0,5,2,2,8,0.8730923694779116
13,False,False,146818,RandomForestClassifier,0,5,2,3,8,0.8610441767068273
14,False,False,146818,RandomForestClassifier,0,5,2,4,8,0.8670682730923696
15,False,False,146818,RandomForestClassifier,0,5,2,5,8,0.8610441767068273
16,False,False,146818,RandomForestClassifier,0,5,2,6,8,0.8665997322623828
17,False,False,146818,RandomForestClassifier,0,5,2,7,8,0.8610441767068273
18,False,False,146818,RandomForestClassifier,0,5,2,8,8,0.8610441767068273
19,False,False,146818,RandomForestClassifier,0,5,2,9,8,0.8610441767068273
20,False,False,146818,DecisionTreeClassifier,0,5,2,0,8,0.8184069611780456
21,False,False,146818,DecisionTreeClassifier,0,5,2,1,8,0.8035475234270415
22,False,False,146818,DecisionTreeClassifier,0,5,2,2,8,0.8360107095046854
23,False,False,146818,DecisionTreeClassifier,0,5,2,3,8,0.8406291834002677
24,False,False,146818,DecisionTreeClassifier,0,5,2,4,8,0.8485274431057563
25,False,False,146818,DecisionTreeClassifier,0,5,2,5,8,0.8420348058902276
26,False,False,146818,DecisionTreeClassifier,0,5,2,6,8,0.831392235609103
27,False,False,146818,DecisionTreeClassifier,0,5,2,7,8,0.8369477911646587
28,False,False,146818,DecisionTreeClassifier,0,5,2,8,8,0.8323293172690763
29,False,False,146818,DecisionTreeClassifier,0,5,2,9,8,0.8318607764390897
30,False,False,146818,LinearDiscriminantAnalysis,0,5,2,0,8,0.8559571619812584
31,False,False,146818,LinearDiscriminantAnalysis,0,5,2,1,8,0.8568942436412316
32,False,False,146818,LinearDiscriminantAnalysis,0,5,2,2,8,0.8629183400267737
33,False,False,146818,LinearDiscriminantAnalysis,0,5,2,3,8,0.851338688085676
34,False,False,146818,LinearDiscriminantAnalysis,0,5,2,4,8,0.8568942436412316
35,False,False,146818,LinearDiscriminantAnalysis,0,5,2,5,8,0.8568942436412316
36,False,False,146818,LinearDiscriminantAnalysis,0,5,2,6,8,0.8624497991967872
37,False,False,146818,LinearDiscriminantAnalysis,0,5,2,7,8,0.8568942436412316
38,False,False,146818,LinearDiscriminantAnalysis,0,5,2,8,8,0.851338688085676
39,False,False,146818,LinearDiscriminantAnalysis,0,5,2,9,8,0.851338688085676
40,False,False,146818,GradientBoostingClassifier,0,5,2,0,8,0.8429718875502008
41,False,False,146818,GradientBoostingClassifier,0,5,2,1,8,0.8777108433734939
42,False,False,146818,GradientBoostingClassifier,0,5,2,2,8,0.8842034805890227
43,False,False,146818,GradientBoostingClassifier,0,5,2,3,8,0.8781793842034806
44,False,False,146818,GradientBoostingClassifier,0,5,2,4,8,0.8777108433734939
45,False,False,146818,GradientBoostingClassifier,0,5,2,5,8,0.8837349397590362
46,False,False,146818,GradientBoostingClassifier,0,5,2,6,8,0.8837349397590362
47,False,False,146818,GradientBoostingClassifier,0,5,2,7,8,0.8837349397590362
48,False,False,146818,GradientBoostingClassifier,0,5,2,8,8,0.8897590361445783
49,False,False,146818,GradientBoostingClassifier,0,5,2,9,8,0.8837349397590362
50,False,False,146818,MLPClassifier,0,5,2,0,8,0.7600401606425703
51,False,False,146818,MLPClassifier,0,5,2,1,8,0.7655957161981258
52,False,False,146818,MLPClassifier,0,5,2,2,8,0.7836680053547523
53,False,False,146818,MLPClassifier,0,5,2,3,8,0.7836680053547523
54,False,False,146818,MLPClassifier,0,5,2,4,8,0.7957161981258367
55,False,False,146818,MLPClassifier,0,5,2,5,8,0.7725568942436412
56,False,False,146818,MLPClassifier,0,5,2,6,8,0.7836680053547523
57,False,False,146818,MLPClassifier,0,5,2,7,8,0.7901606425702812
58,False,False,146818,MLPClassifier,0,5,2,8,8,0.7957161981258367
59,False,False,146818,MLPClassifier,0,5,2,9,8,0.7957161981258367
60,False,False,146818,HistGradientBoostingClassifier,1,5,2,10,8,0.8670682730923696
61,False,False,146818,HistGradientBoostingClassifier,1,5,2,11,8,0.8726238286479251
62,False,False,146818,HistGradientBoostingClassifier,1,5,2,12,8,0.8429718875502008
63,False,False,146818,HistGradientBoostingClassifier,1,5,2,13,8,0.867536813922356
64,False,False,146818,HistGradientBoostingClassifier,1,5,2,14,8,0.8777108433734939
65,False,False,146818,HistGradientBoostingClassifier,1,5,2,15,8,0.8730923694779116
66,False,False,146818,HistGradientBoostingClassifier,1,5,2,16,8,0.8670682730923696
67,False,False,146818,HistGradientBoostingClassifier,1,5,2,17,8,0.867536813922356
68,False,False,146818,HistGradientBoostingClassifier,1,5,2,18,8,0.8615127175368139
69,False,False,146818,HistGradientBoostingClassifier,1,5,2,19,8,0.8615127175368139
70,False,False,146818,RandomForestClassifier,1,5,2,10,8,0.865194109772423
71,False,False,146818,RandomForestClassifier,1,5,2,11,8,0.8596385542168674
72,False,False,146818,RandomForestClassifier,1,5,2,12,8,0.8485274431057563
73,False,False,146818,RandomForestClassifier,1,5,2,13,8,0.8485274431057563
74,False,False,146818,RandomForestClassifier,1,5,2,14,8,0.8545515394912986
75,False,False,146818,RandomForestClassifier,1,5,2,15,8,0.8494645247657295
76,False,False,146818,RandomForestClassifier,1,5,2,16,8,0.8554886211512718
77,False,False,146818,RandomForestClassifier,1,5,2,17,8,0.8494645247657295
78,False,False,146818,RandomForestClassifier,1,5,2,18,8,0.8554886211512718
79,False,False,146818,RandomForestClassifier,1,5,2,19,8,0.8499330655957162
80,False,False,146818,DecisionTreeClassifier,1,5,2,10,8,0.8017402945113788
81,False,False,146818,DecisionTreeClassifier,1,5,2,11,8,0.7924364123159304
82,False,False,146818,DecisionTreeClassifier,1,5,2,12,8,0.8355421686746989
83,False,False,146818,DecisionTreeClassifier,1,5,2,13,8,0.8346050870147256
84,False,False,146818,DecisionTreeClassifier,1,5,2,14,8,0.8480589022757697
85,False,False,146818,DecisionTreeClassifier,1,5,2,15,8,0.8299866131191432
86,False,False,146818,DecisionTreeClassifier,1,5,2,16,8,0.8480589022757697
87,False,False,146818,DecisionTreeClassifier,1,5,2,17,8,0.8420348058902276
88,False,False,146818,DecisionTreeClassifier,1,5,2,18,8,0.8364792503346721
89,False,False,146818,DecisionTreeClassifier,1,5,2,19,8,0.8415662650602409
90,False,False,146818,LinearDiscriminantAnalysis,1,5,2,10,8,0.8656626506024097
91,False,False,146818,LinearDiscriminantAnalysis,1,5,2,11,8,0.8605756358768407
92,False,False,146818,LinearDiscriminantAnalysis,1,5,2,12,8,0.848995983935743
93,False,False,146818,LinearDiscriminantAnalysis,1,5,2,13,8,0.8550200803212852
94,False,False,146818,LinearDiscriminantAnalysis,1,5,2,14,8,0.8601070950468541
95,False,False,146818,LinearDiscriminantAnalysis,1,5,2,15,8,0.848995983935743
96,False,False,146818,LinearDiscriminantAnalysis,1,5,2,16,8,0.8434404283801874
97,False,False,146818,LinearDiscriminantAnalysis,1,5,2,17,8,0.848995983935743
98,False,False,146818,LinearDiscriminantAnalysis,1,5,2,18,8,0.8434404283801874
99,False,False,146818,LinearDiscriminantAnalysis,1,5,2,19,8,0.8545515394912986
100,False,False,146818,GradientBoostingClassifier,1,5,2,10,8,0.8425033467202142
101,False,False,146818,GradientBoostingClassifier,1,5,2,11,8,0.8587014725568942
102,False,False,146818,GradientBoostingClassifier,1,5,2,12,8,0.8480589022757697
103,False,False,146818,GradientBoostingClassifier,1,5,2,13,8,0.8540829986613119
104,False,False,146818,GradientBoostingClassifier,1,5,2,14,8,0.8540829986613119
105,False,False,146818,GradientBoostingClassifier,1,5,2,15,8,0.8485274431057563
106,False,False,146818,GradientBoostingClassifier,1,5,2,16,8,0.8661311914323963
107,False,False,146818,GradientBoostingClassifier,1,5,2,17,8,0.8605756358768407
108,False,False,146818,GradientBoostingClassifier,1,5,2,18,8,0.8610441767068273
109,False,False,146818,GradientBoostingClassifier,1,5,2,19,8,0.8665997322623828
110,False,False,146818,MLPClassifier,1,5,2,10,8,0.807764390896921
111,False,False,146818,MLPClassifier,1,5,2,11,8,0.8540829986613119
112,False,False,146818,MLPClassifier,1,5,2,12,8,0.8374163319946453
113,False,False,146818,MLPClassifier,1,5,2,13,8,0.848995983935743
114,False,False,146818,MLPClassifier,1,5,2,14,8,0.8434404283801874
115,False,False,146818,MLPClassifier,1,5,2,15,8,0.8378848728246319
116,False,False,146818,MLPClassifier,1,5,2,16,8,0.848995983935743
117,False,False,146818,MLPClassifier,1,5,2,17,8,0.8374163319946453
118,False,False,146818,MLPClassifier,1,5,2,18,8,0.8429718875502008
119,False,False,146818,MLPClassifier,1,5,2,19,8,0.8429718875502008
120,False,False,146818,HistGradientBoostingClassifier,0,5,3,0,8,0.843908969210174
121,False,False,146818,HistGradientBoostingClassifier,0,5,3,1,8,0.843908969210174
122,False,False,146818,HistGradientBoostingClassifier,0,5,3,2,8,0.8550200803212852
123,False,False,146818,HistGradientBoostingClassifier,0,5,3,3,8,0.8374163319946453
124,False,False,146818,HistGradientBoostingClassifier,0,5,3,4,8,0.8374163319946453
125,False,False,146818,HistGradientBoostingClassifier,0,5,3,5,8,0.8665997322623828
126,False,False,146818,HistGradientBoostingClassifier,0,5,3,6,8,0.8665997322623828
127,False,False,146818,HistGradientBoostingClassifier,0,5,3,7,8,0.8665997322623828
128,False,False,146818,HistGradientBoostingClassifier,0,5,3,8,8,0.8665997322623828
129,False,False,146818,HistGradientBoostingClassifier,0,5,3,9,8,0.8665997322623828
130,False,False,146818,HistGradientBoostingClassifier,0,5,3,10,8,0.8665997322623828
131,False,False,146818,HistGradientBoostingClassifier,0,5,3,11,8,0.8665997322623828
132,False,False,146818,HistGradientBoostingClassifier,0,5,3,12,8,0.8665997322623828
133,False,False,146818,HistGradientBoostingClassifier,0,5,3,13,8,0.8665997322623828
134,False,False,146818,HistGradientBoostingClassifier,0,5,3,14,8,0.8726238286479251
135,False,False,146818,RandomForestClassifier,0,5,3,0,8,0.8726238286479251
136,False,False,146818,RandomForestClassifier,0,5,3,1,8,0.8550200803212852
137,False,False,146818,RandomForestClassifier,0,5,3,2,8,0.8837349397590362
138,False,False,146818,RandomForestClassifier,0,5,3,3,8,0.8721552878179384
139,False,False,146818,RandomForestClassifier,0,5,3,4,8,0.8786479250334671
140,False,False,146818,RandomForestClassifier,0,5,3,5,8,0.8726238286479251
141,False,False,146818,RandomForestClassifier,0,5,3,6,8,0.8665997322623828
142,False,False,146818,RandomForestClassifier,0,5,3,7,8,0.8665997322623828
143,False,False,146818,RandomForestClassifier,0,5,3,8,8,0.8661311914323963
144,False,False,146818,RandomForestClassifier,0,5,3,9,8,0.8726238286479251
145,False,False,146818,RandomForestClassifier,0,5,3,10,8,0.8665997322623828
146,False,False,146818,RandomForestClassifier,0,5,3,11,8,0.8726238286479251
147,False,False,146818,RandomForestClassifier,0,5,3,12,8,0.8721552878179384
148,False,False,146818,RandomForestClassifier,0,5,3,13,8,0.8721552878179384
149,False,False,146818,RandomForestClassifier,0,5,3,14,8,0.8721552878179384
150,False,False,146818,DecisionTreeClassifier,0,5,3,0,8,0.7910977242302544
151,False,False,146818,DecisionTreeClassifier,0,5,3,1,8,0.7442436412315931
152,False,False,146818,DecisionTreeClassifier,0,5,3,2,8,0.8374163319946453
153,False,False,146818,DecisionTreeClassifier,0,5,3,3,8,0.81285140562249
154,False,False,146818,DecisionTreeClassifier,0,5,3,4,8,0.8258366800535475
155,False,False,146818,DecisionTreeClassifier,0,5,3,5,8,0.8309236947791165
156,False,False,146818,DecisionTreeClassifier,0,5,3,6,8,0.8374163319946453
157,False,False,146818,DecisionTreeClassifier,0,5,3,7,8,0.8309236947791165
158,False,False,146818,DecisionTreeClassifier,0,5,3,8,8,0.8434404283801874
159,False,False,146818,DecisionTreeClassifier,0,5,3,9,8,0.8540829986613119
160,False,False,146818,DecisionTreeClassifier,0,5,3,10,8,0.8434404283801874
161,False,False,146818,DecisionTreeClassifier,0,5,3,11,8,0.8540829986613119
162,False,False,146818,DecisionTreeClassifier,0,5,3,12,8,0.8550200803212852
163,False,False,146818,DecisionTreeClassifier,0,5,3,13,8,0.8545515394912986
164,False,False,146818,DecisionTreeClassifier,0,5,3,14,8,0.8665997322623828
165,False,False,146818,LinearDiscriminantAnalysis,0,5,3,0,8,0.856425702811245
166,False,False,146818,LinearDiscriminantAnalysis,0,5,3,1,8,0.851338688085676
167,False,False,146818,LinearDiscriminantAnalysis,0,5,3,2,8,0.8568942436412316
168,False,False,146818,LinearDiscriminantAnalysis,0,5,3,3,8,0.851338688085676
169,False,False,146818,LinearDiscriminantAnalysis,0,5,3,4,8,0.8568942436412316
170,False,False,146818,LinearDiscriminantAnalysis,0,5,3,5,8,0.8568942436412316
171,False,False,146818,LinearDiscriminantAnalysis,0,5,3,6,8,0.8568942436412316
172,False,False,146818,LinearDiscriminantAnalysis,0,5,3,7,8,0.8568942436412316
173,False,False,146818,LinearDiscriminantAnalysis,0,5,3,8,8,0.8568942436412316
174,False,False,146818,LinearDiscriminantAnalysis,0,5,3,9,8,0.8568942436412316
175,False,False,146818,LinearDiscriminantAnalysis,0,5,3,10,8,0.8568942436412316
176,False,False,146818,LinearDiscriminantAnalysis,0,5,3,11,8,0.8568942436412316
177,False,False,146818,LinearDiscriminantAnalysis,0,5,3,12,8,0.8568942436412316
178,False,False,146818,LinearDiscriminantAnalysis,0,5,3,13,8,0.851338688085676
179,False,False,146818,LinearDiscriminantAnalysis,0,5,3,14,8,0.8568942436412316
180,False,False,146818,GradientBoostingClassifier,0,5,3,0,8,0.8610441767068273
181,False,False,146818,GradientBoostingClassifier,0,5,3,1,8,0.8661311914323963
182,False,False,146818,GradientBoostingClassifier,0,5,3,2,8,0.8781793842034806
183,False,False,146818,GradientBoostingClassifier,0,5,3,3,8,0.8726238286479251
184,False,False,146818,GradientBoostingClassifier,0,5,3,4,8,0.8726238286479251
185,False,False,146818,GradientBoostingClassifier,0,5,3,5,8,0.8781793842034806
186,False,False,146818,GradientBoostingClassifier,0,5,3,6,8,0.8781793842034806
187,False,False,146818,GradientBoostingClassifier,0,5,3,7,8,0.8661311914323963
188,False,False,146818,GradientBoostingClassifier,0,5,3,8,8,0.8781793842034806
189,False,False,146818,GradientBoostingClassifier,0,5,3,9,8,0.8842034805890227
190,False,False,146818,GradientBoostingClassifier,0,5,3,10,8,0.8902275769745649
191,False,False,146818,GradientBoostingClassifier,0,5,3,11,8,0.8781793842034806
192,False,False,146818,GradientBoostingClassifier,0,5,3,12,8,0.8842034805890227
193,False,False,146818,GradientBoostingClassifier,0,5,3,13,8,0.8842034805890227
194,False,False,146818,GradientBoostingClassifier,0,5,3,14,8,0.8842034805890227
195,False,False,146818,MLPClassifier,0,5,3,0,8,0.7827309236947791
196,False,False,146818,MLPClassifier,0,5,3,1,8,0.8012717536813923
197,False,False,146818,MLPClassifier,0,5,3,2,8,0.7841365461847389
198,False,False,146818,MLPClassifier,0,5,3,3,8,0.7660642570281124
199,False,False,146818,MLPClassifier,0,5,3,4,8,0.7841365461847389
200,False,False,146818,MLPClassifier,0,5,3,5,8,0.7841365461847389
201,False,False,146818,MLPClassifier,0,5,3,6,8,0.807764390896921
202,False,False,146818,MLPClassifier,0,5,3,7,8,0.8017402945113788
203,False,False,146818,MLPClassifier,0,5,3,8,8,0.8022088353413654
204,False,False,146818,MLPClassifier,0,5,3,9,8,0.7957161981258367
205,False,False,146818,MLPClassifier,0,5,3,10,8,0.8137884872824632
206,False,False,146818,MLPClassifier,0,5,3,11,8,0.8022088353413654
207,False,False,146818,MLPClassifier,0,5,3,12,8,0.7961847389558233
208,False,False,146818,MLPClassifier,0,5,3,13,8,0.7901606425702812
209,False,False,146818,MLPClassifier,0,5,3,14,8,0.7961847389558233
210,False,False,146818,HistGradientBoostingClassifier,1,5,3,15,8,0.8721552878179384
211,False,False,146818,HistGradientBoostingClassifier,1,5,3,16,8,0.8846720214190094
212,False,False,146818,HistGradientBoostingClassifier,1,5,3,17,8,0.8902275769745649
213,False,False,146818,HistGradientBoostingClassifier,1,5,3,18,8,0.8786479250334671
214,False,False,146818,HistGradientBoostingClassifier,1,5,3,19,8,0.8786479250334671
215,False,False,146818,HistGradientBoostingClassifier,1,5,3,20,8,0.8730923694779116
216,False,False,146818,HistGradientBoostingClassifier,1,5,3,21,8,0.8730923694779116
217,False,False,146818,HistGradientBoostingClassifier,1,5,3,22,8,0.8726238286479251
218,False,False,146818,HistGradientBoostingClassifier,1,5,3,23,8,0.8786479250334671
219,False,False,146818,HistGradientBoostingClassifier,1,5,3,24,8,0.8670682730923696
220,False,False,146818,HistGradientBoostingClassifier,1,5,3,25,8,0.8730923694779116
221,False,False,146818,HistGradientBoostingClassifier,1,5,3,26,8,0.8791164658634538
222,False,False,146818,HistGradientBoostingClassifier,1,5,3,27,8,0.8730923694779116
223,False,False,146818,HistGradientBoostingClassifier,1,5,3,28,8,0.8730923694779116
224,False,False,146818,HistGradientBoostingClassifier,1,5,3,29,8,0.8791164658634538
225,False,False,146818,RandomForestClassifier,1,5,3,15,8,0.8494645247657295
226,False,False,146818,RandomForestClassifier,1,5,3,16,8,0.8670682730923696
227,False,False,146818,RandomForestClassifier,1,5,3,17,8,0.867536813922356
228,False,False,146818,RandomForestClassifier,1,5,3,18,8,0.8670682730923696
229,False,False,146818,RandomForestClassifier,1,5,3,19,8,0.8735609103078983
230,False,False,146818,RandomForestClassifier,1,5,3,20,8,0.8791164658634538
231,False,False,146818,RandomForestClassifier,1,5,3,21,8,0.867536813922356
232,False,False,146818,RandomForestClassifier,1,5,3,22,8,0.8735609103078983
233,False,False,146818,RandomForestClassifier,1,5,3,23,8,0.8735609103078983
234,False,False,146818,RandomForestClassifier,1,5,3,24,8,0.8735609103078983
235,False,False,146818,RandomForestClassifier,1,5,3,25,8,0.8735609103078983
236,False,False,146818,RandomForestClassifier,1,5,3,26,8,0.8791164658634538
237,False,False,146818,RandomForestClassifier,1,5,3,27,8,0.8735609103078983
238,False,False,146818,RandomForestClassifier,1,5,3,28,8,0.8735609103078983
239,False,False,146818,RandomForestClassifier,1,5,3,29,8,0.8735609103078983
240,False,False,146818,DecisionTreeClassifier,1,5,3,15,8,0.7841365461847389
241,False,False,146818,DecisionTreeClassifier,1,5,3,16,8,0.8165327978580991
242,False,False,146818,DecisionTreeClassifier,1,5,3,17,8,0.8253681392235609
243,False,False,146818,DecisionTreeClassifier,1,5,3,18,8,0.8170013386880857
244,False,False,146818,DecisionTreeClassifier,1,5,3,19,8,0.8415662650602409
245,False,False,146818,DecisionTreeClassifier,1,5,3,20,8,0.8346050870147256
246,False,False,146818,DecisionTreeClassifier,1,5,3,21,8,0.8244310575635877
247,False,False,146818,DecisionTreeClassifier,1,5,3,22,8,0.8401606425702811
248,False,False,146818,DecisionTreeClassifier,1,5,3,23,8,0.8369477911646587
249,False,False,146818,DecisionTreeClassifier,1,5,3,24,8,0.8475903614457831
250,False,False,146818,DecisionTreeClassifier,1,5,3,25,8,0.8253681392235609
251,False,False,146818,DecisionTreeClassifier,1,5,3,26,8,0.8304551539491298
252,False,False,146818,DecisionTreeClassifier,1,5,3,27,8,0.8318607764390897
253,False,False,146818,DecisionTreeClassifier,1,5,3,28,8,0.8193440428380188
254,False,False,146818,DecisionTreeClassifier,1,5,3,29,8,0.8378848728246319
255,False,False,146818,LinearDiscriminantAnalysis,1,5,3,15,8,0.8610441767068273
256,False,False,146818,LinearDiscriminantAnalysis,1,5,3,16,8,0.8610441767068273
257,False,False,146818,LinearDiscriminantAnalysis,1,5,3,17,8,0.8494645247657295
258,False,False,146818,LinearDiscriminantAnalysis,1,5,3,18,8,0.8550200803212852
259,False,False,146818,LinearDiscriminantAnalysis,1,5,3,19,8,0.8550200803212852
260,False,False,146818,LinearDiscriminantAnalysis,1,5,3,20,8,0.8494645247657295
261,False,False,146818,LinearDiscriminantAnalysis,1,5,3,21,8,0.8494645247657295
262,False,False,146818,LinearDiscriminantAnalysis,1,5,3,22,8,0.8494645247657295
263,False,False,146818,LinearDiscriminantAnalysis,1,5,3,23,8,0.8494645247657295
264,False,False,146818,LinearDiscriminantAnalysis,1,5,3,24,8,0.8494645247657295
265,False,False,146818,LinearDiscriminantAnalysis,1,5,3,25,8,0.8494645247657295
266,False,False,146818,LinearDiscriminantAnalysis,1,5,3,26,8,0.8494645247657295
267,False,False,146818,LinearDiscriminantAnalysis,1,5,3,27,8,0.8550200803212852
268,False,False,146818,LinearDiscriminantAnalysis,1,5,3,28,8,0.8550200803212852
269,False,False,146818,LinearDiscriminantAnalysis,1,5,3,29,8,0.8550200803212852
270,False,False,146818,GradientBoostingClassifier,1,5,3,15,8,0.8615127175368139
271,False,False,146818,GradientBoostingClassifier,1,5,3,16,8,0.8670682730923696
272,False,False,146818,GradientBoostingClassifier,1,5,3,17,8,0.8791164658634538
273,False,False,146818,GradientBoostingClassifier,1,5,3,18,8,0.8846720214190094
274,False,False,146818,GradientBoostingClassifier,1,5,3,19,8,0.8791164658634538
275,False,False,146818,GradientBoostingClassifier,1,5,3,20,8,0.8730923694779116
276,False,False,146818,GradientBoostingClassifier,1,5,3,21,8,0.8902275769745649
277,False,False,146818,GradientBoostingClassifier,1,5,3,22,8,0.8842034805890227
278,False,False,146818,GradientBoostingClassifier,1,5,3,23,8,0.8786479250334671
279,False,False,146818,GradientBoostingClassifier,1,5,3,24,8,0.8786479250334671
280,False,False,146818,GradientBoostingClassifier,1,5,3,25,8,0.8846720214190094
281,False,False,146818,GradientBoostingClassifier,1,5,3,26,8,0.8786479250334671
282,False,False,146818,GradientBoostingClassifier,1,5,3,27,8,0.8730923694779116
283,False,False,146818,GradientBoostingClassifier,1,5,3,28,8,0.8786479250334671
284,False,False,146818,GradientBoostingClassifier,1,5,3,29,8,0.8730923694779116
285,False,False,146818,MLPClassifier,1,5,3,15,8,0.8360107095046854
286,False,False,146818,MLPClassifier,1,5,3,16,8,0.8429718875502008
287,False,False,146818,MLPClassifier,1,5,3,17,8,0.8309236947791165
288,False,False,146818,MLPClassifier,1,5,3,18,8,0.8429718875502008
289,False,False,146818,MLPClassifier,1,5,3,19,8,0.8550200803212852
290,False,False,146818,MLPClassifier,1,5,3,20,8,0.8550200803212852
291,False,False,146818,MLPClassifier,1,5,3,21,8,0.8494645247657295
292,False,False,146818,MLPClassifier,1,5,3,22,8,0.8434404283801874
293,False,False,146818,MLPClassifier,1,5,3,23,8,0.8494645247657295
294,False,False,146818,MLPClassifier,1,5,3,24,8,0.8494645247657295
295,False,False,146818,MLPClassifier,1,5,3,25,8,0.8434404283801874
296,False,False,146818,MLPClassifier,1,5,3,26,8,0.8378848728246319
297,False,False,146818,MLPClassifier,1,5,3,27,8,0.843908969210174
298,False,False,146818,MLPClassifier,1,5,3,28,8,0.8318607764390897
299,False,False,146818,MLPClassifier,1,5,3,29,8,0.8378848728246319
300,False,False,146818,HistGradientBoostingClassifier,0,5,5,0,8,0.843908969210174
301,False,False,146818,HistGradientBoostingClassifier,0,5,5,1,8,0.8610441767068273
302,False,False,146818,HistGradientBoostingClassifier,0,5,5,2,8,0.8610441767068273
303,False,False,146818,HistGradientBoostingClassifier,0,5,5,3,8,0.8610441767068273
304,False,False,146818,HistGradientBoostingClassifier,0,5,5,4,8,0.8610441767068273
305,False,False,146818,HistGradientBoostingClassifier,0,5,5,5,8,0.8550200803212852
306,False,False,146818,HistGradientBoostingClassifier,0,5,5,6,8,0.848995983935743
307,False,False,146818,HistGradientBoostingClassifier,0,5,5,7,8,0.8550200803212852
308,False,False,146818,HistGradientBoostingClassifier,0,5,5,8,8,0.848995983935743
309,False,False,146818,HistGradientBoostingClassifier,0,5,5,9,8,0.8550200803212852
310,False,False,146818,HistGradientBoostingClassifier,0,5,5,10,8,0.8550200803212852
311,False,False,146818,HistGradientBoostingClassifier,0,5,5,11,8,0.8550200803212852
312,False,False,146818,HistGradientBoostingClassifier,0,5,5,12,8,0.8550200803212852
313,False,False,146818,HistGradientBoostingClassifier,0,5,5,13,8,0.8550200803212852
314,False,False,146818,HistGradientBoostingClassifier,0,5,5,14,8,0.8550200803212852
315,False,False,146818,HistGradientBoostingClassifier,0,5,5,15,8,0.8550200803212852
316,False,False,146818,HistGradientBoostingClassifier,0,5,5,16,8,0.8550200803212852
317,False,False,146818,HistGradientBoostingClassifier,0,5,5,17,8,0.8550200803212852
318,False,False,146818,HistGradientBoostingClassifier,0,5,5,18,8,0.8550200803212852
319,False,False,146818,HistGradientBoostingClassifier,0,5,5,19,8,0.8550200803212852
320,False,False,146818,HistGradientBoostingClassifier,0,5,5,20,8,0.8550200803212852
321,False,False,146818,HistGradientBoostingClassifier,0,5,5,21,8,0.8550200803212852
322,False,False,146818,HistGradientBoostingClassifier,0,5,5,22,8,0.8550200803212852
323,False,False,146818,HistGradientBoostingClassifier,0,5,5,23,8,0.8550200803212852
324,False,False,146818,HistGradientBoostingClassifier,0,5,5,24,8,0.8550200803212852
325,False,False,146818,RandomForestClassifier,0,5,5,0,8,0.8716867469879519
326,False,False,146818,RandomForestClassifier,0,5,5,1,8,0.8777108433734939
327,False,False,146818,RandomForestClassifier,0,5,5,2,8,0.8781793842034806
328,False,False,146818,RandomForestClassifier,0,5,5,3,8,0.8661311914323963
329,False,False,146818,RandomForestClassifier,0,5,5,4,8,0.8665997322623828
330,False,False,146818,RandomForestClassifier,0,5,5,5,8,0.8665997322623828
331,False,False,146818,RandomForestClassifier,0,5,5,6,8,0.8610441767068273
332,False,False,146818,RandomForestClassifier,0,5,5,7,8,0.8670682730923696
333,False,False,146818,RandomForestClassifier,0,5,5,8,8,0.8726238286479251
334,False,False,146818,RandomForestClassifier,0,5,5,9,8,0.8726238286479251
335,False,False,146818,RandomForestClassifier,0,5,5,10,8,0.8610441767068273
336,False,False,146818,RandomForestClassifier,0,5,5,11,8,0.8670682730923696
337,False,False,146818,RandomForestClassifier,0,5,5,12,8,0.8610441767068273
338,False,False,146818,RandomForestClassifier,0,5,5,13,8,0.8610441767068273
339,False,False,146818,RandomForestClassifier,0,5,5,14,8,0.8610441767068273
340,False,False,146818,RandomForestClassifier,0,5,5,15,8,0.8670682730923696
341,False,False,146818,RandomForestClassifier,0,5,5,16,8,0.8670682730923696
342,False,False,146818,RandomForestClassifier,0,5,5,17,8,0.8670682730923696
343,False,False,146818,RandomForestClassifier,0,5,5,18,8,0.8670682730923696
344,False,False,146818,RandomForestClassifier,0,5,5,19,8,0.8670682730923696
345,False,False,146818,RandomForestClassifier,0,5,5,20,8,0.8610441767068273
346,False,False,146818,RandomForestClassifier,0,5,5,21,8,0.8610441767068273
347,False,False,146818,RandomForestClassifier,0,5,5,22,8,0.8610441767068273
348,False,False,146818,RandomForestClassifier,0,5,5,23,8,0.8610441767068273
349,False,False,146818,RandomForestClassifier,0,5,5,24,8,0.8610441767068273
350,False,False,146818,DecisionTreeClassifier,0,5,5,0,8,0.8012717536813923
351,False,False,146818,DecisionTreeClassifier,0,5,5,1,8,0.7808567603748326
352,False,False,146818,DecisionTreeClassifier,0,5,5,2,8,0.820281124497992
353,False,False,146818,DecisionTreeClassifier,0,5,5,3,8,0.8346050870147256
354,False,False,146818,DecisionTreeClassifier,0,5,5,4,8,0.8499330655957162
355,False,False,146818,DecisionTreeClassifier,0,5,5,5,8,0.8475903614457831
356,False,False,146818,DecisionTreeClassifier,0,5,5,6,8,0.843908969210174
357,False,False,146818,DecisionTreeClassifier,0,5,5,7,8,0.8605756358768407
358,False,False,146818,DecisionTreeClassifier,0,5,5,8,8,0.8610441767068273
359,False,False,146818,DecisionTreeClassifier,0,5,5,9,8,0.8601070950468541
360,False,False,146818,DecisionTreeClassifier,0,5,5,10,8,0.8434404283801874
361,False,False,146818,DecisionTreeClassifier,0,5,5,11,8,0.8485274431057563
362,False,False,146818,DecisionTreeClassifier,0,5,5,12,8,0.848995983935743
363,False,False,146818,DecisionTreeClassifier,0,5,5,13,8,0.8545515394912986
364,False,False,146818,DecisionTreeClassifier,0,5,5,14,8,0.848995983935743
365,False,False,146818,DecisionTreeClassifier,0,5,5,15,8,0.848995983935743
366,False,False,146818,DecisionTreeClassifier,0,5,5,16,8,0.8434404283801874
367,False,False,146818,DecisionTreeClassifier,0,5,5,17,8,0.8434404283801874
368,False,False,146818,DecisionTreeClassifier,0,5,5,18,8,0.8323293172690763
369,False,False,146818,DecisionTreeClassifier,0,5,5,19,8,0.8434404283801874
370,False,False,146818,DecisionTreeClassifier,0,5,5,20,8,0.8378848728246319
371,False,False,146818,DecisionTreeClassifier,0,5,5,21,8,0.8378848728246319
372,False,False,146818,DecisionTreeClassifier,0,5,5,22,8,0.8378848728246319
373,False,False,146818,DecisionTreeClassifier,0,5,5,23,8,0.8378848728246319
374,False,False,146818,DecisionTreeClassifier,0,5,5,24,8,0.8378848728246319
375,False,False,146818,LinearDiscriminantAnalysis,0,5,5,0,8,0.8624497991967872
376,False,False,146818,LinearDiscriminantAnalysis,0,5,5,1,8,0.8568942436412316
377,False,False,146818,LinearDiscriminantAnalysis,0,5,5,2,8,0.8568942436412316
378,False,False,146818,LinearDiscriminantAnalysis,0,5,5,3,8,0.851338688085676
379,False,False,146818,LinearDiscriminantAnalysis,0,5,5,4,8,0.8568942436412316
380,False,False,146818,LinearDiscriminantAnalysis,0,5,5,5,8,0.8568942436412316
381,False,False,146818,LinearDiscriminantAnalysis,0,5,5,6,8,0.851338688085676
382,False,False,146818,LinearDiscriminantAnalysis,0,5,5,7,8,0.8568942436412316
383,False,False,146818,LinearDiscriminantAnalysis,0,5,5,8,8,0.8568942436412316
384,False,False,146818,LinearDiscriminantAnalysis,0,5,5,9,8,0.8568942436412316
385,False,False,146818,LinearDiscriminantAnalysis,0,5,5,10,8,0.8568942436412316
386,False,False,146818,LinearDiscriminantAnalysis,0,5,5,11,8,0.8568942436412316
387,False,False,146818,LinearDiscriminantAnalysis,0,5,5,12,8,0.8568942436412316
388,False,False,146818,LinearDiscriminantAnalysis,0,5,5,13,8,0.8568942436412316
389,False,False,146818,LinearDiscriminantAnalysis,0,5,5,14,8,0.8568942436412316
390,False,False,146818,LinearDiscriminantAnalysis,0,5,5,15,8,0.8568942436412316
391,False,False,146818,LinearDiscriminantAnalysis,0,5,5,16,8,0.8568942436412316
392,False,False,146818,LinearDiscriminantAnalysis,0,5,5,17,8,0.8568942436412316
393,False,False,146818,LinearDiscriminantAnalysis,0,5,5,18,8,0.8568942436412316
394,False,False,146818,LinearDiscriminantAnalysis,0,5,5,19,8,0.8568942436412316
395,False,False,146818,LinearDiscriminantAnalysis,0,5,5,20,8,0.851338688085676
396,False,False,146818,LinearDiscriminantAnalysis,0,5,5,21,8,0.8568942436412316
397,False,False,146818,LinearDiscriminantAnalysis,0,5,5,22,8,0.8568942436412316
398,False,False,146818,LinearDiscriminantAnalysis,0,5,5,23,8,0.8568942436412316
399,False,False,146818,LinearDiscriminantAnalysis,0,5,5,24,8,0.8568942436412316
400,False,False,146818,GradientBoostingClassifier,0,5,5,0,8,0.8726238286479251
401,False,False,146818,GradientBoostingClassifier,0,5,5,1,8,0.8777108433734939
402,False,False,146818,GradientBoostingClassifier,0,5,5,2,8,0.8665997322623828
403,False,False,146818,GradientBoostingClassifier,0,5,5,3,8,0.8842034805890227
404,False,False,146818,GradientBoostingClassifier,0,5,5,4,8,0.8786479250334671
405,False,False,146818,GradientBoostingClassifier,0,5,5,5,8,0.8786479250334671
406,False,False,146818,GradientBoostingClassifier,0,5,5,6,8,0.8791164658634538
407,False,False,146818,GradientBoostingClassifier,0,5,5,7,8,0.8786479250334671
408,False,False,146818,GradientBoostingClassifier,0,5,5,8,8,0.8842034805890227
409,False,False,146818,GradientBoostingClassifier,0,5,5,9,8,0.8842034805890227
410,False,False,146818,GradientBoostingClassifier,0,5,5,10,8,0.8842034805890227
411,False,False,146818,GradientBoostingClassifier,0,5,5,11,8,0.8842034805890227
412,False,False,146818,GradientBoostingClassifier,0,5,5,12,8,0.8842034805890227
413,False,False,146818,GradientBoostingClassifier,0,5,5,13,8,0.8902275769745649
414,False,False,146818,GradientBoostingClassifier,0,5,5,14,8,0.8902275769745649
415,False,False,146818,GradientBoostingClassifier,0,5,5,15,8,0.8902275769745649
416,False,False,146818,GradientBoostingClassifier,0,5,5,16,8,0.8902275769745649
417,False,False,146818,GradientBoostingClassifier,0,5,5,17,8,0.8902275769745649
418,False,False,146818,GradientBoostingClassifier,0,5,5,18,8,0.8902275769745649
419,False,False,146818,GradientBoostingClassifier,0,5,5,19,8,0.8842034805890227
420,False,False,146818,GradientBoostingClassifier,0,5,5,20,8,0.8842034805890227
421,False,False,146818,GradientBoostingClassifier,0,5,5,21,8,0.8842034805890227
422,False,False,146818,GradientBoostingClassifier,0,5,5,22,8,0.8842034805890227
423,False,False,146818,GradientBoostingClassifier,0,5,5,23,8,0.8902275769745649
424,False,False,146818,GradientBoostingClassifier,0,5,5,24,8,0.8902275769745649
425,False,False,146818,MLPClassifier,0,5,5,0,8,0.7039491298527443
426,False,False,146818,MLPClassifier,0,5,5,1,8,0.79524765729585
427,False,False,146818,MLPClassifier,0,5,5,2,8,0.7892235609103079
428,False,False,146818,MLPClassifier,0,5,5,3,8,0.81285140562249
429,False,False,146818,MLPClassifier,0,5,5,4,8,0.7850736278447121
430,False,False,146818,MLPClassifier,0,5,5,5,8,0.791566265060241
431,False,False,146818,MLPClassifier,0,5,5,6,8,0.7855421686746988
432,False,False,146818,MLPClassifier,0,5,5,7,8,0.7971218206157965
433,False,False,146818,MLPClassifier,0,5,5,8,8,0.802677376171352
434,False,False,146818,MLPClassifier,0,5,5,9,8,0.7906291834002677
435,False,False,146818,MLPClassifier,0,5,5,10,8,0.7850736278447121
436,False,False,146818,MLPClassifier,0,5,5,11,8,0.7739625167336011
437,False,False,146818,MLPClassifier,0,5,5,12,8,0.7850736278447121
438,False,False,146818,MLPClassifier,0,5,5,13,8,0.7744310575635878
439,False,False,146818,MLPClassifier,0,5,5,14,8,0.7855421686746988
440,False,False,146818,MLPClassifier,0,5,5,15,8,0.7855421686746988
441,False,False,146818,MLPClassifier,0,5,5,16,8,0.7744310575635878
442,False,False,146818,MLPClassifier,0,5,5,17,8,0.786479250334672
443,False,False,146818,MLPClassifier,0,5,5,18,8,0.786479250334672
444,False,False,146818,MLPClassifier,0,5,5,19,8,0.7748995983935743
445,False,False,146818,MLPClassifier,0,5,5,20,8,0.7925033467202143
446,False,False,146818,MLPClassifier,0,5,5,21,8,0.7925033467202143
447,False,False,146818,MLPClassifier,0,5,5,22,8,0.7920348058902276
448,False,False,146818,MLPClassifier,0,5,5,23,8,0.786479250334672
449,False,False,146818,MLPClassifier,0,5,5,24,8,0.786479250334672
450,False,False,146818,HistGradientBoostingClassifier,1,5,5,25,8,0.8656626506024097
451,False,False,146818,HistGradientBoostingClassifier,1,5,5,26,8,0.8777108433734939
452,False,False,146818,HistGradientBoostingClassifier,1,5,5,27,8,0.8777108433734939
453,False,False,146818,HistGradientBoostingClassifier,1,5,5,28,8,0.8716867469879519
454,False,False,146818,HistGradientBoostingClassifier,1,5,5,29,8,0.8777108433734939
455,False,False,146818,HistGradientBoostingClassifier,1,5,5,30,8,0.8777108433734939
456,False,False,146818,HistGradientBoostingClassifier,1,5,5,31,8,0.8716867469879519
457,False,False,146818,HistGradientBoostingClassifier,1,5,5,32,8,0.8716867469879519
458,False,False,146818,HistGradientBoostingClassifier,1,5,5,33,8,0.8777108433734939
459,False,False,146818,HistGradientBoostingClassifier,1,5,5,34,8,0.8777108433734939
460,False,False,146818,HistGradientBoostingClassifier,1,5,5,35,8,0.8721552878179384
461,False,False,146818,HistGradientBoostingClassifier,1,5,5,36,8,0.8832663989290495
462,False,False,146818,HistGradientBoostingClassifier,1,5,5,37,8,0.8661311914323963
463,False,False,146818,HistGradientBoostingClassifier,1,5,5,38,8,0.8777108433734939
464,False,False,146818,HistGradientBoostingClassifier,1,5,5,39,8,0.8777108433734939
465,False,False,146818,HistGradientBoostingClassifier,1,5,5,40,8,0.8777108433734939
466,False,False,146818,HistGradientBoostingClassifier,1,5,5,41,8,0.8777108433734939
467,False,False,146818,HistGradientBoostingClassifier,1,5,5,42,8,0.8777108433734939
468,False,False,146818,HistGradientBoostingClassifier,1,5,5,43,8,0.8777108433734939
469,False,False,146818,HistGradientBoostingClassifier,1,5,5,44,8,0.8777108433734939
470,False,False,146818,HistGradientBoostingClassifier,1,5,5,45,8,0.8777108433734939
471,False,False,146818,HistGradientBoostingClassifier,1,5,5,46,8,0.8777108433734939
472,False,False,146818,HistGradientBoostingClassifier,1,5,5,47,8,0.8777108433734939
473,False,False,146818,HistGradientBoostingClassifier,1,5,5,48,8,0.8777108433734939
474,False,False,146818,HistGradientBoostingClassifier,1,5,5,49,8,0.8777108433734939
475,False,False,146818,RandomForestClassifier,1,5,5,25,8,0.8601070950468541
476,False,False,146818,RandomForestClassifier,1,5,5,26,8,0.8536144578313254
477,False,False,146818,RandomForestClassifier,1,5,5,27,8,0.8596385542168674
478,False,False,146818,RandomForestClassifier,1,5,5,28,8,0.8536144578313254
479,False,False,146818,RandomForestClassifier,1,5,5,29,8,0.8656626506024097
480,False,False,146818,RandomForestClassifier,1,5,5,30,8,0.8596385542168674
481,False,False,146818,RandomForestClassifier,1,5,5,31,8,0.8596385542168674
482,False,False,146818,RandomForestClassifier,1,5,5,32,8,0.8716867469879519
483,False,False,146818,RandomForestClassifier,1,5,5,33,8,0.8656626506024097
484,False,False,146818,RandomForestClassifier,1,5,5,34,8,0.8656626506024097
485,False,False,146818,RandomForestClassifier,1,5,5,35,8,0.8656626506024097
486,False,False,146818,RandomForestClassifier,1,5,5,36,8,0.8596385542168674
487,False,False,146818,RandomForestClassifier,1,5,5,37,8,0.8596385542168674
488,False,False,146818,RandomForestClassifier,1,5,5,38,8,0.8716867469879519
489,False,False,146818,RandomForestClassifier,1,5,5,39,8,0.8656626506024097
490,False,False,146818,RandomForestClassifier,1,5,5,40,8,0.8656626506024097
491,False,False,146818,RandomForestClassifier,1,5,5,41,8,0.8596385542168674
492,False,False,146818,RandomForestClassifier,1,5,5,42,8,0.8656626506024097
493,False,False,146818,RandomForestClassifier,1,5,5,43,8,0.8656626506024097
494,False,False,146818,RandomForestClassifier,1,5,5,44,8,0.8656626506024097
495,False,False,146818,RandomForestClassifier,1,5,5,45,8,0.8656626506024097
496,False,False,146818,RandomForestClassifier,1,5,5,46,8,0.8596385542168674
497,False,False,146818,RandomForestClassifier,1,5,5,47,8,0.8596385542168674
498,False,False,146818,RandomForestClassifier,1,5,5,48,8,0.8656626506024097
499,False,False,146818,RandomForestClassifier,1,5,5,49,8,0.8596385542168674
500,False,False,146818,DecisionTreeClassifier,1,5,5,25,8,0.7720883534136547
501,False,False,146818,DecisionTreeClassifier,1,5,5,26,8,0.7808567603748326
502,False,False,146818,DecisionTreeClassifier,1,5,5,27,8,0.8184069611780456
503,False,False,146818,DecisionTreeClassifier,1,5,5,28,8,0.7933734939759036
504,False,False,146818,DecisionTreeClassifier,1,5,5,29,8,0.8188755020080322
505,False,False,146818,DecisionTreeClassifier,1,5,5,30,8,0.8174698795180724
506,False,False,146818,DecisionTreeClassifier,1,5,5,31,8,0.8184069611780456
507,False,False,146818,DecisionTreeClassifier,1,5,5,32,8,0.7998661311914324
508,False,False,146818,DecisionTreeClassifier,1,5,5,33,8,0.8304551539491298
509,False,False,146818,DecisionTreeClassifier,1,5,5,34,8,0.8179384203480589
510,False,False,146818,DecisionTreeClassifier,1,5,5,35,8,0.8244310575635877
511,False,False,146818,DecisionTreeClassifier,1,5,5,36,8,0.8239625167336011
512,False,False,146818,DecisionTreeClassifier,1,5,5,37,8,0.8360107095046854
513,False,False,146818,DecisionTreeClassifier,1,5,5,38,8,0.8179384203480589
514,False,False,146818,DecisionTreeClassifier,1,5,5,39,8,0.8360107095046854
515,False,False,146818,DecisionTreeClassifier,1,5,5,40,8,0.8299866131191432
516,False,False,146818,DecisionTreeClassifier,1,5,5,41,8,0.8364792503346721
517,False,False,146818,DecisionTreeClassifier,1,5,5,42,8,0.8244310575635877
518,False,False,146818,DecisionTreeClassifier,1,5,5,43,8,0.8425033467202142
519,False,False,146818,DecisionTreeClassifier,1,5,5,44,8,0.8364792503346721
520,False,False,146818,DecisionTreeClassifier,1,5,5,45,8,0.8425033467202142
521,False,False,146818,DecisionTreeClassifier,1,5,5,46,8,0.8304551539491298
522,False,False,146818,DecisionTreeClassifier,1,5,5,47,8,0.8364792503346721
523,False,False,146818,DecisionTreeClassifier,1,5,5,48,8,0.8304551539491298
524,False,False,146818,DecisionTreeClassifier,1,5,5,49,8,0.8364792503346721
525,False,False,146818,LinearDiscriminantAnalysis,1,5,5,25,8,0.8545515394912986
526,False,False,146818,LinearDiscriminantAnalysis,1,5,5,26,8,0.8661311914323963
527,False,False,146818,LinearDiscriminantAnalysis,1,5,5,27,8,0.8545515394912986
528,False,False,146818,LinearDiscriminantAnalysis,1,5,5,28,8,0.8545515394912986
529,False,False,146818,LinearDiscriminantAnalysis,1,5,5,29,8,0.8545515394912986
530,False,False,146818,LinearDiscriminantAnalysis,1,5,5,30,8,0.8545515394912986
531,False,False,146818,LinearDiscriminantAnalysis,1,5,5,31,8,0.8545515394912986
532,False,False,146818,LinearDiscriminantAnalysis,1,5,5,32,8,0.8545515394912986
533,False,False,146818,LinearDiscriminantAnalysis,1,5,5,33,8,0.8545515394912986
534,False,False,146818,LinearDiscriminantAnalysis,1,5,5,34,8,0.8545515394912986
535,False,False,146818,LinearDiscriminantAnalysis,1,5,5,35,8,0.8545515394912986
536,False,False,146818,LinearDiscriminantAnalysis,1,5,5,36,8,0.8545515394912986
537,False,False,146818,LinearDiscriminantAnalysis,1,5,5,37,8,0.8545515394912986
538,False,False,146818,LinearDiscriminantAnalysis,1,5,5,38,8,0.8545515394912986
539,False,False,146818,LinearDiscriminantAnalysis,1,5,5,39,8,0.8545515394912986
540,False,False,146818,LinearDiscriminantAnalysis,1,5,5,40,8,0.8545515394912986
541,False,False,146818,LinearDiscriminantAnalysis,1,5,5,41,8,0.8545515394912986
542,False,False,146818,LinearDiscriminantAnalysis,1,5,5,42,8,0.8605756358768407
543,False,False,146818,LinearDiscriminantAnalysis,1,5,5,43,8,0.8545515394912986
544,False,False,146818,LinearDiscriminantAnalysis,1,5,5,44,8,0.8545515394912986
545,False,False,146818,LinearDiscriminantAnalysis,1,5,5,45,8,0.8545515394912986
546,False,False,146818,LinearDiscriminantAnalysis,1,5,5,46,8,0.8545515394912986
547,False,False,146818,LinearDiscriminantAnalysis,1,5,5,47,8,0.8545515394912986
548,False,False,146818,LinearDiscriminantAnalysis,1,5,5,48,8,0.8545515394912986
549,False,False,146818,LinearDiscriminantAnalysis,1,5,5,49,8,0.8545515394912986
550,False,False,146818,GradientBoostingClassifier,1,5,5,25,8,0.8550200803212852
551,False,False,146818,GradientBoostingClassifier,1,5,5,26,8,0.8480589022757697
552,False,False,146818,GradientBoostingClassifier,1,5,5,27,8,0.848995983935743
553,False,False,146818,GradientBoostingClassifier,1,5,5,28,8,0.8601070950468541
554,False,False,146818,GradientBoostingClassifier,1,5,5,29,8,0.8540829986613119
555,False,False,146818,GradientBoostingClassifier,1,5,5,30,8,0.8485274431057563
556,False,False,146818,GradientBoostingClassifier,1,5,5,31,8,0.8425033467202142
557,False,False,146818,GradientBoostingClassifier,1,5,5,32,8,0.8429718875502008
558,False,False,146818,GradientBoostingClassifier,1,5,5,33,8,0.8545515394912986
559,False,False,146818,GradientBoostingClassifier,1,5,5,34,8,0.8485274431057563
560,False,False,146818,GradientBoostingClassifier,1,5,5,35,8,0.8485274431057563
561,False,False,146818,GradientBoostingClassifier,1,5,5,36,8,0.8485274431057563
562,False,False,146818,GradientBoostingClassifier,1,5,5,37,8,0.8485274431057563
563,False,False,146818,GradientBoostingClassifier,1,5,5,38,8,0.8485274431057563
564,False,False,146818,GradientBoostingClassifier,1,5,5,39,8,0.8485274431057563
565,False,False,146818,GradientBoostingClassifier,1,5,5,40,8,0.8485274431057563
566,False,False,146818,GradientBoostingClassifier,1,5,5,41,8,0.8485274431057563
567,False,False,146818,GradientBoostingClassifier,1,5,5,42,8,0.8545515394912986
568,False,False,146818,GradientBoostingClassifier,1,5,5,43,8,0.8601070950468541
569,False,False,146818,GradientBoostingClassifier,1,5,5,44,8,0.8601070950468541
570,False,False,146818,GradientBoostingClassifier,1,5,5,45,8,0.8601070950468541
571,False,False,146818,GradientBoostingClassifier,1,5,5,46,8,0.8601070950468541
572,False,False,146818,GradientBoostingClassifier,1,5,5,47,8,0.8540829986613119
573,False,False,146818,GradientBoostingClassifier,1,5,5,48,8,0.8540829986613119
574,False,False,146818,GradientBoostingClassifier,1,5,5,49,8,0.8540829986613119
575,False,False,146818,MLPClassifier,1,5,5,25,8,0.8504016064257028
576,False,False,146818,MLPClassifier,1,5,5,26,8,0.8429718875502008
577,False,False,146818,MLPClassifier,1,5,5,27,8,0.8425033467202142
578,False,False,146818,MLPClassifier,1,5,5,28,8,0.8369477911646587
579,False,False,146818,MLPClassifier,1,5,5,29,8,0.8485274431057563
580,False,False,146818,MLPClassifier,1,5,5,30,8,0.848995983935743
581,False,False,146818,MLPClassifier,1,5,5,31,8,0.8485274431057563
582,False,False,146818,MLPClassifier,1,5,5,32,8,0.8485274431057563
583,False,False,146818,MLPClassifier,1,5,5,33,8,0.8545515394912986
584,False,False,146818,MLPClassifier,1,5,5,34,8,0.8545515394912986
585,False,False,146818,MLPClassifier,1,5,5,35,8,0.8485274431057563
586,False,False,146818,MLPClassifier,1,5,5,36,8,0.8364792503346721
587,False,False,146818,MLPClassifier,1,5,5,37,8,0.8364792503346721
588,False,False,146818,MLPClassifier,1,5,5,38,8,0.8425033467202142
589,False,False,146818,MLPClassifier,1,5,5,39,8,0.8545515394912986
590,False,False,146818,MLPClassifier,1,5,5,40,8,0.8545515394912986
591,False,False,146818,MLPClassifier,1,5,5,41,8,0.8605756358768407
592,False,False,146818,MLPClassifier,1,5,5,42,8,0.8605756358768407
593,False,False,146818,MLPClassifier,1,5,5,43,8,0.8605756358768407
594,False,False,146818,MLPClassifier,1,5,5,44,8,0.8545515394912986
595,False,False,146818,MLPClassifier,1,5,5,45,8,0.8545515394912986
596,False,False,146818,MLPClassifier,1,5,5,46,8,0.8545515394912986
597,False,False,146818,MLPClassifier,1,5,5,47,8,0.8545515394912986
598,False,False,146818,MLPClassifier,1,5,5,48,8,0.8545515394912986
599,False,False,146818,MLPClassifier,1,5,5,49,8,0.8545515394912986
600,False,False,146818,HistGradientBoostingClassifier,0,5,10,0,8,0.8665997322623828
601,False,False,146818,HistGradientBoostingClassifier,0,5,10,1,8,0.8499330655957162
602,False,False,146818,HistGradientBoostingClassifier,0,5,10,2,8,0.8434404283801874
603,False,False,146818,HistGradientBoostingClassifier,0,5,10,3,8,0.848995983935743
604,False,False,146818,HistGradientBoostingClassifier,0,5,10,4,8,0.8434404283801874
605,False,False,146818,HistGradientBoostingClassifier,0,5,10,5,8,0.8434404283801874
606,False,False,146818,HistGradientBoostingClassifier,0,5,10,6,8,0.8434404283801874
607,False,False,146818,HistGradientBoostingClassifier,0,5,10,7,8,0.848995983935743
608,False,False,146818,HistGradientBoostingClassifier,0,5,10,8,8,0.8494645247657295
609,False,False,146818,HistGradientBoostingClassifier,0,5,10,9,8,0.8550200803212852
610,False,False,146818,HistGradientBoostingClassifier,0,5,10,10,8,0.8605756358768407
611,False,False,146818,HistGradientBoostingClassifier,0,5,10,11,8,0.8605756358768407
612,False,False,146818,HistGradientBoostingClassifier,0,5,10,12,8,0.8605756358768407
613,False,False,146818,HistGradientBoostingClassifier,0,5,10,13,8,0.8605756358768407
614,False,False,146818,HistGradientBoostingClassifier,0,5,10,14,8,0.848995983935743
615,False,False,146818,HistGradientBoostingClassifier,0,5,10,15,8,0.8550200803212852
616,False,False,146818,HistGradientBoostingClassifier,0,5,10,16,8,0.8605756358768407
617,False,False,146818,HistGradientBoostingClassifier,0,5,10,17,8,0.848995983935743
618,False,False,146818,HistGradientBoostingClassifier,0,5,10,18,8,0.8605756358768407
619,False,False,146818,HistGradientBoostingClassifier,0,5,10,19,8,0.8550200803212852
620,False,False,146818,HistGradientBoostingClassifier,0,5,10,20,8,0.8550200803212852
621,False,False,146818,HistGradientBoostingClassifier,0,5,10,21,8,0.8550200803212852
622,False,False,146818,HistGradientBoostingClassifier,0,5,10,22,8,0.8550200803212852
623,False,False,146818,HistGradientBoostingClassifier,0,5,10,23,8,0.8550200803212852
624,False,False,146818,HistGradientBoostingClassifier,0,5,10,24,8,0.8550200803212852
625,False,False,146818,HistGradientBoostingClassifier,0,5,10,25,8,0.8550200803212852
626,False,False,146818,HistGradientBoostingClassifier,0,5,10,26,8,0.8550200803212852
627,False,False,146818,HistGradientBoostingClassifier,0,5,10,27,8,0.8550200803212852
628,False,False,146818,HistGradientBoostingClassifier,0,5,10,28,8,0.8550200803212852
629,False,False,146818,HistGradientBoostingClassifier,0,5,10,29,8,0.8550200803212852
630,False,False,146818,HistGradientBoostingClassifier,0,5,10,30,8,0.8550200803212852
631,False,False,146818,HistGradientBoostingClassifier,0,5,10,31,8,0.8550200803212852
632,False,False,146818,HistGradientBoostingClassifier,0,5,10,32,8,0.8550200803212852
633,False,False,146818,HistGradientBoostingClassifier,0,5,10,33,8,0.8550200803212852
634,False,False,146818,HistGradientBoostingClassifier,0,5,10,34,8,0.8550200803212852
635,False,False,146818,HistGradientBoostingClassifier,0,5,10,35,8,0.8550200803212852
636,False,False,146818,HistGradientBoostingClassifier,0,5,10,36,8,0.8550200803212852
637,False,False,146818,HistGradientBoostingClassifier,0,5,10,37,8,0.8550200803212852
638,False,False,146818,HistGradientBoostingClassifier,0,5,10,38,8,0.8550200803212852
639,False,False,146818,HistGradientBoostingClassifier,0,5,10,39,8,0.8550200803212852
640,False,False,146818,HistGradientBoostingClassifier,0,5,10,40,8,0.8550200803212852
641,False,False,146818,HistGradientBoostingClassifier,0,5,10,41,8,0.8550200803212852
642,False,False,146818,HistGradientBoostingClassifier,0,5,10,42,8,0.8550200803212852
643,False,False,146818,HistGradientBoostingClassifier,0,5,10,43,8,0.8550200803212852
644,False,False,146818,HistGradientBoostingClassifier,0,5,10,44,8,0.8550200803212852
645,False,False,146818,HistGradientBoostingClassifier,0,5,10,45,8,0.8550200803212852
646,False,False,146818,HistGradientBoostingClassifier,0,5,10,46,8,0.8550200803212852
647,False,False,146818,HistGradientBoostingClassifier,0,5,10,47,8,0.8550200803212852
648,False,False,146818,HistGradientBoostingClassifier,0,5,10,48,8,0.8550200803212852
649,False,False,146818,HistGradientBoostingClassifier,0,5,10,49,8,0.8550200803212852
650,False,False,146818,RandomForestClassifier,0,5,10,0,8,0.8837349397590362
651,False,False,146818,RandomForestClassifier,0,5,10,1,8,0.8550200803212852
652,False,False,146818,RandomForestClassifier,0,5,10,2,8,0.8665997322623828
653,False,False,146818,RandomForestClassifier,0,5,10,3,8,0.8670682730923696
654,False,False,146818,RandomForestClassifier,0,5,10,4,8,0.8610441767068273
655,False,False,146818,RandomForestClassifier,0,5,10,5,8,0.8610441767068273
656,False,False,146818,RandomForestClassifier,0,5,10,6,8,0.8610441767068273
657,False,False,146818,RandomForestClassifier,0,5,10,7,8,0.8610441767068273
658,False,False,146818,RandomForestClassifier,0,5,10,8,8,0.8554886211512718
659,False,False,146818,RandomForestClassifier,0,5,10,9,8,0.8554886211512718
660,False,False,146818,RandomForestClassifier,0,5,10,10,8,0.8554886211512718
661,False,False,146818,RandomForestClassifier,0,5,10,11,8,0.8554886211512718
662,False,False,146818,RandomForestClassifier,0,5,10,12,8,0.8554886211512718
663,False,False,146818,RandomForestClassifier,0,5,10,13,8,0.8554886211512718
664,False,False,146818,RandomForestClassifier,0,5,10,14,8,0.8554886211512718
665,False,False,146818,RandomForestClassifier,0,5,10,15,8,0.8554886211512718
666,False,False,146818,RandomForestClassifier,0,5,10,16,8,0.8554886211512718
667,False,False,146818,RandomForestClassifier,0,5,10,17,8,0.8554886211512718
668,False,False,146818,RandomForestClassifier,0,5,10,18,8,0.8554886211512718
669,False,False,146818,RandomForestClassifier,0,5,10,19,8,0.8554886211512718
670,False,False,146818,RandomForestClassifier,0,5,10,20,8,0.8610441767068273
671,False,False,146818,RandomForestClassifier,0,5,10,21,8,0.8554886211512718
672,False,False,146818,RandomForestClassifier,0,5,10,22,8,0.8610441767068273
673,False,False,146818,RandomForestClassifier,0,5,10,23,8,0.8610441767068273
674,False,False,146818,RandomForestClassifier,0,5,10,24,8,0.8610441767068273
675,False,False,146818,RandomForestClassifier,0,5,10,25,8,0.8610441767068273
676,False,False,146818,RandomForestClassifier,0,5,10,26,8,0.8610441767068273
677,False,False,146818,RandomForestClassifier,0,5,10,27,8,0.8670682730923696
678,False,False,146818,RandomForestClassifier,0,5,10,28,8,0.8610441767068273
679,False,False,146818,RandomForestClassifier,0,5,10,29,8,0.8610441767068273
680,False,False,146818,RandomForestClassifier,0,5,10,30,8,0.8610441767068273
681,False,False,146818,RandomForestClassifier,0,5,10,31,8,0.8610441767068273
682,False,False,146818,RandomForestClassifier,0,5,10,32,8,0.8610441767068273
683,False,False,146818,RandomForestClassifier,0,5,10,33,8,0.8610441767068273
684,False,False,146818,RandomForestClassifier,0,5,10,34,8,0.8670682730923696
685,False,False,146818,RandomForestClassifier,0,5,10,35,8,0.8670682730923696
686,False,False,146818,RandomForestClassifier,0,5,10,36,8,0.8610441767068273
687,False,False,146818,RandomForestClassifier,0,5,10,37,8,0.8610441767068273
688,False,False,146818,RandomForestClassifier,0,5,10,38,8,0.8610441767068273
689,False,False,146818,RandomForestClassifier,0,5,10,39,8,0.8610441767068273
690,False,False,146818,RandomForestClassifier,0,5,10,40,8,0.8610441767068273
691,False,False,146818,RandomForestClassifier,0,5,10,41,8,0.8610441767068273
692,False,False,146818,RandomForestClassifier,0,5,10,42,8,0.8670682730923696
693,False,False,146818,RandomForestClassifier,0,5,10,43,8,0.8610441767068273
694,False,False,146818,RandomForestClassifier,0,5,10,44,8,0.8610441767068273
695,False,False,146818,RandomForestClassifier,0,5,10,45,8,0.8610441767068273
696,False,False,146818,RandomForestClassifier,0,5,10,46,8,0.8610441767068273
697,False,False,146818,RandomForestClassifier,0,5,10,47,8,0.8670682730923696
698,False,False,146818,RandomForestClassifier,0,5,10,48,8,0.8670682730923696
699,False,False,146818,RandomForestClassifier,0,5,10,49,8,0.8670682730923696
700,False,False,146818,DecisionTreeClassifier,0,5,10,0,8,0.8253681392235609
701,False,False,146818,DecisionTreeClassifier,0,5,10,1,8,0.8160642570281125
702,False,False,146818,DecisionTreeClassifier,0,5,10,2,8,0.8082329317269077
703,False,False,146818,DecisionTreeClassifier,0,5,10,3,8,0.8179384203480589
704,False,False,146818,DecisionTreeClassifier,0,5,10,4,8,0.8309236947791165
705,False,False,146818,DecisionTreeClassifier,0,5,10,5,8,0.8364792503346721
706,False,False,146818,DecisionTreeClassifier,0,5,10,6,8,0.8309236947791165
707,False,False,146818,DecisionTreeClassifier,0,5,10,7,8,0.8364792503346721
708,False,False,146818,DecisionTreeClassifier,0,5,10,8,8,0.848995983935743
709,False,False,146818,DecisionTreeClassifier,0,5,10,9,8,0.8545515394912986
710,False,False,146818,DecisionTreeClassifier,0,5,10,10,8,0.848995983935743
711,False,False,146818,DecisionTreeClassifier,0,5,10,11,8,0.8545515394912986
712,False,False,146818,DecisionTreeClassifier,0,5,10,12,8,0.8494645247657295
713,False,False,146818,DecisionTreeClassifier,0,5,10,13,8,0.8550200803212852
714,False,False,146818,DecisionTreeClassifier,0,5,10,14,8,0.8494645247657295
715,False,False,146818,DecisionTreeClassifier,0,5,10,15,8,0.8550200803212852
716,False,False,146818,DecisionTreeClassifier,0,5,10,16,8,0.8494645247657295
717,False,False,146818,DecisionTreeClassifier,0,5,10,17,8,0.8550200803212852
718,False,False,146818,DecisionTreeClassifier,0,5,10,18,8,0.843908969210174
719,False,False,146818,DecisionTreeClassifier,0,5,10,19,8,0.8494645247657295
720,False,False,146818,DecisionTreeClassifier,0,5,10,20,8,0.843908969210174
721,False,False,146818,DecisionTreeClassifier,0,5,10,21,8,0.8494645247657295
722,False,False,146818,DecisionTreeClassifier,0,5,10,22,8,0.8494645247657295
723,False,False,146818,DecisionTreeClassifier,0,5,10,23,8,0.8550200803212852
724,False,False,146818,DecisionTreeClassifier,0,5,10,24,8,0.843908969210174
725,False,False,146818,DecisionTreeClassifier,0,5,10,25,8,0.843908969210174
726,False,False,146818,DecisionTreeClassifier,0,5,10,26,8,0.843908969210174
727,False,False,146818,DecisionTreeClassifier,0,5,10,27,8,0.8494645247657295
728,False,False,146818,DecisionTreeClassifier,0,5,10,28,8,0.843908969210174
729,False,False,146818,DecisionTreeClassifier,0,5,10,29,8,0.843908969210174
730,False,False,146818,DecisionTreeClassifier,0,5,10,30,8,0.843908969210174
731,False,False,146818,DecisionTreeClassifier,0,5,10,31,8,0.843908969210174
732,False,False,146818,DecisionTreeClassifier,0,5,10,32,8,0.843908969210174
733,False,False,146818,DecisionTreeClassifier,0,5,10,33,8,0.843908969210174
734,False,False,146818,DecisionTreeClassifier,0,5,10,34,8,0.843908969210174
735,False,False,146818,DecisionTreeClassifier,0,5,10,35,8,0.843908969210174
736,False,False,146818,DecisionTreeClassifier,0,5,10,36,8,0.843908969210174
737,False,False,146818,DecisionTreeClassifier,0,5,10,37,8,0.8494645247657295
738,False,False,146818,DecisionTreeClassifier,0,5,10,38,8,0.843908969210174
739,False,False,146818,DecisionTreeClassifier,0,5,10,39,8,0.843908969210174
740,False,False,146818,DecisionTreeClassifier,0,5,10,40,8,0.843908969210174
741,False,False,146818,DecisionTreeClassifier,0,5,10,41,8,0.843908969210174
742,False,False,146818,DecisionTreeClassifier,0,5,10,42,8,0.843908969210174
743,False,False,146818,DecisionTreeClassifier,0,5,10,43,8,0.843908969210174
744,False,False,146818,DecisionTreeClassifier,0,5,10,44,8,0.843908969210174
745,False,False,146818,DecisionTreeClassifier,0,5,10,45,8,0.8494645247657295
746,False,False,146818,DecisionTreeClassifier,0,5,10,46,8,0.8494645247657295
747,False,False,146818,DecisionTreeClassifier,0,5,10,47,8,0.8494645247657295
748,False,False,146818,DecisionTreeClassifier,0,5,10,48,8,0.8494645247657295
749,False,False,146818,DecisionTreeClassifier,0,5,10,49,8,0.8494645247657295
750,False,False,146818,LinearDiscriminantAnalysis,0,5,10,0,8,0.8624497991967872
751,False,False,146818,LinearDiscriminantAnalysis,0,5,10,1,8,0.8624497991967872
752,False,False,146818,LinearDiscriminantAnalysis,0,5,10,2,8,0.8568942436412316
753,False,False,146818,LinearDiscriminantAnalysis,0,5,10,3,8,0.8568942436412316
754,False,False,146818,LinearDiscriminantAnalysis,0,5,10,4,8,0.8568942436412316
755,False,False,146818,LinearDiscriminantAnalysis,0,5,10,5,8,0.8568942436412316
756,False,False,146818,LinearDiscriminantAnalysis,0,5,10,6,8,0.851338688085676
757,False,False,146818,LinearDiscriminantAnalysis,0,5,10,7,8,0.851338688085676
758,False,False,146818,LinearDiscriminantAnalysis,0,5,10,8,8,0.8568942436412316
759,False,False,146818,LinearDiscriminantAnalysis,0,5,10,9,8,0.8568942436412316
760,False,False,146818,LinearDiscriminantAnalysis,0,5,10,10,8,0.851338688085676
761,False,False,146818,LinearDiscriminantAnalysis,0,5,10,11,8,0.8568942436412316
762,False,False,146818,LinearDiscriminantAnalysis,0,5,10,12,8,0.8568942436412316
763,False,False,146818,LinearDiscriminantAnalysis,0,5,10,13,8,0.851338688085676
764,False,False,146818,LinearDiscriminantAnalysis,0,5,10,14,8,0.8568942436412316
765,False,False,146818,LinearDiscriminantAnalysis,0,5,10,15,8,0.8568942436412316
766,False,False,146818,LinearDiscriminantAnalysis,0,5,10,16,8,0.851338688085676
767,False,False,146818,LinearDiscriminantAnalysis,0,5,10,17,8,0.8568942436412316
768,False,False,146818,LinearDiscriminantAnalysis,0,5,10,18,8,0.8568942436412316
769,False,False,146818,LinearDiscriminantAnalysis,0,5,10,19,8,0.8568942436412316
770,False,False,146818,LinearDiscriminantAnalysis,0,5,10,20,8,0.8568942436412316
771,False,False,146818,LinearDiscriminantAnalysis,0,5,10,21,8,0.8568942436412316
772,False,False,146818,LinearDiscriminantAnalysis,0,5,10,22,8,0.8568942436412316
773,False,False,146818,LinearDiscriminantAnalysis,0,5,10,23,8,0.8568942436412316
774,False,False,146818,LinearDiscriminantAnalysis,0,5,10,24,8,0.8568942436412316
775,False,False,146818,LinearDiscriminantAnalysis,0,5,10,25,8,0.8568942436412316
776,False,False,146818,LinearDiscriminantAnalysis,0,5,10,26,8,0.8568942436412316
777,False,False,146818,LinearDiscriminantAnalysis,0,5,10,27,8,0.8568942436412316
778,False,False,146818,LinearDiscriminantAnalysis,0,5,10,28,8,0.8568942436412316
779,False,False,146818,LinearDiscriminantAnalysis,0,5,10,29,8,0.8568942436412316
780,False,False,146818,LinearDiscriminantAnalysis,0,5,10,30,8,0.851338688085676
781,False,False,146818,LinearDiscriminantAnalysis,0,5,10,31,8,0.8568942436412316
782,False,False,146818,LinearDiscriminantAnalysis,0,5,10,32,8,0.851338688085676
783,False,False,146818,LinearDiscriminantAnalysis,0,5,10,33,8,0.8568942436412316
784,False,False,146818,LinearDiscriminantAnalysis,0,5,10,34,8,0.8568942436412316
785,False,False,146818,LinearDiscriminantAnalysis,0,5,10,35,8,0.8568942436412316
786,False,False,146818,LinearDiscriminantAnalysis,0,5,10,36,8,0.8568942436412316
787,False,False,146818,LinearDiscriminantAnalysis,0,5,10,37,8,0.8568942436412316
788,False,False,146818,LinearDiscriminantAnalysis,0,5,10,38,8,0.851338688085676
789,False,False,146818,LinearDiscriminantAnalysis,0,5,10,39,8,0.851338688085676
790,False,False,146818,LinearDiscriminantAnalysis,0,5,10,40,8,0.8568942436412316
791,False,False,146818,LinearDiscriminantAnalysis,0,5,10,41,8,0.851338688085676
792,False,False,146818,LinearDiscriminantAnalysis,0,5,10,42,8,0.851338688085676
793,False,False,146818,LinearDiscriminantAnalysis,0,5,10,43,8,0.851338688085676
794,False,False,146818,LinearDiscriminantAnalysis,0,5,10,44,8,0.851338688085676
795,False,False,146818,LinearDiscriminantAnalysis,0,5,10,45,8,0.851338688085676
796,False,False,146818,LinearDiscriminantAnalysis,0,5,10,46,8,0.851338688085676
797,False,False,146818,LinearDiscriminantAnalysis,0,5,10,47,8,0.851338688085676
798,False,False,146818,LinearDiscriminantAnalysis,0,5,10,48,8,0.851338688085676
799,False,False,146818,LinearDiscriminantAnalysis,0,5,10,49,8,0.851338688085676
800,False,False,146818,GradientBoostingClassifier,0,5,10,0,8,0.8786479250334671
801,False,False,146818,GradientBoostingClassifier,0,5,10,1,8,0.8726238286479251
802,False,False,146818,GradientBoostingClassifier,0,5,10,2,8,0.8665997322623828
803,False,False,146818,GradientBoostingClassifier,0,5,10,3,8,0.8721552878179384
804,False,False,146818,GradientBoostingClassifier,0,5,10,4,8,0.8842034805890227
805,False,False,146818,GradientBoostingClassifier,0,5,10,5,8,0.8726238286479251
806,False,False,146818,GradientBoostingClassifier,0,5,10,6,8,0.8786479250334671
807,False,False,146818,GradientBoostingClassifier,0,5,10,7,8,0.8786479250334671
808,False,False,146818,GradientBoostingClassifier,0,5,10,8,8,0.8786479250334671
809,False,False,146818,GradientBoostingClassifier,0,5,10,9,8,0.8786479250334671
810,False,False,146818,GradientBoostingClassifier,0,5,10,10,8,0.8786479250334671
811,False,False,146818,GradientBoostingClassifier,0,5,10,11,8,0.8786479250334671
812,False,False,146818,GradientBoostingClassifier,0,5,10,12,8,0.8786479250334671
813,False,False,146818,GradientBoostingClassifier,0,5,10,13,8,0.8786479250334671
814,False,False,146818,GradientBoostingClassifier,0,5,10,14,8,0.8786479250334671
815,False,False,146818,GradientBoostingClassifier,0,5,10,15,8,0.8786479250334671
816,False,False,146818,GradientBoostingClassifier,0,5,10,16,8,0.8786479250334671
817,False,False,146818,GradientBoostingClassifier,0,5,10,17,8,0.8786479250334671
818,False,False,146818,GradientBoostingClassifier,0,5,10,18,8,0.8786479250334671
819,False,False,146818,GradientBoostingClassifier,0,5,10,19,8,0.8786479250334671
820,False,False,146818,GradientBoostingClassifier,0,5,10,20,8,0.8842034805890227
821,False,False,146818,GradientBoostingClassifier,0,5,10,21,8,0.8786479250334671
822,False,False,146818,GradientBoostingClassifier,0,5,10,22,8,0.8786479250334671
823,False,False,146818,GradientBoostingClassifier,0,5,10,23,8,0.8786479250334671
824,False,False,146818,GradientBoostingClassifier,0,5,10,24,8,0.8786479250334671
825,False,False,146818,GradientBoostingClassifier,0,5,10,25,8,0.8786479250334671
826,False,False,146818,GradientBoostingClassifier,0,5,10,26,8,0.8786479250334671
827,False,False,146818,GradientBoostingClassifier,0,5,10,27,8,0.8786479250334671
828,False,False,146818,GradientBoostingClassifier,0,5,10,28,8,0.8786479250334671
829,False,False,146818,GradientBoostingClassifier,0,5,10,29,8,0.8786479250334671
830,False,False,146818,GradientBoostingClassifier,0,5,10,30,8,0.8786479250334671
831,False,False,146818,GradientBoostingClassifier,0,5,10,31,8,0.8786479250334671
832,False,False,146818,GradientBoostingClassifier,0,5,10,32,8,0.8786479250334671
833,False,False,146818,GradientBoostingClassifier,0,5,10,33,8,0.8786479250334671
834,False,False,146818,GradientBoostingClassifier,0,5,10,34,8,0.8786479250334671
835,False,False,146818,GradientBoostingClassifier,0,5,10,35,8,0.8786479250334671
836,False,False,146818,GradientBoostingClassifier,0,5,10,36,8,0.8786479250334671
837,False,False,146818,GradientBoostingClassifier,0,5,10,37,8,0.8786479250334671
838,False,False,146818,GradientBoostingClassifier,0,5,10,38,8,0.8786479250334671
839,False,False,146818,GradientBoostingClassifier,0,5,10,39,8,0.8786479250334671
840,False,False,146818,GradientBoostingClassifier,0,5,10,40,8,0.8786479250334671
841,False,False,146818,GradientBoostingClassifier,0,5,10,41,8,0.8786479250334671
842,False,False,146818,GradientBoostingClassifier,0,5,10,42,8,0.8786479250334671
843,False,False,146818,GradientBoostingClassifier,0,5,10,43,8,0.8786479250334671
844,False,False,146818,GradientBoostingClassifier,0,5,10,44,8,0.8786479250334671
845,False,False,146818,GradientBoostingClassifier,0,5,10,45,8,0.8786479250334671
846,False,False,146818,GradientBoostingClassifier,0,5,10,46,8,0.8786479250334671
847,False,False,146818,GradientBoostingClassifier,0,5,10,47,8,0.8786479250334671
848,False,False,146818,GradientBoostingClassifier,0,5,10,48,8,0.8786479250334671
849,False,False,146818,GradientBoostingClassifier,0,5,10,49,8,0.8786479250334671
850,False,False,146818,MLPClassifier,0,5,10,0,8,0.755421686746988
851,False,False,146818,MLPClassifier,0,5,10,1,8,0.7382864792503347
852,False,False,146818,MLPClassifier,0,5,10,2,8,0.7850736278447121
853,False,False,146818,MLPClassifier,0,5,10,3,8,0.7906291834002677
854,False,False,146818,MLPClassifier,0,5,10,4,8,0.8031459170013386
855,False,False,146818,MLPClassifier,0,5,10,5,8,0.7971218206157965
856,False,False,146818,MLPClassifier,0,5,10,6,8,0.7971218206157965
857,False,False,146818,MLPClassifier,0,5,10,7,8,0.791566265060241
858,False,False,146818,MLPClassifier,0,5,10,8,8,0.8036144578313253
859,False,False,146818,MLPClassifier,0,5,10,9,8,0.8091700133868809
860,False,False,146818,MLPClassifier,0,5,10,10,8,0.8147255689424364
861,False,False,146818,MLPClassifier,0,5,10,11,8,0.8087014725568942
862,False,False,146818,MLPClassifier,0,5,10,12,8,0.8091700133868809
863,False,False,146818,MLPClassifier,0,5,10,13,8,0.8087014725568942
864,False,False,146818,MLPClassifier,0,5,10,14,8,0.7971218206157965
865,False,False,146818,MLPClassifier,0,5,10,15,8,0.791566265060241
866,False,False,146818,MLPClassifier,0,5,10,16,8,0.791566265060241
867,False,False,146818,MLPClassifier,0,5,10,17,8,0.7975903614457831
868,False,False,146818,MLPClassifier,0,5,10,18,8,0.7975903614457831
869,False,False,146818,MLPClassifier,0,5,10,19,8,0.7975903614457831
870,False,False,146818,MLPClassifier,0,5,10,20,8,0.7975903614457831
871,False,False,146818,MLPClassifier,0,5,10,21,8,0.8091700133868809
872,False,False,146818,MLPClassifier,0,5,10,22,8,0.7975903614457831
873,False,False,146818,MLPClassifier,0,5,10,23,8,0.7971218206157965
874,False,False,146818,MLPClassifier,0,5,10,24,8,0.8031459170013386
875,False,False,146818,MLPClassifier,0,5,10,25,8,0.8091700133868809
876,False,False,146818,MLPClassifier,0,5,10,26,8,0.8036144578313253
877,False,False,146818,MLPClassifier,0,5,10,27,8,0.7975903614457831
878,False,False,146818,MLPClassifier,0,5,10,28,8,0.7975903614457831
879,False,False,146818,MLPClassifier,0,5,10,29,8,0.7975903614457831
880,False,False,146818,MLPClassifier,0,5,10,30,8,0.7975903614457831
881,False,False,146818,MLPClassifier,0,5,10,31,8,0.7975903614457831
882,False,False,146818,MLPClassifier,0,5,10,32,8,0.7975903614457831
883,False,False,146818,MLPClassifier,0,5,10,33,8,0.7975903614457831
884,False,False,146818,MLPClassifier,0,5,10,34,8,0.7975903614457831
885,False,False,146818,MLPClassifier,0,5,10,35,8,0.7975903614457831
886,False,False,146818,MLPClassifier,0,5,10,36,8,0.7975903614457831
887,False,False,146818,MLPClassifier,0,5,10,37,8,0.7975903614457831
888,False,False,146818,MLPClassifier,0,5,10,38,8,0.7975903614457831
889,False,False,146818,MLPClassifier,0,5,10,39,8,0.7975903614457831
890,False,False,146818,MLPClassifier,0,5,10,40,8,0.7975903614457831
891,False,False,146818,MLPClassifier,0,5,10,41,8,0.7975903614457831
892,False,False,146818,MLPClassifier,0,5,10,42,8,0.7975903614457831
893,False,False,146818,MLPClassifier,0,5,10,43,8,0.7975903614457831
894,False,False,146818,MLPClassifier,0,5,10,44,8,0.7975903614457831
895,False,False,146818,MLPClassifier,0,5,10,45,8,0.7975903614457831
896,False,False,146818,MLPClassifier,0,5,10,46,8,0.7975903614457831
897,False,False,146818,MLPClassifier,0,5,10,47,8,0.7975903614457831
898,False,False,146818,MLPClassifier,0,5,10,48,8,0.7975903614457831
899,False,False,146818,MLPClassifier,0,5,10,49,8,0.7975903614457831
900,False,False,146818,HistGradientBoostingClassifier,1,5,10,50,8,0.8605756358768407
901,False,False,146818,HistGradientBoostingClassifier,1,5,10,51,8,0.8545515394912986
902,False,False,146818,HistGradientBoostingClassifier,1,5,10,52,8,0.8545515394912986
903,False,False,146818,HistGradientBoostingClassifier,1,5,10,53,8,0.8610441767068273
904,False,False,146818,HistGradientBoostingClassifier,1,5,10,54,8,0.8545515394912986
905,False,False,146818,HistGradientBoostingClassifier,1,5,10,55,8,0.848995983935743
906,False,False,146818,HistGradientBoostingClassifier,1,5,10,56,8,0.848995983935743
907,False,False,146818,HistGradientBoostingClassifier,1,5,10,57,8,0.848995983935743
908,False,False,146818,HistGradientBoostingClassifier,1,5,10,58,8,0.848995983935743
909,False,False,146818,HistGradientBoostingClassifier,1,5,10,59,8,0.848995983935743
910,False,False,146818,HistGradientBoostingClassifier,1,5,10,60,8,0.8545515394912986
911,False,False,146818,HistGradientBoostingClassifier,1,5,10,61,8,0.8545515394912986
912,False,False,146818,HistGradientBoostingClassifier,1,5,10,62,8,0.8545515394912986
913,False,False,146818,HistGradientBoostingClassifier,1,5,10,63,8,0.8545515394912986
914,False,False,146818,HistGradientBoostingClassifier,1,5,10,64,8,0.8545515394912986
915,False,False,146818,HistGradientBoostingClassifier,1,5,10,65,8,0.8545515394912986
916,False,False,146818,HistGradientBoostingClassifier,1,5,10,66,8,0.8545515394912986
917,False,False,146818,HistGradientBoostingClassifier,1,5,10,67,8,0.8545515394912986
918,False,False,146818,HistGradientBoostingClassifier,1,5,10,68,8,0.848995983935743
919,False,False,146818,HistGradientBoostingClassifier,1,5,10,69,8,0.848995983935743
920,False,False,146818,HistGradientBoostingClassifier,1,5,10,70,8,0.8545515394912986
921,False,False,146818,HistGradientBoostingClassifier,1,5,10,71,8,0.848995983935743
922,False,False,146818,HistGradientBoostingClassifier,1,5,10,72,8,0.848995983935743
923,False,False,146818,HistGradientBoostingClassifier,1,5,10,73,8,0.848995983935743
924,False,False,146818,HistGradientBoostingClassifier,1,5,10,74,8,0.848995983935743
925,False,False,146818,HistGradientBoostingClassifier,1,5,10,75,8,0.8545515394912986
926,False,False,146818,HistGradientBoostingClassifier,1,5,10,76,8,0.8545515394912986
927,False,False,146818,HistGradientBoostingClassifier,1,5,10,77,8,0.848995983935743
928,False,False,146818,HistGradientBoostingClassifier,1,5,10,78,8,0.8545515394912986
929,False,False,146818,HistGradientBoostingClassifier,1,5,10,79,8,0.8545515394912986
930,False,False,146818,HistGradientBoostingClassifier,1,5,10,80,8,0.8545515394912986
931,False,False,146818,HistGradientBoostingClassifier,1,5,10,81,8,0.8545515394912986
932,False,False,146818,HistGradientBoostingClassifier,1,5,10,82,8,0.8545515394912986
933,False,False,146818,HistGradientBoostingClassifier,1,5,10,83,8,0.8545515394912986
934,False,False,146818,HistGradientBoostingClassifier,1,5,10,84,8,0.8545515394912986
935,False,False,146818,HistGradientBoostingClassifier,1,5,10,85,8,0.8545515394912986
936,False,False,146818,HistGradientBoostingClassifier,1,5,10,86,8,0.8545515394912986
937,False,False,146818,HistGradientBoostingClassifier,1,5,10,87,8,0.8545515394912986
938,False,False,146818,HistGradientBoostingClassifier,1,5,10,88,8,0.8545515394912986
939,False,False,146818,HistGradientBoostingClassifier,1,5,10,89,8,0.8545515394912986
940,False,False,146818,HistGradientBoostingClassifier,1,5,10,90,8,0.8545515394912986
941,False,False,146818,HistGradientBoostingClassifier,1,5,10,91,8,0.8545515394912986
942,False,False,146818,HistGradientBoostingClassifier,1,5,10,92,8,0.8545515394912986
943,False,False,146818,HistGradientBoostingClassifier,1,5,10,93,8,0.8545515394912986
944,False,False,146818,HistGradientBoostingClassifier,1,5,10,94,8,0.8545515394912986
945,False,False,146818,HistGradientBoostingClassifier,1,5,10,95,8,0.8545515394912986
946,False,False,146818,HistGradientBoostingClassifier,1,5,10,96,8,0.8545515394912986
947,False,False,146818,HistGradientBoostingClassifier,1,5,10,97,8,0.8545515394912986
948,False,False,146818,HistGradientBoostingClassifier,1,5,10,98,8,0.8545515394912986
949,False,False,146818,HistGradientBoostingClassifier,1,5,10,99,8,0.8545515394912986
950,False,False,146818,RandomForestClassifier,1,5,10,50,8,0.8536144578313254
951,False,False,146818,RandomForestClassifier,1,5,10,51,8,0.8429718875502008
952,False,False,146818,RandomForestClassifier,1,5,10,52,8,0.8605756358768407
953,False,False,146818,RandomForestClassifier,1,5,10,53,8,0.8605756358768407
954,False,False,146818,RandomForestClassifier,1,5,10,54,8,0.8605756358768407
955,False,False,146818,RandomForestClassifier,1,5,10,55,8,0.8665997322623828
956,False,False,146818,RandomForestClassifier,1,5,10,56,8,0.8665997322623828
957,False,False,146818,RandomForestClassifier,1,5,10,57,8,0.8610441767068273
958,False,False,146818,RandomForestClassifier,1,5,10,58,8,0.8610441767068273
959,False,False,146818,RandomForestClassifier,1,5,10,59,8,0.8665997322623828
960,False,False,146818,RandomForestClassifier,1,5,10,60,8,0.8550200803212852
961,False,False,146818,RandomForestClassifier,1,5,10,61,8,0.8605756358768407
962,False,False,146818,RandomForestClassifier,1,5,10,62,8,0.8610441767068273
963,False,False,146818,RandomForestClassifier,1,5,10,63,8,0.8605756358768407
964,False,False,146818,RandomForestClassifier,1,5,10,64,8,0.8550200803212852
965,False,False,146818,RandomForestClassifier,1,5,10,65,8,0.8610441767068273
966,False,False,146818,RandomForestClassifier,1,5,10,66,8,0.8610441767068273
967,False,False,146818,RandomForestClassifier,1,5,10,67,8,0.8665997322623828
968,False,False,146818,RandomForestClassifier,1,5,10,68,8,0.8610441767068273
969,False,False,146818,RandomForestClassifier,1,5,10,69,8,0.8610441767068273
970,False,False,146818,RandomForestClassifier,1,5,10,70,8,0.8610441767068273
971,False,False,146818,RandomForestClassifier,1,5,10,71,8,0.8610441767068273
972,False,False,146818,RandomForestClassifier,1,5,10,72,8,0.8610441767068273
973,False,False,146818,RandomForestClassifier,1,5,10,73,8,0.8610441767068273
974,False,False,146818,RandomForestClassifier,1,5,10,74,8,0.8610441767068273
975,False,False,146818,RandomForestClassifier,1,5,10,75,8,0.8665997322623828
976,False,False,146818,RandomForestClassifier,1,5,10,76,8,0.8665997322623828
977,False,False,146818,RandomForestClassifier,1,5,10,77,8,0.8610441767068273
978,False,False,146818,RandomForestClassifier,1,5,10,78,8,0.8665997322623828
979,False,False,146818,RandomForestClassifier,1,5,10,79,8,0.8665997322623828
980,False,False,146818,RandomForestClassifier,1,5,10,80,8,0.8665997322623828
981,False,False,146818,RandomForestClassifier,1,5,10,81,8,0.8665997322623828
982,False,False,146818,RandomForestClassifier,1,5,10,82,8,0.8665997322623828
983,False,False,146818,RandomForestClassifier,1,5,10,83,8,0.8665997322623828
984,False,False,146818,RandomForestClassifier,1,5,10,84,8,0.8665997322623828
985,False,False,146818,RandomForestClassifier,1,5,10,85,8,0.8665997322623828
986,False,False,146818,RandomForestClassifier,1,5,10,86,8,0.8665997322623828
987,False,False,146818,RandomForestClassifier,1,5,10,87,8,0.8665997322623828
988,False,False,146818,RandomForestClassifier,1,5,10,88,8,0.8665997322623828
989,False,False,146818,RandomForestClassifier,1,5,10,89,8,0.8665997322623828
990,False,False,146818,RandomForestClassifier,1,5,10,90,8,0.8665997322623828
991,False,False,146818,RandomForestClassifier,1,5,10,91,8,0.8665997322623828
992,False,False,146818,RandomForestClassifier,1,5,10,92,8,0.8665997322623828
993,False,False,146818,RandomForestClassifier,1,5,10,93,8,0.8665997322623828
994,False,False,146818,RandomForestClassifier,1,5,10,94,8,0.8665997322623828
995,False,False,146818,RandomForestClassifier,1,5,10,95,8,0.8665997322623828
996,False,False,146818,RandomForestClassifier,1,5,10,96,8,0.8665997322623828
997,False,False,146818,RandomForestClassifier,1,5,10,97,8,0.8665997322623828
998,False,False,146818,RandomForestClassifier,1,5,10,98,8,0.8665997322623828
999,False,False,146818,RandomForestClassifier,1,5,10,99,8,0.8665997322623828
1000,False,False,146818,DecisionTreeClassifier,1,5,10,50,8,0.8369477911646587
1001,False,False,146818,DecisionTreeClassifier,1,5,10,51,8,0.8174698795180724
1002,False,False,146818,DecisionTreeClassifier,1,5,10,52,8,0.807764390896921
1003,False,False,146818,DecisionTreeClassifier,1,5,10,53,8,0.81285140562249
1004,False,False,146818,DecisionTreeClassifier,1,5,10,54,8,0.8253681392235609
1005,False,False,146818,DecisionTreeClassifier,1,5,10,55,8,0.8248995983935743
1006,False,False,146818,DecisionTreeClassifier,1,5,10,56,8,0.8253681392235609
1007,False,False,146818,DecisionTreeClassifier,1,5,10,57,8,0.8248995983935743
1008,False,False,146818,DecisionTreeClassifier,1,5,10,58,8,0.831392235609103
1009,False,False,146818,DecisionTreeClassifier,1,5,10,59,8,0.8425033467202142
1010,False,False,146818,DecisionTreeClassifier,1,5,10,60,8,0.8434404283801874
1011,False,False,146818,DecisionTreeClassifier,1,5,10,61,8,0.831392235609103
1012,False,False,146818,DecisionTreeClassifier,1,5,10,62,8,0.8318607764390897
1013,False,False,146818,DecisionTreeClassifier,1,5,10,63,8,0.8374163319946453
1014,False,False,146818,DecisionTreeClassifier,1,5,10,64,8,0.8263052208835342
1015,False,False,146818,DecisionTreeClassifier,1,5,10,65,8,0.8318607764390897
1016,False,False,146818,DecisionTreeClassifier,1,5,10,66,8,0.8323293172690763
1017,False,False,146818,DecisionTreeClassifier,1,5,10,67,8,0.8378848728246319
1018,False,False,146818,DecisionTreeClassifier,1,5,10,68,8,0.8383534136546185
1019,False,False,146818,DecisionTreeClassifier,1,5,10,69,8,0.8378848728246319
1020,False,False,146818,DecisionTreeClassifier,1,5,10,70,8,0.8383534136546185
1021,False,False,146818,DecisionTreeClassifier,1,5,10,71,8,0.8318607764390897
1022,False,False,146818,DecisionTreeClassifier,1,5,10,72,8,0.8378848728246319
1023,False,False,146818,DecisionTreeClassifier,1,5,10,73,8,0.8318607764390897
1024,False,False,146818,DecisionTreeClassifier,1,5,10,74,8,0.8383534136546185
1025,False,False,146818,DecisionTreeClassifier,1,5,10,75,8,0.8318607764390897
1026,False,False,146818,DecisionTreeClassifier,1,5,10,76,8,0.8378848728246319
1027,False,False,146818,DecisionTreeClassifier,1,5,10,77,8,0.8378848728246319
1028,False,False,146818,DecisionTreeClassifier,1,5,10,78,8,0.843908969210174
1029,False,False,146818,DecisionTreeClassifier,1,5,10,79,8,0.8378848728246319
1030,False,False,146818,DecisionTreeClassifier,1,5,10,80,8,0.843908969210174
1031,False,False,146818,DecisionTreeClassifier,1,5,10,81,8,0.8318607764390897
1032,False,False,146818,DecisionTreeClassifier,1,5,10,82,8,0.8378848728246319
1033,False,False,146818,DecisionTreeClassifier,1,5,10,83,8,0.8318607764390897
1034,False,False,146818,DecisionTreeClassifier,1,5,10,84,8,0.8263052208835342
1035,False,False,146818,DecisionTreeClassifier,1,5,10,85,8,0.8263052208835342
1036,False,False,146818,DecisionTreeClassifier,1,5,10,86,8,0.8323293172690763
1037,False,False,146818,DecisionTreeClassifier,1,5,10,87,8,0.8263052208835342
1038,False,False,146818,DecisionTreeClassifier,1,5,10,88,8,0.8323293172690763
1039,False,False,146818,DecisionTreeClassifier,1,5,10,89,8,0.8323293172690763
1040,False,False,146818,DecisionTreeClassifier,1,5,10,90,8,0.8323293172690763
1041,False,False,146818,DecisionTreeClassifier,1,5,10,91,8,0.8323293172690763
1042,False,False,146818,DecisionTreeClassifier,1,5,10,92,8,0.8383534136546185
1043,False,False,146818,DecisionTreeClassifier,1,5,10,93,8,0.8383534136546185
1044,False,False,146818,DecisionTreeClassifier,1,5,10,94,8,0.8327978580990629
1045,False,False,146818,DecisionTreeClassifier,1,5,10,95,8,0.8378848728246319
1046,False,False,146818,DecisionTreeClassifier,1,5,10,96,8,0.8267737617135207
1047,False,False,146818,DecisionTreeClassifier,1,5,10,97,8,0.8323293172690763
1048,False,False,146818,DecisionTreeClassifier,1,5,10,98,8,0.8327978580990629
1049,False,False,146818,DecisionTreeClassifier,1,5,10,99,8,0.8383534136546185
1050,False,False,146818,LinearDiscriminantAnalysis,1,5,10,50,8,0.8601070950468541
1051,False,False,146818,LinearDiscriminantAnalysis,1,5,10,51,8,0.8545515394912986
1052,False,False,146818,LinearDiscriminantAnalysis,1,5,10,52,8,0.848995983935743
1053,False,False,146818,LinearDiscriminantAnalysis,1,5,10,53,8,0.8601070950468541
1054,False,False,146818,LinearDiscriminantAnalysis,1,5,10,54,8,0.8601070950468541
1055,False,False,146818,LinearDiscriminantAnalysis,1,5,10,55,8,0.8545515394912986
1056,False,False,146818,LinearDiscriminantAnalysis,1,5,10,56,8,0.8601070950468541
1057,False,False,146818,LinearDiscriminantAnalysis,1,5,10,57,8,0.8601070950468541
1058,False,False,146818,LinearDiscriminantAnalysis,1,5,10,58,8,0.8601070950468541
1059,False,False,146818,LinearDiscriminantAnalysis,1,5,10,59,8,0.8601070950468541
1060,False,False,146818,LinearDiscriminantAnalysis,1,5,10,60,8,0.8601070950468541
1061,False,False,146818,LinearDiscriminantAnalysis,1,5,10,61,8,0.8601070950468541
1062,False,False,146818,LinearDiscriminantAnalysis,1,5,10,62,8,0.8601070950468541
1063,False,False,146818,LinearDiscriminantAnalysis,1,5,10,63,8,0.8601070950468541
1064,False,False,146818,LinearDiscriminantAnalysis,1,5,10,64,8,0.8601070950468541
1065,False,False,146818,LinearDiscriminantAnalysis,1,5,10,65,8,0.8601070950468541
1066,False,False,146818,LinearDiscriminantAnalysis,1,5,10,66,8,0.8601070950468541
1067,False,False,146818,LinearDiscriminantAnalysis,1,5,10,67,8,0.8601070950468541
1068,False,False,146818,LinearDiscriminantAnalysis,1,5,10,68,8,0.8601070950468541
1069,False,False,146818,LinearDiscriminantAnalysis,1,5,10,69,8,0.8601070950468541
1070,False,False,146818,LinearDiscriminantAnalysis,1,5,10,70,8,0.8601070950468541
1071,False,False,146818,LinearDiscriminantAnalysis,1,5,10,71,8,0.8601070950468541
1072,False,False,146818,LinearDiscriminantAnalysis,1,5,10,72,8,0.8601070950468541
1073,False,False,146818,LinearDiscriminantAnalysis,1,5,10,73,8,0.8601070950468541
1074,False,False,146818,LinearDiscriminantAnalysis,1,5,10,74,8,0.8601070950468541
1075,False,False,146818,LinearDiscriminantAnalysis,1,5,10,75,8,0.8601070950468541
1076,False,False,146818,LinearDiscriminantAnalysis,1,5,10,76,8,0.8601070950468541
1077,False,False,146818,LinearDiscriminantAnalysis,1,5,10,77,8,0.8601070950468541
1078,False,False,146818,LinearDiscriminantAnalysis,1,5,10,78,8,0.8601070950468541
1079,False,False,146818,LinearDiscriminantAnalysis,1,5,10,79,8,0.8601070950468541
1080,False,False,146818,LinearDiscriminantAnalysis,1,5,10,80,8,0.8601070950468541
1081,False,False,146818,LinearDiscriminantAnalysis,1,5,10,81,8,0.8601070950468541
1082,False,False,146818,LinearDiscriminantAnalysis,1,5,10,82,8,0.8601070950468541
1083,False,False,146818,LinearDiscriminantAnalysis,1,5,10,83,8,0.8601070950468541
1084,False,False,146818,LinearDiscriminantAnalysis,1,5,10,84,8,0.8601070950468541
1085,False,False,146818,LinearDiscriminantAnalysis,1,5,10,85,8,0.8601070950468541
1086,False,False,146818,LinearDiscriminantAnalysis,1,5,10,86,8,0.8601070950468541
1087,False,False,146818,LinearDiscriminantAnalysis,1,5,10,87,8,0.8601070950468541
1088,False,False,146818,LinearDiscriminantAnalysis,1,5,10,88,8,0.8601070950468541
1089,False,False,146818,LinearDiscriminantAnalysis,1,5,10,89,8,0.8601070950468541
1090,False,False,146818,LinearDiscriminantAnalysis,1,5,10,90,8,0.8601070950468541
1091,False,False,146818,LinearDiscriminantAnalysis,1,5,10,91,8,0.8601070950468541
1092,False,False,146818,LinearDiscriminantAnalysis,1,5,10,92,8,0.8601070950468541
1093,False,False,146818,LinearDiscriminantAnalysis,1,5,10,93,8,0.8601070950468541
1094,False,False,146818,LinearDiscriminantAnalysis,1,5,10,94,8,0.8601070950468541
1095,False,False,146818,LinearDiscriminantAnalysis,1,5,10,95,8,0.8601070950468541
1096,False,False,146818,LinearDiscriminantAnalysis,1,5,10,96,8,0.8601070950468541
1097,False,False,146818,LinearDiscriminantAnalysis,1,5,10,97,8,0.8601070950468541
1098,False,False,146818,LinearDiscriminantAnalysis,1,5,10,98,8,0.8601070950468541
1099,False,False,146818,LinearDiscriminantAnalysis,1,5,10,99,8,0.8601070950468541
1100,False,False,146818,GradientBoostingClassifier,1,5,10,50,8,0.8369477911646587
1101,False,False,146818,GradientBoostingClassifier,1,5,10,51,8,0.8429718875502008
1102,False,False,146818,GradientBoostingClassifier,1,5,10,52,8,0.8545515394912986
1103,False,False,146818,GradientBoostingClassifier,1,5,10,53,8,0.8545515394912986
1104,False,False,146818,GradientBoostingClassifier,1,5,10,54,8,0.8605756358768407
1105,False,False,146818,GradientBoostingClassifier,1,5,10,55,8,0.8605756358768407
1106,False,False,146818,GradientBoostingClassifier,1,5,10,56,8,0.8605756358768407
1107,False,False,146818,GradientBoostingClassifier,1,5,10,57,8,0.8605756358768407
1108,False,False,146818,GradientBoostingClassifier,1,5,10,58,8,0.8605756358768407
1109,False,False,146818,GradientBoostingClassifier,1,5,10,59,8,0.8550200803212852
1110,False,False,146818,GradientBoostingClassifier,1,5,10,60,8,0.8550200803212852
1111,False,False,146818,GradientBoostingClassifier,1,5,10,61,8,0.8550200803212852
1112,False,False,146818,GradientBoostingClassifier,1,5,10,62,8,0.8550200803212852
1113,False,False,146818,GradientBoostingClassifier,1,5,10,63,8,0.8550200803212852
1114,False,False,146818,GradientBoostingClassifier,1,5,10,64,8,0.8605756358768407
1115,False,False,146818,GradientBoostingClassifier,1,5,10,65,8,0.8550200803212852
1116,False,False,146818,GradientBoostingClassifier,1,5,10,66,8,0.8605756358768407
1117,False,False,146818,GradientBoostingClassifier,1,5,10,67,8,0.8605756358768407
1118,False,False,146818,GradientBoostingClassifier,1,5,10,68,8,0.8605756358768407
1119,False,False,146818,GradientBoostingClassifier,1,5,10,69,8,0.8605756358768407
1120,False,False,146818,GradientBoostingClassifier,1,5,10,70,8,0.8605756358768407
1121,False,False,146818,GradientBoostingClassifier,1,5,10,71,8,0.8605756358768407
1122,False,False,146818,GradientBoostingClassifier,1,5,10,72,8,0.8605756358768407
1123,False,False,146818,GradientBoostingClassifier,1,5,10,73,8,0.8605756358768407
1124,False,False,146818,GradientBoostingClassifier,1,5,10,74,8,0.8605756358768407
1125,False,False,146818,GradientBoostingClassifier,1,5,10,75,8,0.8605756358768407
1126,False,False,146818,GradientBoostingClassifier,1,5,10,76,8,0.8605756358768407
1127,False,False,146818,GradientBoostingClassifier,1,5,10,77,8,0.8605756358768407
1128,False,False,146818,GradientBoostingClassifier,1,5,10,78,8,0.8605756358768407
1129,False,False,146818,GradientBoostingClassifier,1,5,10,79,8,0.8605756358768407
1130,False,False,146818,GradientBoostingClassifier,1,5,10,80,8,0.8605756358768407
1131,False,False,146818,GradientBoostingClassifier,1,5,10,81,8,0.8605756358768407
1132,False,False,146818,GradientBoostingClassifier,1,5,10,82,8,0.8605756358768407
1133,False,False,146818,GradientBoostingClassifier,1,5,10,83,8,0.8605756358768407
1134,False,False,146818,GradientBoostingClassifier,1,5,10,84,8,0.8605756358768407
1135,False,False,146818,GradientBoostingClassifier,1,5,10,85,8,0.8605756358768407
1136,False,False,146818,GradientBoostingClassifier,1,5,10,86,8,0.8605756358768407
1137,False,False,146818,GradientBoostingClassifier,1,5,10,87,8,0.8605756358768407
1138,False,False,146818,GradientBoostingClassifier,1,5,10,88,8,0.8605756358768407
1139,False,False,146818,GradientBoostingClassifier,1,5,10,89,8,0.8605756358768407
1140,False,False,146818,GradientBoostingClassifier,1,5,10,90,8,0.8605756358768407
1141,False,False,146818,GradientBoostingClassifier,1,5,10,91,8,0.8605756358768407
1142,False,False,146818,GradientBoostingClassifier,1,5,10,92,8,0.8605756358768407
1143,False,False,146818,GradientBoostingClassifier,1,5,10,93,8,0.8605756358768407
1144,False,False,146818,GradientBoostingClassifier,1,5,10,94,8,0.8605756358768407
1145,False,False,146818,GradientBoostingClassifier,1,5,10,95,8,0.8605756358768407
1146,False,False,146818,GradientBoostingClassifier,1,5,10,96,8,0.8605756358768407
1147,False,False,146818,GradientBoostingClassifier,1,5,10,97,8,0.8605756358768407
1148,False,False,146818,GradientBoostingClassifier,1,5,10,98,8,0.8605756358768407
1149,False,False,146818,GradientBoostingClassifier,1,5,10,99,8,0.8605756358768407
1150,False,False,146818,MLPClassifier,1,5,10,50,8,0.8179384203480589
1151,False,False,146818,MLPClassifier,1,5,10,51,8,0.8364792503346721
1152,False,False,146818,MLPClassifier,1,5,10,52,8,0.8309236947791165
1153,False,False,146818,MLPClassifier,1,5,10,53,8,0.8425033467202142
1154,False,False,146818,MLPClassifier,1,5,10,54,8,0.8425033467202142
1155,False,False,146818,MLPClassifier,1,5,10,55,8,0.8485274431057563
1156,False,False,146818,MLPClassifier,1,5,10,56,8,0.8485274431057563
1157,False,False,146818,MLPClassifier,1,5,10,57,8,0.8369477911646587
1158,False,False,146818,MLPClassifier,1,5,10,58,8,0.8429718875502008
1159,False,False,146818,MLPClassifier,1,5,10,59,8,0.8369477911646587
1160,False,False,146818,MLPClassifier,1,5,10,60,8,0.831392235609103
1161,False,False,146818,MLPClassifier,1,5,10,61,8,0.831392235609103
1162,False,False,146818,MLPClassifier,1,5,10,62,8,0.831392235609103
1163,False,False,146818,MLPClassifier,1,5,10,63,8,0.8429718875502008
1164,False,False,146818,MLPClassifier,1,5,10,64,8,0.8429718875502008
1165,False,False,146818,MLPClassifier,1,5,10,65,8,0.8429718875502008
1166,False,False,146818,MLPClassifier,1,5,10,66,8,0.8429718875502008
1167,False,False,146818,MLPClassifier,1,5,10,67,8,0.8374163319946453
1168,False,False,146818,MLPClassifier,1,5,10,68,8,0.8429718875502008
1169,False,False,146818,MLPClassifier,1,5,10,69,8,0.8374163319946453
1170,False,False,146818,MLPClassifier,1,5,10,70,8,0.8374163319946453
1171,False,False,146818,MLPClassifier,1,5,10,71,8,0.8374163319946453
1172,False,False,146818,MLPClassifier,1,5,10,72,8,0.8434404283801874
1173,False,False,146818,MLPClassifier,1,5,10,73,8,0.8434404283801874
1174,False,False,146818,MLPClassifier,1,5,10,74,8,0.8434404283801874
1175,False,False,146818,MLPClassifier,1,5,10,75,8,0.8434404283801874
1176,False,False,146818,MLPClassifier,1,5,10,76,8,0.8434404283801874
1177,False,False,146818,MLPClassifier,1,5,10,77,8,0.8434404283801874
1178,False,False,146818,MLPClassifier,1,5,10,78,8,0.8434404283801874
1179,False,False,146818,MLPClassifier,1,5,10,79,8,0.8434404283801874
1180,False,False,146818,MLPClassifier,1,5,10,80,8,0.8434404283801874
1181,False,False,146818,MLPClassifier,1,5,10,81,8,0.8434404283801874
1182,False,False,146818,MLPClassifier,1,5,10,82,8,0.8434404283801874
1183,False,False,146818,MLPClassifier,1,5,10,83,8,0.8434404283801874
1184,False,False,146818,MLPClassifier,1,5,10,84,8,0.8434404283801874
1185,False,False,146818,MLPClassifier,1,5,10,85,8,0.8434404283801874
1186,False,False,146818,MLPClassifier,1,5,10,86,8,0.8434404283801874
1187,False,False,146818,MLPClassifier,1,5,10,87,8,0.8434404283801874
1188,False,False,146818,MLPClassifier,1,5,10,88,8,0.8434404283801874
1189,False,False,146818,MLPClassifier,1,5,10,89,8,0.8374163319946453
1190,False,False,146818,MLPClassifier,1,5,10,90,8,0.8374163319946453
1191,False,False,146818,MLPClassifier,1,5,10,91,8,0.8374163319946453
1192,False,False,146818,MLPClassifier,1,5,10,92,8,0.8374163319946453
1193,False,False,146818,MLPClassifier,1,5,10,93,8,0.8374163319946453
1194,False,False,146818,MLPClassifier,1,5,10,94,8,0.8434404283801874
1195,False,False,146818,MLPClassifier,1,5,10,95,8,0.8434404283801874
1196,False,False,146818,MLPClassifier,1,5,10,96,8,0.8434404283801874
1197,False,False,146818,MLPClassifier,1,5,10,97,8,0.8434404283801874
1198,False,False,146818,MLPClassifier,1,5,10,98,8,0.8434404283801874
1199,False,False,146818,MLPClassifier,1,5,10,99,8,0.8434404283801874
